family,candidate,window,exit_rule,n,sd_net_pts_cost1,sd_net_pts_cost2,mde_at_n,mde_at_200,answerable_at_n
gapliq,T1,CONTEXT,registered,283,15.947459,15.947459,2.357124,2.803887,False
gapliq,T1,CONTEXT,fixed5pts,283,4.949787,4.949787,0.731606,0.870273,True
gapliq,T1,CONTEXT,fixed10pts,283,8.706682,8.706682,1.286896,1.530812,True
gapliq,T1,CONTEXT,fixed20pts,283,12.838674,12.838674,1.897628,2.257300,True
gapliq,T2,CONTEXT,registered,283,17.789634,17.789634,2.629407,3.127779,False
gapliq,T2,CONTEXT,fixed5pts,283,4.990426,4.990426,0.737613,0.877418,True
gapliq,T2,CONTEXT,fixed10pts,283,9.089236,9.089236,1.343440,1.598072,True
gapliq,T2,CONTEXT,fixed20pts,283,13.683054,13.683054,2.022432,2.405759,False
gapliq,T3,CONTEXT,registered,273,15.472863,15.472863,2.328485,2.720444,False
gapliq,T3,CONTEXT,fixed5pts,273,4.930094,4.930094,0.741921,0.866811,True
gapliq,T3,CONTEXT,fixed10pts,273,8.447041,8.447041,1.271181,1.485161,True
gapliq,T3,CONTEXT,fixed20pts,273,11.763537,11.763537,1.770275,2.068269,True
gapliq,T1,SELECTION,registered,120,27.808177,27.808177,6.311985,4.889243,False
gapliq,T1,SELECTION,fixed5pts,120,5.014684,5.014684,1.138248,0.881683,True
gapliq,T1,SELECTION,fixed10pts,120,9.745008,9.745008,2.211952,1.713370,False
gapliq,T1,SELECTION,fixed20pts,120,16.121363,16.121363,3.659276,2.834463,False
gapliq,T2,SELECTION,registered,120,28.652525,28.652525,6.503638,5.037696,False
gapliq,T2,SELECTION,fixed5pts,120,4.950738,4.950738,1.123734,0.870440,True
gapliq,T2,SELECTION,fixed10pts,120,9.901022,9.901022,2.247364,1.740801,False
gapliq,T2,SELECTION,fixed20pts,120,16.522157,16.522157,3.750250,2.904931,False
gapliq,T3,SELECTION,registered,132,34.232526,34.232526,7.408598,6.018774,False
gapliq,T3,SELECTION,fixed5pts,132,4.982411,4.982411,1.078293,0.876009,True
gapliq,T3,SELECTION,fixed10pts,132,9.298096,9.298096,2.012293,1.634794,False
gapliq,T3,SELECTION,fixed20pts,132,14.729975,14.729975,3.187859,2.589829,False
gapliq,T1,HOLDOUT,registered,159,45.150342,45.150342,8.903209,7.938348,False
gapliq,T1,HOLDOUT,fixed5pts,159,5.010935,5.010935,0.988108,0.881024,True
gapliq,T1,HOLDOUT,fixed10pts,159,10.029810,10.029810,1.977781,1.763444,True
gapliq,T1,HOLDOUT,fixed20pts,159,19.577993,19.577993,3.860590,3.442209,False
gapliq,T2,HOLDOUT,registered,159,50.699290,50.699290,9.997407,8.913966,False
gapliq,T2,HOLDOUT,fixed5pts,159,5.010935,5.010935,0.988108,0.881024,True
gapliq,T2,HOLDOUT,fixed10pts,159,10.026634,10.026634,1.977155,1.762886,True
gapliq,T2,HOLDOUT,fixed20pts,159,19.645791,19.645791,3.873959,3.454129,False
gapliq,T3,HOLDOUT,registered,154,48.010546,48.010546,9.619674,8.441230,False
gapliq,T3,HOLDOUT,fixed5pts,154,4.964863,4.964863,0.994789,0.872924,True
gapliq,T3,HOLDOUT,fixed10pts,154,9.840421,9.840421,1.971684,1.730146,True
gapliq,T3,HOLDOUT,fixed20pts,154,19.154339,19.154339,3.837875,3.367722,False
flatten,U1,CONTEXT,registered,254,16.283168,16.283168,2.540423,2.862912,False
flatten,U1,CONTEXT,atr0.5x,254,1.698657,1.698657,0.265017,0.298658,True
flatten,U1,CONTEXT,atr1.0x,254,3.390614,3.390614,0.528988,0.596139,True
flatten,U1,CONTEXT,atr1.5x,254,5.095878,5.095878,0.795035,0.895959,True
flatten,U1,CONTEXT,atr2.0x,254,6.742676,6.742676,1.051961,1.185500,True
flatten,U1,CONTEXT,fixed5pts,254,4.909476,4.909476,0.765953,0.863186,True
flatten,U1,CONTEXT,fixed10pts,254,8.560651,8.560651,1.335593,1.505136,True
flatten,U1,CONTEXT,fixed20pts,254,12.578012,12.578012,1.962362,2.211470,True
flatten,U2,CONTEXT,registered,326,9.529848,9.529848,1.312385,1.675541,True
flatten,U2,CONTEXT,atr0.5x,326,1.144892,1.144892,0.157667,0.201295,True
flatten,U2,CONTEXT,atr1.0x,326,2.294609,2.294609,0.315998,0.403439,True
flatten,U2,CONTEXT,atr1.5x,326,3.435262,3.435262,0.473081,0.603989,True
flatten,U2,CONTEXT,atr2.0x,326,4.556476,4.556476,0.627486,0.801121,True
flatten,U2,CONTEXT,fixed5pts,326,4.717644,4.717644,0.649681,0.829458,True
flatten,U2,CONTEXT,fixed10pts,326,7.151752,7.151752,0.984890,1.257423,True
flatten,U2,CONTEXT,fixed20pts,326,8.588366,8.588366,1.182731,1.510009,True
flatten,U3,CONTEXT,registered,247,13.192313,13.192313,2.087164,2.319477,False
flatten,U3,CONTEXT,atr0.5x,247,1.655015,1.655015,0.261841,0.290985,True
flatten,U3,CONTEXT,atr1.0x,247,3.316210,3.316210,0.524660,0.583057,True
flatten,U3,CONTEXT,atr1.5x,247,4.944405,4.944405,0.782257,0.869327,True
flatten,U3,CONTEXT,atr2.0x,247,6.551215,6.551215,1.036472,1.151837,True
flatten,U3,CONTEXT,fixed5pts,247,4.745736,4.745736,0.750826,0.834397,True
flatten,U3,CONTEXT,fixed10pts,247,7.948175,7.948175,1.257486,1.397451,True
flatten,U3,CONTEXT,fixed20pts,247,11.635564,11.635564,1.840870,2.045769,True
flatten,U1,SELECTION,registered,102,33.469818,33.469818,8.240192,5.884674,False
flatten,U1,SELECTION,atr0.5x,102,3.030136,3.030136,0.746013,0.532760,True
flatten,U1,SELECTION,atr1.0x,102,6.072037,6.072037,1.494922,1.067587,True
flatten,U1,SELECTION,atr1.5x,102,9.061915,9.061915,2.231023,1.593269,False
flatten,U1,SELECTION,atr2.0x,102,12.097859,12.097859,2.978465,2.127049,False
flatten,U1,SELECTION,fixed5pts,102,5.020826,5.020826,1.236116,0.882763,True
flatten,U1,SELECTION,fixed10pts,102,9.316677,9.316677,2.293744,1.638061,False
flatten,U1,SELECTION,fixed20pts,102,16.182781,16.182781,3.984163,2.845262,False
flatten,U2,SELECTION,registered,343,15.373823,15.373823,2.064044,2.703031,False
flatten,U2,SELECTION,atr0.5x,343,1.605253,1.605253,0.215516,0.282236,True
flatten,U2,SELECTION,atr1.0x,343,3.207245,3.207245,0.430595,0.563899,True
flatten,U2,SELECTION,atr1.5x,343,4.815607,4.815607,0.646529,0.846682,True
flatten,U2,SELECTION,atr2.0x,343,6.393408,6.393408,0.858360,1.124091,True
flatten,U2,SELECTION,fixed5pts,343,4.918135,4.918135,0.660294,0.864708,True
flatten,U2,SELECTION,fixed10pts,343,8.235088,8.235088,1.105618,1.447896,True
flatten,U2,SELECTION,fixed20pts,343,11.828594,11.828594,1.588072,2.079707,True
flatten,U3,SELECTION,registered,105,29.216990,29.216990,7.089652,5.136941,False
flatten,U3,SELECTION,atr0.5x,105,2.832168,2.832168,0.687240,0.497953,True
flatten,U3,SELECTION,atr1.0x,105,5.694541,5.694541,1.381809,1.001216,True
flatten,U3,SELECTION,atr1.5x,105,8.440708,8.440708,2.048181,1.484048,False
flatten,U3,SELECTION,atr2.0x,105,11.163247,11.163247,2.708819,1.962726,False
flatten,U3,SELECTION,fixed5pts,105,4.911623,4.911623,1.191830,0.863563,True
flatten,U3,SELECTION,fixed10pts,105,9.006728,9.006728,2.185528,1.583566,False
flatten,U3,SELECTION,fixed20pts,105,14.771779,14.771779,3.584448,2.597179,False
flatten,U1,HOLDOUT,registered,144,44.699132,44.699132,9.261939,7.859016,False
flatten,U1,HOLDOUT,atr0.5x,144,5.074943,5.074943,1.051560,0.892278,True
flatten,U1,HOLDOUT,atr1.0x,144,10.158719,10.158719,2.104950,1.786109,False
flatten,U1,HOLDOUT,atr1.5x,144,15.234575,15.234575,3.156699,2.678548,False
flatten,U1,HOLDOUT,atr2.0x,144,20.088787,20.088787,4.162522,3.532017,False
flatten,U1,HOLDOUT,fixed5pts,144,5.009703,5.009703,1.038042,0.880808,True
flatten,U1,HOLDOUT,fixed10pts,144,10.002736,10.002736,2.072629,1.758684,False
flatten,U1,HOLDOUT,fixed20pts,144,19.181911,19.181911,3.974612,3.372570,False
flatten,U2,HOLDOUT,registered,299,33.650814,33.650814,4.838871,5.916497,False
flatten,U2,HOLDOUT,atr0.5x,299,3.705940,3.705940,0.532901,0.651580,True
flatten,U2,HOLDOUT,atr1.0x,299,7.420970,7.420970,1.067110,1.304757,True
flatten,U2,HOLDOUT,atr1.5x,299,11.109887,11.109887,1.597563,1.953344,True
flatten,U2,HOLDOUT,atr2.0x,299,14.641141,14.641141,2.105346,2.574210,False
flatten,U2,HOLDOUT,fixed5pts,299,5.000281,5.000281,0.719023,0.879151,True
flatten,U2,HOLDOUT,fixed10pts,299,9.950301,9.950301,1.430819,1.749465,True
flatten,U2,HOLDOUT,fixed20pts,299,17.802648,17.802648,2.559959,3.130067,False
flatten,U3,HOLDOUT,registered,166,31.592041,31.592041,6.096881,5.554523,False
flatten,U3,HOLDOUT,atr0.5x,166,5.143004,5.143004,0.992537,0.904245,True
flatten,U3,HOLDOUT,atr1.0x,166,10.309480,10.309480,1.989605,1.812616,True
flatten,U3,HOLDOUT,atr1.5x,166,15.287479,15.287479,2.950298,2.687849,False
flatten,U3,HOLDOUT,atr2.0x,166,15.832889,15.832889,3.055556,2.783744,False
flatten,U3,HOLDOUT,fixed5pts,166,5.011852,5.011852,0.967227,0.881185,True
flatten,U3,HOLDOUT,fixed10pts,166,9.902104,9.902104,1.910986,1.740991,True
flatten,U3,HOLDOUT,fixed20pts,166,18.241127,18.241127,3.520316,3.207161,False
pre_registered,13:00|call|gap>0.3%,HOLDOUT,registered,452,25.394759,25.394759,2.970017,4.464915,False
pre_registered,13:00|call|gap>0.3%,HOLDOUT,atr0.5x,452,2.547521,2.547521,0.297943,0.447906,True
pre_registered,13:00|call|gap>0.3%,HOLDOUT,atr1.0x,452,5.095068,5.095068,0.595888,0.895817,True
pre_registered,13:00|call|gap>0.3%,HOLDOUT,atr1.5x,452,7.574306,7.574306,0.885845,1.331717,True
pre_registered,13:00|call|gap>0.3%,HOLDOUT,atr2.0x,452,10.048998,10.048998,1.175270,1.766818,True
pre_registered,13:00|call|gap>0.3%,HOLDOUT,fixed5pts,452,4.985733,4.985733,0.583101,0.876593,True
pre_registered,13:00|call|gap>0.3%,HOLDOUT,fixed10pts,452,9.444889,9.444889,1.104617,1.660603,True
pre_registered,13:00|call|gap>0.3%,HOLDOUT,fixed20pts,452,15.733265,15.733265,1.840067,2.766228,True
pre_registered,15:00|both|vixmove_exp,HOLDOUT,registered,274,21.903887,21.903887,3.290258,3.851149,False
pre_registered,15:00|both|vixmove_exp,HOLDOUT,atr0.5x,274,3.712096,3.712096,0.557607,0.652662,True
pre_registered,15:00|both|vixmove_exp,HOLDOUT,atr1.0x,274,7.295785,7.295785,1.095925,1.282747,True
pre_registered,15:00|both|vixmove_exp,HOLDOUT,atr1.5x,274,10.585351,10.585351,1.590062,1.861120,True
pre_registered,15:00|both|vixmove_exp,HOLDOUT,atr2.0x,274,13.832607,13.832607,2.077844,2.432054,False
pre_registered,15:00|both|vixmove_exp,HOLDOUT,fixed5pts,274,4.893331,4.893331,0.735044,0.860347,True
pre_registered,15:00|both|vixmove_exp,HOLDOUT,fixed10pts,274,9.355794,9.355794,1.405366,1.644939,True
pre_registered,15:00|both|vixmove_exp,HOLDOUT,fixed20pts,274,14.715417,14.715417,2.210453,2.587269,False
