feed,year,month,step_open,step_0830,step_0930,step_1030,gridstep_open,gridstep_0830,gridstep_0930,gridstep_1030,ok,threadB_detect_open,sunday_first_bar,sessions
ext,2021,1,08:30,0.7438,-0.0096,-0.0213,09:30,0.0064,0.1691,-0.0227,True,08:40,n/a,19
ext,2021,7,10:30,-0.7866,-0.0493,0.0025,09:30,0.0217,0.1337,0.0026,True,08:26,n/a,21
ext,2022,1,10:30,-1.3216,-0.1417,-0.0191,09:30,0.0332,0.2685,-0.0199,True,09:11,n/a,20
ext,2022,7,10:30,-0.4957,-0.4215,-0.0246,09:30,0.2009,0.2631,-0.0244,True,09:03,n/a,20
ext,2023,1,08:30,0.014,-1.2412,0.0043,09:30,0.0025,0.2363,0.0043,True,08:58,n/a,20
ext,2023,7,08:30,,-1.1708,0.0001,09:30,,0.1481,-0.0005,True,09:41,n/a,20
ext,2024,1,08:30,,-0.4496,0.0082,09:30,,0.1261,0.0081,True,10:01,n/a,21
ext,2024,7,08:30,,-0.6613,-0.0083,09:30,0.0,0.1665,-0.0073,True,09:58,n/a,22
ext,2025,1,08:30,1.19,-1.4352,-0.0093,09:30,-0.0413,0.2278,-0.0109,True,08:46,n/a,20
ext,2025,7,08:30,1.0894,-0.0663,-0.0042,09:30,0.0209,0.1488,-0.0039,True,09:10,n/a,22
ext,2026,1,08:30,0.1763,-0.0506,-0.0348,09:30,0.0189,0.2279,-0.0348,True,08:31,n/a,20
ext,2026,7,08:30,0.2285,,-0.012,09:30,0.0474,0.3212,-0.012,True,08:16,n/a,22
