trial,cost,n,n_skipped,win,mean_pct,median_pct,worst_pct,mean_usd,p_boot_day,sharpe_calday,dsr_N39,e2_minus_e3_pct,p_e2_vs_e3,underpowered,spec
E1,0.000000,646,29,39.318885,-3.550573,-21.668069,-90.784983,-0.121238,1.000000,-0.683544,0.000000,,,False,"FIXED (pre-registration, A42): E1 every session, nearest-ATM call and put at the 09:31 bar close, held to 15:59; E2 the published FOMC-statement-day schedule (21 dates, 2024-2026), nearest-ATM call and put at the 13:30 bar close, held to 15:59 (n ~ 20 -> UNDERPOWERED by construction, never promoted); E3 the E2 rule on every non-FOMC session (E2 and E3 exactly partition E1's day population). Nearest-ATM strike: the day's SPX-point minute close at the trial's own entry minute (sessions.build_extended), divided by 10 for a SPY-dollar reference, nearest available strike among either right that day, ties toward the smaller strike; the SAME strike prices both legs. Entry = the leg's bar close at the exact entry minute, else the next available bar's open; exit = the bar close at the exact 15:59 minute, else the last available bar at/before 15:59 after entry; a leg with neither at either end skips and counts the whole day (never a lone naked leg). Costs $0/$0.10/$0.20 round trip, charged ONCE per two-leg trade (never split or halved across the legs). P&L in SPY dollars (raw per-share bar prices, no x100 multiplier) and in % of total premium paid; win/mean/median/worst/mean_usd are net of that row's own cost. Day population: sessions.trading_days_from_vix() restricted to the loaded file's own [min(expiry), max(expiry)] -- one out-of-sample window by construction, no CONTEXT/SELECTION/HOLDOUT split. p_boot_day: pipeline.stats.one_sided_p, day blocks, n_boot 2000, seed 11, zero-filled over the trial's OWN day population for sharpe_calday. DSR at N=39 (family 36->39) per cost row, using this run's own three trials' per-trade Sharpe AT THAT COST as the SR0 pool. e2_minus_e3_pct/p_e2_vs_e3 (E2 rows only): E2 mean_pct - E3 mean_pct per cost, with a NEW two-sample day-block bootstrap p (two-sided, n_boot 2000, seed 11, NaN below 20 distinct days on either side) -- not pipeline.stats's one-sample convention, since E2/E3 are two disjoint day-sets being compared to each other, not one sample against zero. underpowered = n < 200. On ANY exception (including the 0DTE file being absent) this unit writes header-only outputs and exits 0, exactly pipeline.units.letf's (A38) contract, not pipeline.units._gh.run's empty-file+.error+exit-2 convention used by the rest of the fleet (A32) -- this pre-registered, not-yet-runnable candidate must never fail `make all` before its data exists."
E2,0.000000,20,0,25.000000,1.039341,-43.116574,-86.363636,-0.378500,0.483500,0.109696,0.212450,12.038829,0.700000,True,"FIXED (pre-registration, A42): E1 every session, nearest-ATM call and put at the 09:31 bar close, held to 15:59; E2 the published FOMC-statement-day schedule (21 dates, 2024-2026), nearest-ATM call and put at the 13:30 bar close, held to 15:59 (n ~ 20 -> UNDERPOWERED by construction, never promoted); E3 the E2 rule on every non-FOMC session (E2 and E3 exactly partition E1's day population). Nearest-ATM strike: the day's SPX-point minute close at the trial's own entry minute (sessions.build_extended), divided by 10 for a SPY-dollar reference, nearest available strike among either right that day, ties toward the smaller strike; the SAME strike prices both legs. Entry = the leg's bar close at the exact entry minute, else the next available bar's open; exit = the bar close at the exact 15:59 minute, else the last available bar at/before 15:59 after entry; a leg with neither at either end skips and counts the whole day (never a lone naked leg). Costs $0/$0.10/$0.20 round trip, charged ONCE per two-leg trade (never split or halved across the legs). P&L in SPY dollars (raw per-share bar prices, no x100 multiplier) and in % of total premium paid; win/mean/median/worst/mean_usd are net of that row's own cost. Day population: sessions.trading_days_from_vix() restricted to the loaded file's own [min(expiry), max(expiry)] -- one out-of-sample window by construction, no CONTEXT/SELECTION/HOLDOUT split. p_boot_day: pipeline.stats.one_sided_p, day blocks, n_boot 2000, seed 11, zero-filled over the trial's OWN day population for sharpe_calday. DSR at N=39 (family 36->39) per cost row, using this run's own three trials' per-trade Sharpe AT THAT COST as the SR0 pool. e2_minus_e3_pct/p_e2_vs_e3 (E2 rows only): E2 mean_pct - E3 mean_pct per cost, with a NEW two-sample day-block bootstrap p (two-sided, n_boot 2000, seed 11, NaN below 20 distinct days on either side) -- not pipeline.stats's one-sample convention, since E2/E3 are two disjoint day-sets being compared to each other, not one sample against zero. underpowered = n < 200. On ANY exception (including the 0DTE file being absent) this unit writes header-only outputs and exits 0, exactly pipeline.units.letf's (A38) contract, not pipeline.units._gh.run's empty-file+.error+exit-2 convention used by the rest of the fleet (A32) -- this pre-registered, not-yet-runnable candidate must never fail `make all` before its data exists."
E3,0.000000,608,47,32.072368,-10.999488,-27.966590,-83.850932,-0.179359,1.000000,-2.461031,0.000000,,,False,"FIXED (pre-registration, A42): E1 every session, nearest-ATM call and put at the 09:31 bar close, held to 15:59; E2 the published FOMC-statement-day schedule (21 dates, 2024-2026), nearest-ATM call and put at the 13:30 bar close, held to 15:59 (n ~ 20 -> UNDERPOWERED by construction, never promoted); E3 the E2 rule on every non-FOMC session (E2 and E3 exactly partition E1's day population). Nearest-ATM strike: the day's SPX-point minute close at the trial's own entry minute (sessions.build_extended), divided by 10 for a SPY-dollar reference, nearest available strike among either right that day, ties toward the smaller strike; the SAME strike prices both legs. Entry = the leg's bar close at the exact entry minute, else the next available bar's open; exit = the bar close at the exact 15:59 minute, else the last available bar at/before 15:59 after entry; a leg with neither at either end skips and counts the whole day (never a lone naked leg). Costs $0/$0.10/$0.20 round trip, charged ONCE per two-leg trade (never split or halved across the legs). P&L in SPY dollars (raw per-share bar prices, no x100 multiplier) and in % of total premium paid; win/mean/median/worst/mean_usd are net of that row's own cost. Day population: sessions.trading_days_from_vix() restricted to the loaded file's own [min(expiry), max(expiry)] -- one out-of-sample window by construction, no CONTEXT/SELECTION/HOLDOUT split. p_boot_day: pipeline.stats.one_sided_p, day blocks, n_boot 2000, seed 11, zero-filled over the trial's OWN day population for sharpe_calday. DSR at N=39 (family 36->39) per cost row, using this run's own three trials' per-trade Sharpe AT THAT COST as the SR0 pool. e2_minus_e3_pct/p_e2_vs_e3 (E2 rows only): E2 mean_pct - E3 mean_pct per cost, with a NEW two-sample day-block bootstrap p (two-sided, n_boot 2000, seed 11, NaN below 20 distinct days on either side) -- not pipeline.stats's one-sample convention, since E2/E3 are two disjoint day-sets being compared to each other, not one sample against zero. underpowered = n < 200. On ANY exception (including the 0DTE file being absent) this unit writes header-only outputs and exits 0, exactly pipeline.units.letf's (A38) contract, not pipeline.units._gh.run's empty-file+.error+exit-2 convention used by the rest of the fleet (A32) -- this pre-registered, not-yet-runnable candidate must never fail `make all` before its data exists."
E1,0.100000,646,29,37.770898,-6.958297,-24.943439,-94.197952,-0.221238,1.000000,-1.339784,0.000000,,,False,"FIXED (pre-registration, A42): E1 every session, nearest-ATM call and put at the 09:31 bar close, held to 15:59; E2 the published FOMC-statement-day schedule (21 dates, 2024-2026), nearest-ATM call and put at the 13:30 bar close, held to 15:59 (n ~ 20 -> UNDERPOWERED by construction, never promoted); E3 the E2 rule on every non-FOMC session (E2 and E3 exactly partition E1's day population). Nearest-ATM strike: the day's SPX-point minute close at the trial's own entry minute (sessions.build_extended), divided by 10 for a SPY-dollar reference, nearest available strike among either right that day, ties toward the smaller strike; the SAME strike prices both legs. Entry = the leg's bar close at the exact entry minute, else the next available bar's open; exit = the bar close at the exact 15:59 minute, else the last available bar at/before 15:59 after entry; a leg with neither at either end skips and counts the whole day (never a lone naked leg). Costs $0/$0.10/$0.20 round trip, charged ONCE per two-leg trade (never split or halved across the legs). P&L in SPY dollars (raw per-share bar prices, no x100 multiplier) and in % of total premium paid; win/mean/median/worst/mean_usd are net of that row's own cost. Day population: sessions.trading_days_from_vix() restricted to the loaded file's own [min(expiry), max(expiry)] -- one out-of-sample window by construction, no CONTEXT/SELECTION/HOLDOUT split. p_boot_day: pipeline.stats.one_sided_p, day blocks, n_boot 2000, seed 11, zero-filled over the trial's OWN day population for sharpe_calday. DSR at N=39 (family 36->39) per cost row, using this run's own three trials' per-trade Sharpe AT THAT COST as the SR0 pool. e2_minus_e3_pct/p_e2_vs_e3 (E2 rows only): E2 mean_pct - E3 mean_pct per cost, with a NEW two-sample day-block bootstrap p (two-sided, n_boot 2000, seed 11, NaN below 20 distinct days on either side) -- not pipeline.stats's one-sample convention, since E2/E3 are two disjoint day-sets being compared to each other, not one sample against zero. underpowered = n < 200. On ANY exception (including the 0DTE file being absent) this unit writes header-only outputs and exits 0, exactly pipeline.units.letf's (A38) contract, not pipeline.units._gh.run's empty-file+.error+exit-2 convention used by the rest of the fleet (A32) -- this pre-registered, not-yet-runnable candidate must never fail `make all` before its data exists."
E2,0.100000,20,0,20.000000,-1.589698,-45.737703,-88.528139,-0.478500,1.000000,-0.168078,0.115499,15.653338,0.640500,True,"FIXED (pre-registration, A42): E1 every session, nearest-ATM call and put at the 09:31 bar close, held to 15:59; E2 the published FOMC-statement-day schedule (21 dates, 2024-2026), nearest-ATM call and put at the 13:30 bar close, held to 15:59 (n ~ 20 -> UNDERPOWERED by construction, never promoted); E3 the E2 rule on every non-FOMC session (E2 and E3 exactly partition E1's day population). Nearest-ATM strike: the day's SPX-point minute close at the trial's own entry minute (sessions.build_extended), divided by 10 for a SPY-dollar reference, nearest available strike among either right that day, ties toward the smaller strike; the SAME strike prices both legs. Entry = the leg's bar close at the exact entry minute, else the next available bar's open; exit = the bar close at the exact 15:59 minute, else the last available bar at/before 15:59 after entry; a leg with neither at either end skips and counts the whole day (never a lone naked leg). Costs $0/$0.10/$0.20 round trip, charged ONCE per two-leg trade (never split or halved across the legs). P&L in SPY dollars (raw per-share bar prices, no x100 multiplier) and in % of total premium paid; win/mean/median/worst/mean_usd are net of that row's own cost. Day population: sessions.trading_days_from_vix() restricted to the loaded file's own [min(expiry), max(expiry)] -- one out-of-sample window by construction, no CONTEXT/SELECTION/HOLDOUT split. p_boot_day: pipeline.stats.one_sided_p, day blocks, n_boot 2000, seed 11, zero-filled over the trial's OWN day population for sharpe_calday. DSR at N=39 (family 36->39) per cost row, using this run's own three trials' per-trade Sharpe AT THAT COST as the SR0 pool. e2_minus_e3_pct/p_e2_vs_e3 (E2 rows only): E2 mean_pct - E3 mean_pct per cost, with a NEW two-sample day-block bootstrap p (two-sided, n_boot 2000, seed 11, NaN below 20 distinct days on either side) -- not pipeline.stats's one-sample convention, since E2/E3 are two disjoint day-sets being compared to each other, not one sample against zero. underpowered = n < 200. On ANY exception (including the 0DTE file being absent) this unit writes header-only outputs and exits 0, exactly pipeline.units.letf's (A38) contract, not pipeline.units._gh.run's empty-file+.error+exit-2 convention used by the rest of the fleet (A32) -- this pre-registered, not-yet-runnable candidate must never fail `make all` before its data exists."
E3,0.100000,608,47,28.782895,-17.243036,-34.276572,-90.062112,-0.279359,1.000000,-3.849890,0.000000,,,False,"FIXED (pre-registration, A42): E1 every session, nearest-ATM call and put at the 09:31 bar close, held to 15:59; E2 the published FOMC-statement-day schedule (21 dates, 2024-2026), nearest-ATM call and put at the 13:30 bar close, held to 15:59 (n ~ 20 -> UNDERPOWERED by construction, never promoted); E3 the E2 rule on every non-FOMC session (E2 and E3 exactly partition E1's day population). Nearest-ATM strike: the day's SPX-point minute close at the trial's own entry minute (sessions.build_extended), divided by 10 for a SPY-dollar reference, nearest available strike among either right that day, ties toward the smaller strike; the SAME strike prices both legs. Entry = the leg's bar close at the exact entry minute, else the next available bar's open; exit = the bar close at the exact 15:59 minute, else the last available bar at/before 15:59 after entry; a leg with neither at either end skips and counts the whole day (never a lone naked leg). Costs $0/$0.10/$0.20 round trip, charged ONCE per two-leg trade (never split or halved across the legs). P&L in SPY dollars (raw per-share bar prices, no x100 multiplier) and in % of total premium paid; win/mean/median/worst/mean_usd are net of that row's own cost. Day population: sessions.trading_days_from_vix() restricted to the loaded file's own [min(expiry), max(expiry)] -- one out-of-sample window by construction, no CONTEXT/SELECTION/HOLDOUT split. p_boot_day: pipeline.stats.one_sided_p, day blocks, n_boot 2000, seed 11, zero-filled over the trial's OWN day population for sharpe_calday. DSR at N=39 (family 36->39) per cost row, using this run's own three trials' per-trade Sharpe AT THAT COST as the SR0 pool. e2_minus_e3_pct/p_e2_vs_e3 (E2 rows only): E2 mean_pct - E3 mean_pct per cost, with a NEW two-sample day-block bootstrap p (two-sided, n_boot 2000, seed 11, NaN below 20 distinct days on either side) -- not pipeline.stats's one-sample convention, since E2/E3 are two disjoint day-sets being compared to each other, not one sample against zero. underpowered = n < 200. On ANY exception (including the 0DTE file being absent) this unit writes header-only outputs and exits 0, exactly pipeline.units.letf's (A38) contract, not pipeline.units._gh.run's empty-file+.error+exit-2 convention used by the rest of the fleet (A32) -- this pre-registered, not-yet-runnable candidate must never fail `make all` before its data exists."
E1,0.200000,646,29,35.603715,-10.366022,-28.483423,-97.610922,-0.321238,1.000000,-1.995658,0.000000,,,False,"FIXED (pre-registration, A42): E1 every session, nearest-ATM call and put at the 09:31 bar close, held to 15:59; E2 the published FOMC-statement-day schedule (21 dates, 2024-2026), nearest-ATM call and put at the 13:30 bar close, held to 15:59 (n ~ 20 -> UNDERPOWERED by construction, never promoted); E3 the E2 rule on every non-FOMC session (E2 and E3 exactly partition E1's day population). Nearest-ATM strike: the day's SPX-point minute close at the trial's own entry minute (sessions.build_extended), divided by 10 for a SPY-dollar reference, nearest available strike among either right that day, ties toward the smaller strike; the SAME strike prices both legs. Entry = the leg's bar close at the exact entry minute, else the next available bar's open; exit = the bar close at the exact 15:59 minute, else the last available bar at/before 15:59 after entry; a leg with neither at either end skips and counts the whole day (never a lone naked leg). Costs $0/$0.10/$0.20 round trip, charged ONCE per two-leg trade (never split or halved across the legs). P&L in SPY dollars (raw per-share bar prices, no x100 multiplier) and in % of total premium paid; win/mean/median/worst/mean_usd are net of that row's own cost. Day population: sessions.trading_days_from_vix() restricted to the loaded file's own [min(expiry), max(expiry)] -- one out-of-sample window by construction, no CONTEXT/SELECTION/HOLDOUT split. p_boot_day: pipeline.stats.one_sided_p, day blocks, n_boot 2000, seed 11, zero-filled over the trial's OWN day population for sharpe_calday. DSR at N=39 (family 36->39) per cost row, using this run's own three trials' per-trade Sharpe AT THAT COST as the SR0 pool. e2_minus_e3_pct/p_e2_vs_e3 (E2 rows only): E2 mean_pct - E3 mean_pct per cost, with a NEW two-sample day-block bootstrap p (two-sided, n_boot 2000, seed 11, NaN below 20 distinct days on either side) -- not pipeline.stats's one-sample convention, since E2/E3 are two disjoint day-sets being compared to each other, not one sample against zero. underpowered = n < 200. On ANY exception (including the 0DTE file being absent) this unit writes header-only outputs and exits 0, exactly pipeline.units.letf's (A38) contract, not pipeline.units._gh.run's empty-file+.error+exit-2 convention used by the rest of the fleet (A32) -- this pre-registered, not-yet-runnable candidate must never fail `make all` before its data exists."
E2,0.200000,20,0,20.000000,-4.218737,-48.358831,-90.692641,-0.578500,1.000000,-0.446827,0.058076,19.267848,0.587500,True,"FIXED (pre-registration, A42): E1 every session, nearest-ATM call and put at the 09:31 bar close, held to 15:59; E2 the published FOMC-statement-day schedule (21 dates, 2024-2026), nearest-ATM call and put at the 13:30 bar close, held to 15:59 (n ~ 20 -> UNDERPOWERED by construction, never promoted); E3 the E2 rule on every non-FOMC session (E2 and E3 exactly partition E1's day population). Nearest-ATM strike: the day's SPX-point minute close at the trial's own entry minute (sessions.build_extended), divided by 10 for a SPY-dollar reference, nearest available strike among either right that day, ties toward the smaller strike; the SAME strike prices both legs. Entry = the leg's bar close at the exact entry minute, else the next available bar's open; exit = the bar close at the exact 15:59 minute, else the last available bar at/before 15:59 after entry; a leg with neither at either end skips and counts the whole day (never a lone naked leg). Costs $0/$0.10/$0.20 round trip, charged ONCE per two-leg trade (never split or halved across the legs). P&L in SPY dollars (raw per-share bar prices, no x100 multiplier) and in % of total premium paid; win/mean/median/worst/mean_usd are net of that row's own cost. Day population: sessions.trading_days_from_vix() restricted to the loaded file's own [min(expiry), max(expiry)] -- one out-of-sample window by construction, no CONTEXT/SELECTION/HOLDOUT split. p_boot_day: pipeline.stats.one_sided_p, day blocks, n_boot 2000, seed 11, zero-filled over the trial's OWN day population for sharpe_calday. DSR at N=39 (family 36->39) per cost row, using this run's own three trials' per-trade Sharpe AT THAT COST as the SR0 pool. e2_minus_e3_pct/p_e2_vs_e3 (E2 rows only): E2 mean_pct - E3 mean_pct per cost, with a NEW two-sample day-block bootstrap p (two-sided, n_boot 2000, seed 11, NaN below 20 distinct days on either side) -- not pipeline.stats's one-sample convention, since E2/E3 are two disjoint day-sets being compared to each other, not one sample against zero. underpowered = n < 200. On ANY exception (including the 0DTE file being absent) this unit writes header-only outputs and exits 0, exactly pipeline.units.letf's (A38) contract, not pipeline.units._gh.run's empty-file+.error+exit-2 convention used by the rest of the fleet (A32) -- this pre-registered, not-yet-runnable candidate must never fail `make all` before its data exists."
E3,0.200000,608,47,26.151316,-23.486585,-40.447920,-100.000000,-0.379359,1.000000,-5.224454,0.000000,,,False,"FIXED (pre-registration, A42): E1 every session, nearest-ATM call and put at the 09:31 bar close, held to 15:59; E2 the published FOMC-statement-day schedule (21 dates, 2024-2026), nearest-ATM call and put at the 13:30 bar close, held to 15:59 (n ~ 20 -> UNDERPOWERED by construction, never promoted); E3 the E2 rule on every non-FOMC session (E2 and E3 exactly partition E1's day population). Nearest-ATM strike: the day's SPX-point minute close at the trial's own entry minute (sessions.build_extended), divided by 10 for a SPY-dollar reference, nearest available strike among either right that day, ties toward the smaller strike; the SAME strike prices both legs. Entry = the leg's bar close at the exact entry minute, else the next available bar's open; exit = the bar close at the exact 15:59 minute, else the last available bar at/before 15:59 after entry; a leg with neither at either end skips and counts the whole day (never a lone naked leg). Costs $0/$0.10/$0.20 round trip, charged ONCE per two-leg trade (never split or halved across the legs). P&L in SPY dollars (raw per-share bar prices, no x100 multiplier) and in % of total premium paid; win/mean/median/worst/mean_usd are net of that row's own cost. Day population: sessions.trading_days_from_vix() restricted to the loaded file's own [min(expiry), max(expiry)] -- one out-of-sample window by construction, no CONTEXT/SELECTION/HOLDOUT split. p_boot_day: pipeline.stats.one_sided_p, day blocks, n_boot 2000, seed 11, zero-filled over the trial's OWN day population for sharpe_calday. DSR at N=39 (family 36->39) per cost row, using this run's own three trials' per-trade Sharpe AT THAT COST as the SR0 pool. e2_minus_e3_pct/p_e2_vs_e3 (E2 rows only): E2 mean_pct - E3 mean_pct per cost, with a NEW two-sample day-block bootstrap p (two-sided, n_boot 2000, seed 11, NaN below 20 distinct days on either side) -- not pipeline.stats's one-sample convention, since E2/E3 are two disjoint day-sets being compared to each other, not one sample against zero. underpowered = n < 200. On ANY exception (including the 0DTE file being absent) this unit writes header-only outputs and exits 0, exactly pipeline.units.letf's (A38) contract, not pipeline.units._gh.run's empty-file+.error+exit-2 convention used by the rest of the fleet (A32) -- this pre-registered, not-yet-runnable candidate must never fail `make all` before its data exists."
