window,trial,side,entry_time,n_signal_days,n_skipped,n,win,net_pts_cost1,net_pts_cost2,net_pct_cost1,net_pct_cost2,median_net_pts_cost1,worst_trade_pts_cost1,worst_day_pts_cost1,sharpe_calday,p_boot_day,p_boot_month,control_mean_pts_cost1,frac_seeds_beaten,timing_control_pts_cost1,frac_timing_beaten,opt_mean_pct_s1,dsr_N45,spec
CONTEXT,U1,call,11:00,254,0,254,43.700787,-2.304724,-3.304724,-0.170785,-0.258358,-2.400000,-61.600000,-61.600000,-0.589772,1.000000,1.000000,-1.019098,0.000000,-3.503398,1.000000,-3.862686,0.000842,"FIXED (pre-registration, A46/A46a): signal = open->11:00 return (09:30 bar's OWN open, read explicitly by minute-of-day, not signals.day_table's first-bar 'open' -> 11:00 bar close) vs the expanding percentile of that same measure over all strictly prior sessions (min 250 prior sessions, no fitted parameter). U1 = ret_to_1100 <= expanding 10th pct (the hypothesis); U2 = ret_to_1100 <= expanding 30th pct AND > expanding 10th pct (A46a's causal mild-decline dose-response band, disjoint from U1 by construction, replacing the look-ahead 09:45 timing fingerprint the amendment first registered); U3 = ret_to_1100 >= expanding 90th pct (mirror signal). All three enter long at the 11:00 bar close (U1/U2 call, U3 put) and exit at the 16:00 session close. Costs 1.0/2.0 pts. A session trades only if the 09:30 bar, the 11:00 bar and the 16:00 close are ALL present (else n_skipped; a missing 09:30 bar -- 2005-09-13 and the three March-2020 circuit-breaker days -- is a FIX 1 correctness gate, not an ambiguity reading); the percentile thresholds expand across the whole history, never resetting at a window boundary. Day-selection control: 200 draws from one generator seeded 11, pool = eligible sessions in the window with a DEFINED threshold (past the warm-up) carrying NONE of U1/U2/U3 -- versus the A39 template's per-trial-only exclusion this makes U1's HOLDOUT excess over its control about 0.15 pts less negative (favourable to U1 on HOLDOUT, tougher on SELECTION), stated as the measured direction, not as 'conservative'. Timing control: same real trade days, 200 draws from one generator seeded 7, entry at a uniformly random integer minute in [09:31,15:00] (bar close), exit 16:00. Option leg: 2% ITM, k=1.3 x prior-close VIX, 1 pt spread, cash settle (pipeline.options.trade_table), priced on the real trades only. Entry at 11:00 (not before 10:00) satisfies A45 rule 2; the 2% ITM strike satisfies A45 rule 3. DSR at N=45 (A46/A46a) uses the per-trade-Sharpe dispersion of THIS RUN'S OWN 3 trials in the same window as SR0's pool (the wider family is not available to this standalone unit). Windows: CONTEXT 2005-01-01..2012-12-31, SELECTION 2013-01-01..2020-05-13, HOLDOUT 2020-07-27..2026-09-11; the verdict is on HOLDOUT."
CONTEXT,U2,call,11:00,326,0,326,54.601227,-0.723926,-1.723926,-0.042564,-0.123370,-0.100000,-37.700000,-37.700000,-0.330816,1.000000,1.000000,-1.066324,0.835000,-1.225328,0.995000,0.087278,0.002060,"FIXED (pre-registration, A46/A46a): signal = open->11:00 return (09:30 bar's OWN open, read explicitly by minute-of-day, not signals.day_table's first-bar 'open' -> 11:00 bar close) vs the expanding percentile of that same measure over all strictly prior sessions (min 250 prior sessions, no fitted parameter). U1 = ret_to_1100 <= expanding 10th pct (the hypothesis); U2 = ret_to_1100 <= expanding 30th pct AND > expanding 10th pct (A46a's causal mild-decline dose-response band, disjoint from U1 by construction, replacing the look-ahead 09:45 timing fingerprint the amendment first registered); U3 = ret_to_1100 >= expanding 90th pct (mirror signal). All three enter long at the 11:00 bar close (U1/U2 call, U3 put) and exit at the 16:00 session close. Costs 1.0/2.0 pts. A session trades only if the 09:30 bar, the 11:00 bar and the 16:00 close are ALL present (else n_skipped; a missing 09:30 bar -- 2005-09-13 and the three March-2020 circuit-breaker days -- is a FIX 1 correctness gate, not an ambiguity reading); the percentile thresholds expand across the whole history, never resetting at a window boundary. Day-selection control: 200 draws from one generator seeded 11, pool = eligible sessions in the window with a DEFINED threshold (past the warm-up) carrying NONE of U1/U2/U3 -- versus the A39 template's per-trial-only exclusion this makes U1's HOLDOUT excess over its control about 0.15 pts less negative (favourable to U1 on HOLDOUT, tougher on SELECTION), stated as the measured direction, not as 'conservative'. Timing control: same real trade days, 200 draws from one generator seeded 7, entry at a uniformly random integer minute in [09:31,15:00] (bar close), exit 16:00. Option leg: 2% ITM, k=1.3 x prior-close VIX, 1 pt spread, cash settle (pipeline.options.trade_table), priced on the real trades only. Entry at 11:00 (not before 10:00) satisfies A45 rule 2; the 2% ITM strike satisfies A45 rule 3. DSR at N=45 (A46/A46a) uses the per-trade-Sharpe dispersion of THIS RUN'S OWN 3 trials in the same window as SR0's pool (the wider family is not available to this standalone unit). Windows: CONTEXT 2005-01-01..2012-12-31, SELECTION 2013-01-01..2020-05-13, HOLDOUT 2020-07-27..2026-09-11; the verdict is on HOLDOUT."
CONTEXT,U3,put,11:00,247,0,247,41.295547,-2.174494,-3.174494,-0.193313,-0.280665,-2.800000,-63.600000,-63.600000,-0.839095,1.000000,1.000000,-0.987674,0.005000,-3.486910,1.000000,-5.850956,0.000033,"FIXED (pre-registration, A46/A46a): signal = open->11:00 return (09:30 bar's OWN open, read explicitly by minute-of-day, not signals.day_table's first-bar 'open' -> 11:00 bar close) vs the expanding percentile of that same measure over all strictly prior sessions (min 250 prior sessions, no fitted parameter). U1 = ret_to_1100 <= expanding 10th pct (the hypothesis); U2 = ret_to_1100 <= expanding 30th pct AND > expanding 10th pct (A46a's causal mild-decline dose-response band, disjoint from U1 by construction, replacing the look-ahead 09:45 timing fingerprint the amendment first registered); U3 = ret_to_1100 >= expanding 90th pct (mirror signal). All three enter long at the 11:00 bar close (U1/U2 call, U3 put) and exit at the 16:00 session close. Costs 1.0/2.0 pts. A session trades only if the 09:30 bar, the 11:00 bar and the 16:00 close are ALL present (else n_skipped; a missing 09:30 bar -- 2005-09-13 and the three March-2020 circuit-breaker days -- is a FIX 1 correctness gate, not an ambiguity reading); the percentile thresholds expand across the whole history, never resetting at a window boundary. Day-selection control: 200 draws from one generator seeded 11, pool = eligible sessions in the window with a DEFINED threshold (past the warm-up) carrying NONE of U1/U2/U3 -- versus the A39 template's per-trial-only exclusion this makes U1's HOLDOUT excess over its control about 0.15 pts less negative (favourable to U1 on HOLDOUT, tougher on SELECTION), stated as the measured direction, not as 'conservative'. Timing control: same real trade days, 200 draws from one generator seeded 7, entry at a uniformly random integer minute in [09:31,15:00] (bar close), exit 16:00. Option leg: 2% ITM, k=1.3 x prior-close VIX, 1 pt spread, cash settle (pipeline.options.trade_table), priced on the real trades only. Entry at 11:00 (not before 10:00) satisfies A45 rule 2; the 2% ITM strike satisfies A45 rule 3. DSR at N=45 (A46/A46a) uses the per-trade-Sharpe dispersion of THIS RUN'S OWN 3 trials in the same window as SR0's pool (the wider family is not available to this standalone unit). Windows: CONTEXT 2005-01-01..2012-12-31, SELECTION 2013-01-01..2020-05-13, HOLDOUT 2020-07-27..2026-09-11; the verdict is on HOLDOUT."
SELECTION,U1,call,11:00,102,0,102,50.980392,1.668627,0.668627,0.068355,0.024512,-0.800000,-73.800000,-73.800000,0.188345,0.306500,0.297000,-0.731853,0.985000,-1.516607,1.000000,4.748871,0.189181,"FIXED (pre-registration, A46/A46a): signal = open->11:00 return (09:30 bar's OWN open, read explicitly by minute-of-day, not signals.day_table's first-bar 'open' -> 11:00 bar close) vs the expanding percentile of that same measure over all strictly prior sessions (min 250 prior sessions, no fitted parameter). U1 = ret_to_1100 <= expanding 10th pct (the hypothesis); U2 = ret_to_1100 <= expanding 30th pct AND > expanding 10th pct (A46a's causal mild-decline dose-response band, disjoint from U1 by construction, replacing the look-ahead 09:45 timing fingerprint the amendment first registered); U3 = ret_to_1100 >= expanding 90th pct (mirror signal). All three enter long at the 11:00 bar close (U1/U2 call, U3 put) and exit at the 16:00 session close. Costs 1.0/2.0 pts. A session trades only if the 09:30 bar, the 11:00 bar and the 16:00 close are ALL present (else n_skipped; a missing 09:30 bar -- 2005-09-13 and the three March-2020 circuit-breaker days -- is a FIX 1 correctness gate, not an ambiguity reading); the percentile thresholds expand across the whole history, never resetting at a window boundary. Day-selection control: 200 draws from one generator seeded 11, pool = eligible sessions in the window with a DEFINED threshold (past the warm-up) carrying NONE of U1/U2/U3 -- versus the A39 template's per-trial-only exclusion this makes U1's HOLDOUT excess over its control about 0.15 pts less negative (favourable to U1 on HOLDOUT, tougher on SELECTION), stated as the measured direction, not as 'conservative'. Timing control: same real trade days, 200 draws from one generator seeded 7, entry at a uniformly random integer minute in [09:31,15:00] (bar close), exit 16:00. Option leg: 2% ITM, k=1.3 x prior-close VIX, 1 pt spread, cash settle (pipeline.options.trade_table), priced on the real trades only. Entry at 11:00 (not before 10:00) satisfies A45 rule 2; the 2% ITM strike satisfies A45 rule 3. DSR at N=45 (A46/A46a) uses the per-trade-Sharpe dispersion of THIS RUN'S OWN 3 trials in the same window as SR0's pool (the wider family is not available to this standalone unit). Windows: CONTEXT 2005-01-01..2012-12-31, SELECTION 2013-01-01..2020-05-13, HOLDOUT 2020-07-27..2026-09-11; the verdict is on HOLDOUT."
SELECTION,U2,call,11:00,343,0,343,54.518950,-1.171720,-2.171720,-0.046178,-0.092389,0.600000,-66.800000,-66.800000,-0.480156,1.000000,1.000000,-0.749366,0.220000,-1.923431,0.985000,-1.113610,0.000071,"FIXED (pre-registration, A46/A46a): signal = open->11:00 return (09:30 bar's OWN open, read explicitly by minute-of-day, not signals.day_table's first-bar 'open' -> 11:00 bar close) vs the expanding percentile of that same measure over all strictly prior sessions (min 250 prior sessions, no fitted parameter). U1 = ret_to_1100 <= expanding 10th pct (the hypothesis); U2 = ret_to_1100 <= expanding 30th pct AND > expanding 10th pct (A46a's causal mild-decline dose-response band, disjoint from U1 by construction, replacing the look-ahead 09:45 timing fingerprint the amendment first registered); U3 = ret_to_1100 >= expanding 90th pct (mirror signal). All three enter long at the 11:00 bar close (U1/U2 call, U3 put) and exit at the 16:00 session close. Costs 1.0/2.0 pts. A session trades only if the 09:30 bar, the 11:00 bar and the 16:00 close are ALL present (else n_skipped; a missing 09:30 bar -- 2005-09-13 and the three March-2020 circuit-breaker days -- is a FIX 1 correctness gate, not an ambiguity reading); the percentile thresholds expand across the whole history, never resetting at a window boundary. Day-selection control: 200 draws from one generator seeded 11, pool = eligible sessions in the window with a DEFINED threshold (past the warm-up) carrying NONE of U1/U2/U3 -- versus the A39 template's per-trial-only exclusion this makes U1's HOLDOUT excess over its control about 0.15 pts less negative (favourable to U1 on HOLDOUT, tougher on SELECTION), stated as the measured direction, not as 'conservative'. Timing control: same real trade days, 200 draws from one generator seeded 7, entry at a uniformly random integer minute in [09:31,15:00] (bar close), exit 16:00. Option leg: 2% ITM, k=1.3 x prior-close VIX, 1 pt spread, cash settle (pipeline.options.trade_table), priced on the real trades only. Entry at 11:00 (not before 10:00) satisfies A45 rule 2; the 2% ITM strike satisfies A45 rule 3. DSR at N=45 (A46/A46a) uses the per-trade-Sharpe dispersion of THIS RUN'S OWN 3 trials in the same window as SR0's pool (the wider family is not available to this standalone unit). Windows: CONTEXT 2005-01-01..2012-12-31, SELECTION 2013-01-01..2020-05-13, HOLDOUT 2020-07-27..2026-09-11; the verdict is on HOLDOUT."
SELECTION,U3,put,11:00,105,0,105,43.809524,0.296190,-0.703810,-0.002689,-0.046444,-3.400000,-70.400000,-70.400000,-0.008730,1.000000,1.000000,-1.211367,0.895000,-2.375824,1.000000,0.977322,0.080514,"FIXED (pre-registration, A46/A46a): signal = open->11:00 return (09:30 bar's OWN open, read explicitly by minute-of-day, not signals.day_table's first-bar 'open' -> 11:00 bar close) vs the expanding percentile of that same measure over all strictly prior sessions (min 250 prior sessions, no fitted parameter). U1 = ret_to_1100 <= expanding 10th pct (the hypothesis); U2 = ret_to_1100 <= expanding 30th pct AND > expanding 10th pct (A46a's causal mild-decline dose-response band, disjoint from U1 by construction, replacing the look-ahead 09:45 timing fingerprint the amendment first registered); U3 = ret_to_1100 >= expanding 90th pct (mirror signal). All three enter long at the 11:00 bar close (U1/U2 call, U3 put) and exit at the 16:00 session close. Costs 1.0/2.0 pts. A session trades only if the 09:30 bar, the 11:00 bar and the 16:00 close are ALL present (else n_skipped; a missing 09:30 bar -- 2005-09-13 and the three March-2020 circuit-breaker days -- is a FIX 1 correctness gate, not an ambiguity reading); the percentile thresholds expand across the whole history, never resetting at a window boundary. Day-selection control: 200 draws from one generator seeded 11, pool = eligible sessions in the window with a DEFINED threshold (past the warm-up) carrying NONE of U1/U2/U3 -- versus the A39 template's per-trial-only exclusion this makes U1's HOLDOUT excess over its control about 0.15 pts less negative (favourable to U1 on HOLDOUT, tougher on SELECTION), stated as the measured direction, not as 'conservative'. Timing control: same real trade days, 200 draws from one generator seeded 7, entry at a uniformly random integer minute in [09:31,15:00] (bar close), exit 16:00. Option leg: 2% ITM, k=1.3 x prior-close VIX, 1 pt spread, cash settle (pipeline.options.trade_table), priced on the real trades only. Entry at 11:00 (not before 10:00) satisfies A45 rule 2; the 2% ITM strike satisfies A45 rule 3. DSR at N=45 (A46/A46a) uses the per-trade-Sharpe dispersion of THIS RUN'S OWN 3 trials in the same window as SR0's pool (the wider family is not available to this standalone unit). Windows: CONTEXT 2005-01-01..2012-12-31, SELECTION 2013-01-01..2020-05-13, HOLDOUT 2020-07-27..2026-09-11; the verdict is on HOLDOUT."
HOLDOUT,U1,call,11:00,144,0,144,47.916667,-3.282639,-4.282639,-0.054814,-0.076674,-3.050000,-214.700000,-214.700000,-0.274885,1.000000,1.000000,-0.322354,0.095000,-7.688713,0.990000,-1.518102,0.128371,"FIXED (pre-registration, A46/A46a): signal = open->11:00 return (09:30 bar's OWN open, read explicitly by minute-of-day, not signals.day_table's first-bar 'open' -> 11:00 bar close) vs the expanding percentile of that same measure over all strictly prior sessions (min 250 prior sessions, no fitted parameter). U1 = ret_to_1100 <= expanding 10th pct (the hypothesis); U2 = ret_to_1100 <= expanding 30th pct AND > expanding 10th pct (A46a's causal mild-decline dose-response band, disjoint from U1 by construction, replacing the look-ahead 09:45 timing fingerprint the amendment first registered); U3 = ret_to_1100 >= expanding 90th pct (mirror signal). All three enter long at the 11:00 bar close (U1/U2 call, U3 put) and exit at the 16:00 session close. Costs 1.0/2.0 pts. A session trades only if the 09:30 bar, the 11:00 bar and the 16:00 close are ALL present (else n_skipped; a missing 09:30 bar -- 2005-09-13 and the three March-2020 circuit-breaker days -- is a FIX 1 correctness gate, not an ambiguity reading); the percentile thresholds expand across the whole history, never resetting at a window boundary. Day-selection control: 200 draws from one generator seeded 11, pool = eligible sessions in the window with a DEFINED threshold (past the warm-up) carrying NONE of U1/U2/U3 -- versus the A39 template's per-trial-only exclusion this makes U1's HOLDOUT excess over its control about 0.15 pts less negative (favourable to U1 on HOLDOUT, tougher on SELECTION), stated as the measured direction, not as 'conservative'. Timing control: same real trade days, 200 draws from one generator seeded 7, entry at a uniformly random integer minute in [09:31,15:00] (bar close), exit 16:00. Option leg: 2% ITM, k=1.3 x prior-close VIX, 1 pt spread, cash settle (pipeline.options.trade_table), priced on the real trades only. Entry at 11:00 (not before 10:00) satisfies A45 rule 2; the 2% ITM strike satisfies A45 rule 3. DSR at N=45 (A46/A46a) uses the per-trade-Sharpe dispersion of THIS RUN'S OWN 3 trials in the same window as SR0's pool (the wider family is not available to this standalone unit). Windows: CONTEXT 2005-01-01..2012-12-31, SELECTION 2013-01-01..2020-05-13, HOLDOUT 2020-07-27..2026-09-11; the verdict is on HOLDOUT."
HOLDOUT,U2,call,11:00,299,0,299,51.505017,-1.082274,-2.082274,-0.017449,-0.038587,0.250000,-126.400000,-126.400000,-0.169886,1.000000,1.000000,0.085676,0.270000,-3.566669,1.000000,-0.377798,0.144088,"FIXED (pre-registration, A46/A46a): signal = open->11:00 return (09:30 bar's OWN open, read explicitly by minute-of-day, not signals.day_table's first-bar 'open' -> 11:00 bar close) vs the expanding percentile of that same measure over all strictly prior sessions (min 250 prior sessions, no fitted parameter). U1 = ret_to_1100 <= expanding 10th pct (the hypothesis); U2 = ret_to_1100 <= expanding 30th pct AND > expanding 10th pct (A46a's causal mild-decline dose-response band, disjoint from U1 by construction, replacing the look-ahead 09:45 timing fingerprint the amendment first registered); U3 = ret_to_1100 >= expanding 90th pct (mirror signal). All three enter long at the 11:00 bar close (U1/U2 call, U3 put) and exit at the 16:00 session close. Costs 1.0/2.0 pts. A session trades only if the 09:30 bar, the 11:00 bar and the 16:00 close are ALL present (else n_skipped; a missing 09:30 bar -- 2005-09-13 and the three March-2020 circuit-breaker days -- is a FIX 1 correctness gate, not an ambiguity reading); the percentile thresholds expand across the whole history, never resetting at a window boundary. Day-selection control: 200 draws from one generator seeded 11, pool = eligible sessions in the window with a DEFINED threshold (past the warm-up) carrying NONE of U1/U2/U3 -- versus the A39 template's per-trial-only exclusion this makes U1's HOLDOUT excess over its control about 0.15 pts less negative (favourable to U1 on HOLDOUT, tougher on SELECTION), stated as the measured direction, not as 'conservative'. Timing control: same real trade days, 200 draws from one generator seeded 7, entry at a uniformly random integer minute in [09:31,15:00] (bar close), exit 16:00. Option leg: 2% ITM, k=1.3 x prior-close VIX, 1 pt spread, cash settle (pipeline.options.trade_table), priced on the real trades only. Entry at 11:00 (not before 10:00) satisfies A45 rule 2; the 2% ITM strike satisfies A45 rule 3. DSR at N=45 (A46/A46a) uses the per-trade-Sharpe dispersion of THIS RUN'S OWN 3 trials in the same window as SR0's pool (the wider family is not available to this standalone unit). Windows: CONTEXT 2005-01-01..2012-12-31, SELECTION 2013-01-01..2020-05-13, HOLDOUT 2020-07-27..2026-09-11; the verdict is on HOLDOUT."
HOLDOUT,U3,put,11:00,166,0,166,43.975904,-1.269578,-2.269578,-0.025521,-0.047847,-5.200000,-125.600000,-125.600000,-0.179603,1.000000,1.000000,-1.829646,0.585000,-4.867234,1.000000,-0.251553,0.176787,"FIXED (pre-registration, A46/A46a): signal = open->11:00 return (09:30 bar's OWN open, read explicitly by minute-of-day, not signals.day_table's first-bar 'open' -> 11:00 bar close) vs the expanding percentile of that same measure over all strictly prior sessions (min 250 prior sessions, no fitted parameter). U1 = ret_to_1100 <= expanding 10th pct (the hypothesis); U2 = ret_to_1100 <= expanding 30th pct AND > expanding 10th pct (A46a's causal mild-decline dose-response band, disjoint from U1 by construction, replacing the look-ahead 09:45 timing fingerprint the amendment first registered); U3 = ret_to_1100 >= expanding 90th pct (mirror signal). All three enter long at the 11:00 bar close (U1/U2 call, U3 put) and exit at the 16:00 session close. Costs 1.0/2.0 pts. A session trades only if the 09:30 bar, the 11:00 bar and the 16:00 close are ALL present (else n_skipped; a missing 09:30 bar -- 2005-09-13 and the three March-2020 circuit-breaker days -- is a FIX 1 correctness gate, not an ambiguity reading); the percentile thresholds expand across the whole history, never resetting at a window boundary. Day-selection control: 200 draws from one generator seeded 11, pool = eligible sessions in the window with a DEFINED threshold (past the warm-up) carrying NONE of U1/U2/U3 -- versus the A39 template's per-trial-only exclusion this makes U1's HOLDOUT excess over its control about 0.15 pts less negative (favourable to U1 on HOLDOUT, tougher on SELECTION), stated as the measured direction, not as 'conservative'. Timing control: same real trade days, 200 draws from one generator seeded 7, entry at a uniformly random integer minute in [09:31,15:00] (bar close), exit 16:00. Option leg: 2% ITM, k=1.3 x prior-close VIX, 1 pt spread, cash settle (pipeline.options.trade_table), priced on the real trades only. Entry at 11:00 (not before 10:00) satisfies A45 rule 2; the 2% ITM strike satisfies A45 rule 3. DSR at N=45 (A46/A46a) uses the per-trade-Sharpe dispersion of THIS RUN'S OWN 3 trials in the same window as SR0's pool (the wider family is not available to this standalone unit). Windows: CONTEXT 2005-01-01..2012-12-31, SELECTION 2013-01-01..2020-05-13, HOLDOUT 2020-07-27..2026-09-11; the verdict is on HOLDOUT."
