limit,size_pct,worst_trade_loss_pct,exp_annual_pct,worst_year_pct,best_year_pct,size_by_worst_day_pct,signal,window,spread,settle,k,days_with_two_positions,worst_day_both_positions_pct
3.000000,3.000000,100.000000,2.386442,-10.298908,21.136898,3.000000,15:00|both|vixmove_exp,IN-SAMPLE + HOLDOUT 2013-01..2026-09-11,1.000000,cash,1.000000,,
4.000000,4.000000,100.000000,3.181922,-13.731877,28.182531,4.000000,15:00|both|vixmove_exp,IN-SAMPLE + HOLDOUT 2013-01..2026-09-11,1.000000,cash,1.000000,,
5.000000,5.000000,100.000000,3.977403,-17.164847,35.228163,5.000000,15:00|both|vixmove_exp,IN-SAMPLE + HOLDOUT 2013-01..2026-09-11,1.000000,cash,1.000000,,
3.000000,3.000000,100.000000,-0.251450,-11.703404,10.339356,3.000000,13:00|call|gap>0.3%,IN-SAMPLE + HOLDOUT 2013-01..2026-09-11,1.000000,cash,1.300000,,
4.000000,4.000000,100.000000,-0.335267,-15.604538,13.785808,4.000000,13:00|call|gap>0.3%,IN-SAMPLE + HOLDOUT 2013-01..2026-09-11,1.000000,cash,1.300000,,
5.000000,5.000000,100.000000,-0.419084,-19.505673,17.232260,5.000000,13:00|call|gap>0.3%,IN-SAMPLE + HOLDOUT 2013-01..2026-09-11,1.000000,cash,1.300000,,
3.000000,1.500000,200.000000,1.067496,,,,COMBINED BOOK,IN-SAMPLE + HOLDOUT 2013-01..2026-09-11,,,,205.000000,-200.000000
4.000000,2.000000,200.000000,1.423327,,,,COMBINED BOOK,IN-SAMPLE + HOLDOUT 2013-01..2026-09-11,,,,205.000000,-200.000000
5.000000,2.500000,200.000000,1.779159,,,,COMBINED BOOK,IN-SAMPLE + HOLDOUT 2013-01..2026-09-11,,,,205.000000,-200.000000
