n,trades_per_year,win,mean,median,worst_trade,best_trade,worst_day,premium_mean,mae_worst,full_loss_trades,signal,window,spread,settle,k
419,30.657001,55.847255,2.594776,2.521930,-100.000000,237.326154,-100.000000,77.770551,-100.000000,6,15:00|both|vixmove_exp,IN-SAMPLE + HOLDOUT 2013-01..2026-09-11,1.000000,cash,1.000000
419,30.657001,52.744630,1.209001,0.654663,-99.259637,152.355048,-99.259637,80.395693,-100.000000,0,15:00|both|vixmove_exp,IN-SAMPLE + HOLDOUT 2013-01..2026-09-11,1.000000,exit,1.000000
419,30.657001,54.653938,1.866350,1.962923,-100.000000,234.272018,-100.000000,78.270551,-100.000000,6,15:00|both|vixmove_exp,IN-SAMPLE + HOLDOUT 2013-01..2026-09-11,2.000000,cash,1.000000
419,30.657001,47.732697,-0.154882,-0.773481,-100.000000,149.164841,-100.000000,80.895693,-100.000000,2,15:00|both|vixmove_exp,IN-SAMPLE + HOLDOUT 2013-01..2026-09-11,2.000000,exit,1.000000
419,30.657001,53.221957,1.149187,1.393984,-100.000000,231.272690,-100.000000,78.770551,-100.000000,6,15:00|both|vixmove_exp,IN-SAMPLE + HOLDOUT 2013-01..2026-09-11,3.000000,cash,1.000000
419,30.657001,45.346062,-1.494625,-1.990050,-100.000000,146.031884,-100.000000,81.395693,-100.000000,2,15:00|both|vixmove_exp,IN-SAMPLE + HOLDOUT 2013-01..2026-09-11,3.000000,exit,1.000000
875,64.021184,50.400000,-0.091282,0.265252,-100.000000,265.610424,-100.000000,76.749799,-100.000000,7,13:00|call|gap>0.3%,IN-SAMPLE + HOLDOUT 2013-01..2026-09-11,1.000000,cash,1.000000
875,64.021184,50.400000,-0.130920,0.265252,-100.000000,255.681367,-100.000000,76.767100,-100.000000,7,13:00|call|gap>0.3%,IN-SAMPLE + HOLDOUT 2013-01..2026-09-11,1.000000,cash,1.300000
875,64.021184,50.400000,-0.206132,0.265252,-100.000000,242.378616,-100.000000,76.807187,-100.000000,7,13:00|call|gap>0.3%,IN-SAMPLE + HOLDOUT 2013-01..2026-09-11,1.000000,cash,1.600000
875,64.021184,48.914286,-0.933923,-0.155400,-100.000000,170.757183,-100.000000,79.183245,-100.000000,4,13:00|call|gap>0.3%,IN-SAMPLE + HOLDOUT 2013-01..2026-09-11,1.000000,exit,1.000000
875,64.021184,48.914286,-0.963206,-0.155400,-100.000000,165.056749,-100.000000,79.198568,-100.000000,4,13:00|call|gap>0.3%,IN-SAMPLE + HOLDOUT 2013-01..2026-09-11,1.000000,exit,1.300000
875,64.021184,48.914286,-1.022234,-0.155441,-100.000000,156.795030,-100.000000,79.234249,-100.000000,3,13:00|call|gap>0.3%,IN-SAMPLE + HOLDOUT 2013-01..2026-09-11,1.000000,exit,1.600000
875,64.021184,48.685714,-0.858304,-0.429185,-100.000000,262.449278,-100.000000,77.249799,-100.000000,7,13:00|call|gap>0.3%,IN-SAMPLE + HOLDOUT 2013-01..2026-09-11,2.000000,cash,1.000000
875,64.021184,48.685714,-0.897269,-0.429185,-100.000000,252.688884,-100.000000,77.267100,-100.000000,7,13:00|call|gap>0.3%,IN-SAMPLE + HOLDOUT 2013-01..2026-09-11,2.000000,cash,1.300000
875,64.021184,48.571429,-0.971273,-0.429197,-100.000000,239.604917,-100.000000,77.307187,-100.000000,7,13:00|call|gap>0.3%,IN-SAMPLE + HOLDOUT 2013-01..2026-09-11,2.000000,cash,1.600000
875,64.021184,44.914286,-2.393602,-1.823708,-100.000000,167.795161,-100.000000,79.683245,-100.000000,5,13:00|call|gap>0.3%,IN-SAMPLE + HOLDOUT 2013-01..2026-09-11,2.000000,exit,1.000000
875,64.021184,44.914286,-2.422757,-1.823708,-100.000000,162.201190,-100.000000,79.698568,-100.000000,4,13:00|call|gap>0.3%,IN-SAMPLE + HOLDOUT 2013-01..2026-09-11,2.000000,exit,1.300000
875,64.021184,44.914286,-2.480830,-1.823711,-100.000000,154.090430,-100.000000,79.734249,-100.000000,4,13:00|call|gap>0.3%,IN-SAMPLE + HOLDOUT 2013-01..2026-09-11,2.000000,exit,1.600000
875,64.021184,46.628571,-1.611815,-1.129944,-100.000000,259.342328,-100.000000,77.749799,-100.000000,7,13:00|call|gap>0.3%,IN-SAMPLE + HOLDOUT 2013-01..2026-09-11,3.000000,cash,1.000000
875,64.021184,46.628571,-1.650125,-1.129988,-100.000000,249.746335,-100.000000,77.767100,-100.000000,7,13:00|call|gap>0.3%,IN-SAMPLE + HOLDOUT 2013-01..2026-09-11,3.000000,cash,1.300000
875,64.021184,46.628571,-1.722951,-1.131716,-100.000000,236.875798,-100.000000,77.807187,-100.000000,7,13:00|call|gap>0.3%,IN-SAMPLE + HOLDOUT 2013-01..2026-09-11,3.000000,cash,1.600000
875,64.021184,41.485714,-3.828157,-3.439803,-100.000000,164.880092,-100.000000,80.183245,-100.000000,6,13:00|call|gap>0.3%,IN-SAMPLE + HOLDOUT 2013-01..2026-09-11,3.000000,exit,1.000000
875,64.021184,41.485714,-3.857088,-3.439804,-100.000000,159.389959,-100.000000,80.198568,-100.000000,5,13:00|call|gap>0.3%,IN-SAMPLE + HOLDOUT 2013-01..2026-09-11,3.000000,exit,1.300000
875,64.021184,41.485714,-3.914588,-3.439894,-100.000000,151.426524,-100.000000,80.234249,-100.000000,5,13:00|call|gap>0.3%,IN-SAMPLE + HOLDOUT 2013-01..2026-09-11,3.000000,exit,1.600000
