window,trial,side,r,bos,n_patterns_detected,n_skipped_open,n_setups,n_filled,fill_rate,n,win,net_pts_cost1,net_pts_cost2,net_pct_cost1,net_pct_cost2,median_net_pts_cost1,worst_trade_pts_cost1,worst_day_pts_cost1,sharpe_calday,sr_trade,p_boot_day,p_boot_month,control_mean_pct_cost1,control_mean_pts_cost1,frac_seeds_beaten,spec,dsr_N33,sr0_N33
CONTEXT,short|R1|bos_on,short,1,on,1054,190,864,489,0.565972,489,74.028630,-0.394514,-1.394514,-0.031554,-0.113634,-0.195500,-4.787500,-4.730000,-2.207980,-0.284759,1.000000,1.000000,-0.080409,-0.978091,1.000000,"FIXED (pre-registration): ATR mult 1.5, structure lookback 12 bars, stop buffer 0.1 ATR, min box height 0.05 ATR, entry = box midpoint. atr_ref for a setup ending at bar t = rolling(20) mean true range of the 20 bars strictly before the displacement bar t-1 (no lookahead into t-1/t); ATR rolls across sessions only for the first ~19 bars of a session, else same-session (pre-registration's own allowance); true range at a session's first bar uses that bar's own open, not the prior session's close (no overnight gap in ATR). FVG 3-bar pattern and the 12-bar structure lookback are SAME-SESSION ONLY; insufficient same-session history => no setup / no structure break. Fill deadline = bar START <= 15:30 ET; fill test = bar range contains the midpoint; exit search starts AT the fill bar itself (a wide bar can both fill and stop/TP); stop wins a same-bar stop+TP tie. One ACTIVE setup at a time per side (most conservative reading of 'one position at a time'): a setup occupies its side from detection until it is resolved (filled-then-exited, or unfilled through the 15:30/session-end deadline); a pattern detected while one is active is skipped (n_skipped_open) and NOT counted in n_setups. n_setups = patterns actually acted on (not blocked); n_patterns_detected = total pattern count before that gate; fill_rate = n_filled / n_setups. Random-entry control: 200 draws from one seeded generator (not 200 independent seeds, matching signals.day_selection_control's convention), entry = OPEN of a uniformly random bar in [10:00,15:30], same stop distance and R as the matched real trade, evaluated at the 1.0-pt cost only (not swept at 2.0). DSR at N=33 (8 trials this run + 25 already in the family) uses the per-trade-Sharpe dispersion of THIS RUN'S OWN 8 trials in the same window as SR0's pool (the 25 external trials are not available to this standalone unit). win/median/worst/calendar-day Sharpe/bootstrap p use the 1.0-pt cost; net pts and net % are also reported at 2.0. Windows: CONTEXT 2005-01-01..2012-12-31, SELECTION 2013-01-01..2020-05-13, HOLDOUT 2020-07-27..2026-09-11.",0.000000,0.118609
CONTEXT,short|R2|bos_on,short,2,on,1054,191,863,488,0.565469,488,45.901639,-0.507175,-1.507175,-0.043754,-0.125860,-1.372250,-5.457000,-7.509500,-1.734799,-0.227096,1.000000,1.000000,-0.070707,-0.863261,1.000000,"FIXED (pre-registration): ATR mult 1.5, structure lookback 12 bars, stop buffer 0.1 ATR, min box height 0.05 ATR, entry = box midpoint. atr_ref for a setup ending at bar t = rolling(20) mean true range of the 20 bars strictly before the displacement bar t-1 (no lookahead into t-1/t); ATR rolls across sessions only for the first ~19 bars of a session, else same-session (pre-registration's own allowance); true range at a session's first bar uses that bar's own open, not the prior session's close (no overnight gap in ATR). FVG 3-bar pattern and the 12-bar structure lookback are SAME-SESSION ONLY; insufficient same-session history => no setup / no structure break. Fill deadline = bar START <= 15:30 ET; fill test = bar range contains the midpoint; exit search starts AT the fill bar itself (a wide bar can both fill and stop/TP); stop wins a same-bar stop+TP tie. One ACTIVE setup at a time per side (most conservative reading of 'one position at a time'): a setup occupies its side from detection until it is resolved (filled-then-exited, or unfilled through the 15:30/session-end deadline); a pattern detected while one is active is skipped (n_skipped_open) and NOT counted in n_setups. n_setups = patterns actually acted on (not blocked); n_patterns_detected = total pattern count before that gate; fill_rate = n_filled / n_setups. Random-entry control: 200 draws from one seeded generator (not 200 independent seeds, matching signals.day_selection_control's convention), entry = OPEN of a uniformly random bar in [10:00,15:30], same stop distance and R as the matched real trade, evaluated at the 1.0-pt cost only (not swept at 2.0). DSR at N=33 (8 trials this run + 25 already in the family) uses the per-trade-Sharpe dispersion of THIS RUN'S OWN 8 trials in the same window as SR0's pool (the 25 external trials are not available to this standalone unit). win/median/worst/calendar-day Sharpe/bootstrap p use the 1.0-pt cost; net pts and net % are also reported at 2.0. Windows: CONTEXT 2005-01-01..2012-12-31, SELECTION 2013-01-01..2020-05-13, HOLDOUT 2020-07-27..2026-09-11.",0.000000,0.118609
CONTEXT,short|R1|bos_off,short,1,off,1770,358,1412,857,0.606941,857,73.978996,-0.395662,-1.395662,-0.031535,-0.113714,-0.141000,-5.293500,-8.360500,-2.816751,-0.285039,1.000000,1.000000,-0.087022,-1.054966,1.000000,"FIXED (pre-registration): ATR mult 1.5, structure lookback 12 bars, stop buffer 0.1 ATR, min box height 0.05 ATR, entry = box midpoint. atr_ref for a setup ending at bar t = rolling(20) mean true range of the 20 bars strictly before the displacement bar t-1 (no lookahead into t-1/t); ATR rolls across sessions only for the first ~19 bars of a session, else same-session (pre-registration's own allowance); true range at a session's first bar uses that bar's own open, not the prior session's close (no overnight gap in ATR). FVG 3-bar pattern and the 12-bar structure lookback are SAME-SESSION ONLY; insufficient same-session history => no setup / no structure break. Fill deadline = bar START <= 15:30 ET; fill test = bar range contains the midpoint; exit search starts AT the fill bar itself (a wide bar can both fill and stop/TP); stop wins a same-bar stop+TP tie. One ACTIVE setup at a time per side (most conservative reading of 'one position at a time'): a setup occupies its side from detection until it is resolved (filled-then-exited, or unfilled through the 15:30/session-end deadline); a pattern detected while one is active is skipped (n_skipped_open) and NOT counted in n_setups. n_setups = patterns actually acted on (not blocked); n_patterns_detected = total pattern count before that gate; fill_rate = n_filled / n_setups. Random-entry control: 200 draws from one seeded generator (not 200 independent seeds, matching signals.day_selection_control's convention), entry = OPEN of a uniformly random bar in [10:00,15:30], same stop distance and R as the matched real trade, evaluated at the 1.0-pt cost only (not swept at 2.0). DSR at N=33 (8 trials this run + 25 already in the family) uses the per-trade-Sharpe dispersion of THIS RUN'S OWN 8 trials in the same window as SR0's pool (the 25 external trials are not available to this standalone unit). win/median/worst/calendar-day Sharpe/bootstrap p use the 1.0-pt cost; net pts and net % are also reported at 2.0. Windows: CONTEXT 2005-01-01..2012-12-31, SELECTION 2013-01-01..2020-05-13, HOLDOUT 2020-07-27..2026-09-11.",0.000000,0.118609
CONTEXT,short|R2|bos_off,short,2,off,1770,365,1405,853,0.607117,853,45.603751,-0.600028,-1.600028,-0.050488,-0.132610,-1.430000,-5.758000,-8.360500,-2.790198,-0.277341,1.000000,1.000000,-0.086296,-1.042120,1.000000,"FIXED (pre-registration): ATR mult 1.5, structure lookback 12 bars, stop buffer 0.1 ATR, min box height 0.05 ATR, entry = box midpoint. atr_ref for a setup ending at bar t = rolling(20) mean true range of the 20 bars strictly before the displacement bar t-1 (no lookahead into t-1/t); ATR rolls across sessions only for the first ~19 bars of a session, else same-session (pre-registration's own allowance); true range at a session's first bar uses that bar's own open, not the prior session's close (no overnight gap in ATR). FVG 3-bar pattern and the 12-bar structure lookback are SAME-SESSION ONLY; insufficient same-session history => no setup / no structure break. Fill deadline = bar START <= 15:30 ET; fill test = bar range contains the midpoint; exit search starts AT the fill bar itself (a wide bar can both fill and stop/TP); stop wins a same-bar stop+TP tie. One ACTIVE setup at a time per side (most conservative reading of 'one position at a time'): a setup occupies its side from detection until it is resolved (filled-then-exited, or unfilled through the 15:30/session-end deadline); a pattern detected while one is active is skipped (n_skipped_open) and NOT counted in n_setups. n_setups = patterns actually acted on (not blocked); n_patterns_detected = total pattern count before that gate; fill_rate = n_filled / n_setups. Random-entry control: 200 draws from one seeded generator (not 200 independent seeds, matching signals.day_selection_control's convention), entry = OPEN of a uniformly random bar in [10:00,15:30], same stop distance and R as the matched real trade, evaluated at the 1.0-pt cost only (not swept at 2.0). DSR at N=33 (8 trials this run + 25 already in the family) uses the per-trade-Sharpe dispersion of THIS RUN'S OWN 8 trials in the same window as SR0's pool (the 25 external trials are not available to this standalone unit). win/median/worst/calendar-day Sharpe/bootstrap p use the 1.0-pt cost; net pts and net % are also reported at 2.0. Windows: CONTEXT 2005-01-01..2012-12-31, SELECTION 2013-01-01..2020-05-13, HOLDOUT 2020-07-27..2026-09-11.",0.000000,0.118609
CONTEXT,long|R1|bos_on,long,1,on,874,98,776,399,0.514175,399,71.177945,-0.387966,-1.387966,-0.029643,-0.115062,-0.239500,-6.754000,-6.809500,-1.424795,-0.211483,1.000000,1.000000,-0.087293,-1.025460,1.000000,"FIXED (pre-registration): ATR mult 1.5, structure lookback 12 bars, stop buffer 0.1 ATR, min box height 0.05 ATR, entry = box midpoint. atr_ref for a setup ending at bar t = rolling(20) mean true range of the 20 bars strictly before the displacement bar t-1 (no lookahead into t-1/t); ATR rolls across sessions only for the first ~19 bars of a session, else same-session (pre-registration's own allowance); true range at a session's first bar uses that bar's own open, not the prior session's close (no overnight gap in ATR). FVG 3-bar pattern and the 12-bar structure lookback are SAME-SESSION ONLY; insufficient same-session history => no setup / no structure break. Fill deadline = bar START <= 15:30 ET; fill test = bar range contains the midpoint; exit search starts AT the fill bar itself (a wide bar can both fill and stop/TP); stop wins a same-bar stop+TP tie. One ACTIVE setup at a time per side (most conservative reading of 'one position at a time'): a setup occupies its side from detection until it is resolved (filled-then-exited, or unfilled through the 15:30/session-end deadline); a pattern detected while one is active is skipped (n_skipped_open) and NOT counted in n_setups. n_setups = patterns actually acted on (not blocked); n_patterns_detected = total pattern count before that gate; fill_rate = n_filled / n_setups. Random-entry control: 200 draws from one seeded generator (not 200 independent seeds, matching signals.day_selection_control's convention), entry = OPEN of a uniformly random bar in [10:00,15:30], same stop distance and R as the matched real trade, evaluated at the 1.0-pt cost only (not swept at 2.0). DSR at N=33 (8 trials this run + 25 already in the family) uses the per-trade-Sharpe dispersion of THIS RUN'S OWN 8 trials in the same window as SR0's pool (the 25 external trials are not available to this standalone unit). win/median/worst/calendar-day Sharpe/bootstrap p use the 1.0-pt cost; net pts and net % are also reported at 2.0. Windows: CONTEXT 2005-01-01..2012-12-31, SELECTION 2013-01-01..2020-05-13, HOLDOUT 2020-07-27..2026-09-11.",0.000000,0.118609
CONTEXT,long|R2|bos_on,long,2,on,874,98,776,399,0.514175,399,43.859649,-0.489455,-1.489455,-0.035242,-0.120660,-1.521500,-6.754000,-8.082000,-1.010686,-0.142248,1.000000,1.000000,-0.079476,-0.935587,1.000000,"FIXED (pre-registration): ATR mult 1.5, structure lookback 12 bars, stop buffer 0.1 ATR, min box height 0.05 ATR, entry = box midpoint. atr_ref for a setup ending at bar t = rolling(20) mean true range of the 20 bars strictly before the displacement bar t-1 (no lookahead into t-1/t); ATR rolls across sessions only for the first ~19 bars of a session, else same-session (pre-registration's own allowance); true range at a session's first bar uses that bar's own open, not the prior session's close (no overnight gap in ATR). FVG 3-bar pattern and the 12-bar structure lookback are SAME-SESSION ONLY; insufficient same-session history => no setup / no structure break. Fill deadline = bar START <= 15:30 ET; fill test = bar range contains the midpoint; exit search starts AT the fill bar itself (a wide bar can both fill and stop/TP); stop wins a same-bar stop+TP tie. One ACTIVE setup at a time per side (most conservative reading of 'one position at a time'): a setup occupies its side from detection until it is resolved (filled-then-exited, or unfilled through the 15:30/session-end deadline); a pattern detected while one is active is skipped (n_skipped_open) and NOT counted in n_setups. n_setups = patterns actually acted on (not blocked); n_patterns_detected = total pattern count before that gate; fill_rate = n_filled / n_setups. Random-entry control: 200 draws from one seeded generator (not 200 independent seeds, matching signals.day_selection_control's convention), entry = OPEN of a uniformly random bar in [10:00,15:30], same stop distance and R as the matched real trade, evaluated at the 1.0-pt cost only (not swept at 2.0). DSR at N=33 (8 trials this run + 25 already in the family) uses the per-trade-Sharpe dispersion of THIS RUN'S OWN 8 trials in the same window as SR0's pool (the 25 external trials are not available to this standalone unit). win/median/worst/calendar-day Sharpe/bootstrap p use the 1.0-pt cost; net pts and net % are also reported at 2.0. Windows: CONTEXT 2005-01-01..2012-12-31, SELECTION 2013-01-01..2020-05-13, HOLDOUT 2020-07-27..2026-09-11.",0.000006,0.118609
CONTEXT,long|R1|bos_off,long,1,off,1594,234,1360,791,0.581618,791,74.209861,-0.311812,-1.311812,-0.023341,-0.107655,-0.146500,-5.260000,-6.809500,-1.548118,-0.165932,1.000000,1.000000,-0.088771,-1.055221,1.000000,"FIXED (pre-registration): ATR mult 1.5, structure lookback 12 bars, stop buffer 0.1 ATR, min box height 0.05 ATR, entry = box midpoint. atr_ref for a setup ending at bar t = rolling(20) mean true range of the 20 bars strictly before the displacement bar t-1 (no lookahead into t-1/t); ATR rolls across sessions only for the first ~19 bars of a session, else same-session (pre-registration's own allowance); true range at a session's first bar uses that bar's own open, not the prior session's close (no overnight gap in ATR). FVG 3-bar pattern and the 12-bar structure lookback are SAME-SESSION ONLY; insufficient same-session history => no setup / no structure break. Fill deadline = bar START <= 15:30 ET; fill test = bar range contains the midpoint; exit search starts AT the fill bar itself (a wide bar can both fill and stop/TP); stop wins a same-bar stop+TP tie. One ACTIVE setup at a time per side (most conservative reading of 'one position at a time'): a setup occupies its side from detection until it is resolved (filled-then-exited, or unfilled through the 15:30/session-end deadline); a pattern detected while one is active is skipped (n_skipped_open) and NOT counted in n_setups. n_setups = patterns actually acted on (not blocked); n_patterns_detected = total pattern count before that gate; fill_rate = n_filled / n_setups. Random-entry control: 200 draws from one seeded generator (not 200 independent seeds, matching signals.day_selection_control's convention), entry = OPEN of a uniformly random bar in [10:00,15:30], same stop distance and R as the matched real trade, evaluated at the 1.0-pt cost only (not swept at 2.0). DSR at N=33 (8 trials this run + 25 already in the family) uses the per-trade-Sharpe dispersion of THIS RUN'S OWN 8 trials in the same window as SR0's pool (the 25 external trials are not available to this standalone unit). win/median/worst/calendar-day Sharpe/bootstrap p use the 1.0-pt cost; net pts and net % are also reported at 2.0. Windows: CONTEXT 2005-01-01..2012-12-31, SELECTION 2013-01-01..2020-05-13, HOLDOUT 2020-07-27..2026-09-11.",0.000000,0.118609
CONTEXT,long|R2|bos_off,long,2,off,1594,236,1358,789,0.581001,789,44.486692,-0.537677,-1.537677,-0.043563,-0.127821,-1.585000,-12.622500,-8.082000,-1.867467,-0.183874,1.000000,1.000000,-0.085677,-1.018329,1.000000,"FIXED (pre-registration): ATR mult 1.5, structure lookback 12 bars, stop buffer 0.1 ATR, min box height 0.05 ATR, entry = box midpoint. atr_ref for a setup ending at bar t = rolling(20) mean true range of the 20 bars strictly before the displacement bar t-1 (no lookahead into t-1/t); ATR rolls across sessions only for the first ~19 bars of a session, else same-session (pre-registration's own allowance); true range at a session's first bar uses that bar's own open, not the prior session's close (no overnight gap in ATR). FVG 3-bar pattern and the 12-bar structure lookback are SAME-SESSION ONLY; insufficient same-session history => no setup / no structure break. Fill deadline = bar START <= 15:30 ET; fill test = bar range contains the midpoint; exit search starts AT the fill bar itself (a wide bar can both fill and stop/TP); stop wins a same-bar stop+TP tie. One ACTIVE setup at a time per side (most conservative reading of 'one position at a time'): a setup occupies its side from detection until it is resolved (filled-then-exited, or unfilled through the 15:30/session-end deadline); a pattern detected while one is active is skipped (n_skipped_open) and NOT counted in n_setups. n_setups = patterns actually acted on (not blocked); n_patterns_detected = total pattern count before that gate; fill_rate = n_filled / n_setups. Random-entry control: 200 draws from one seeded generator (not 200 independent seeds, matching signals.day_selection_control's convention), entry = OPEN of a uniformly random bar in [10:00,15:30], same stop distance and R as the matched real trade, evaluated at the 1.0-pt cost only (not swept at 2.0). DSR at N=33 (8 trials this run + 25 already in the family) uses the per-trade-Sharpe dispersion of THIS RUN'S OWN 8 trials in the same window as SR0's pool (the 25 external trials are not available to this standalone unit). win/median/worst/calendar-day Sharpe/bootstrap p use the 1.0-pt cost; net pts and net % are also reported at 2.0. Windows: CONTEXT 2005-01-01..2012-12-31, SELECTION 2013-01-01..2020-05-13, HOLDOUT 2020-07-27..2026-09-11.",0.000000,0.118609
SELECTION,short|R1|bos_on,short,1,on,922,181,741,461,0.622132,461,65.075922,-0.503526,-1.503526,-0.023944,-0.069081,-0.075000,-6.926000,-6.926000,-2.297481,-0.298204,1.000000,1.000000,-0.043624,-0.964887,1.000000,"FIXED (pre-registration): ATR mult 1.5, structure lookback 12 bars, stop buffer 0.1 ATR, min box height 0.05 ATR, entry = box midpoint. atr_ref for a setup ending at bar t = rolling(20) mean true range of the 20 bars strictly before the displacement bar t-1 (no lookahead into t-1/t); ATR rolls across sessions only for the first ~19 bars of a session, else same-session (pre-registration's own allowance); true range at a session's first bar uses that bar's own open, not the prior session's close (no overnight gap in ATR). FVG 3-bar pattern and the 12-bar structure lookback are SAME-SESSION ONLY; insufficient same-session history => no setup / no structure break. Fill deadline = bar START <= 15:30 ET; fill test = bar range contains the midpoint; exit search starts AT the fill bar itself (a wide bar can both fill and stop/TP); stop wins a same-bar stop+TP tie. One ACTIVE setup at a time per side (most conservative reading of 'one position at a time'): a setup occupies its side from detection until it is resolved (filled-then-exited, or unfilled through the 15:30/session-end deadline); a pattern detected while one is active is skipped (n_skipped_open) and NOT counted in n_setups. n_setups = patterns actually acted on (not blocked); n_patterns_detected = total pattern count before that gate; fill_rate = n_filled / n_setups. Random-entry control: 200 draws from one seeded generator (not 200 independent seeds, matching signals.day_selection_control's convention), entry = OPEN of a uniformly random bar in [10:00,15:30], same stop distance and R as the matched real trade, evaluated at the 1.0-pt cost only (not swept at 2.0). DSR at N=33 (8 trials this run + 25 already in the family) uses the per-trade-Sharpe dispersion of THIS RUN'S OWN 8 trials in the same window as SR0's pool (the 25 external trials are not available to this standalone unit). win/median/worst/calendar-day Sharpe/bootstrap p use the 1.0-pt cost; net pts and net % are also reported at 2.0. Windows: CONTEXT 2005-01-01..2012-12-31, SELECTION 2013-01-01..2020-05-13, HOLDOUT 2020-07-27..2026-09-11.",0.000000,0.125886
SELECTION,short|R2|bos_on,short,2,on,922,182,740,460,0.621622,460,38.043478,-0.709607,-1.709607,-0.033054,-0.078162,-1.834500,-9.812500,-9.812500,-2.043063,-0.269655,1.000000,1.000000,-0.033344,-0.727833,0.545000,"FIXED (pre-registration): ATR mult 1.5, structure lookback 12 bars, stop buffer 0.1 ATR, min box height 0.05 ATR, entry = box midpoint. atr_ref for a setup ending at bar t = rolling(20) mean true range of the 20 bars strictly before the displacement bar t-1 (no lookahead into t-1/t); ATR rolls across sessions only for the first ~19 bars of a session, else same-session (pre-registration's own allowance); true range at a session's first bar uses that bar's own open, not the prior session's close (no overnight gap in ATR). FVG 3-bar pattern and the 12-bar structure lookback are SAME-SESSION ONLY; insufficient same-session history => no setup / no structure break. Fill deadline = bar START <= 15:30 ET; fill test = bar range contains the midpoint; exit search starts AT the fill bar itself (a wide bar can both fill and stop/TP); stop wins a same-bar stop+TP tie. One ACTIVE setup at a time per side (most conservative reading of 'one position at a time'): a setup occupies its side from detection until it is resolved (filled-then-exited, or unfilled through the 15:30/session-end deadline); a pattern detected while one is active is skipped (n_skipped_open) and NOT counted in n_setups. n_setups = patterns actually acted on (not blocked); n_patterns_detected = total pattern count before that gate; fill_rate = n_filled / n_setups. Random-entry control: 200 draws from one seeded generator (not 200 independent seeds, matching signals.day_selection_control's convention), entry = OPEN of a uniformly random bar in [10:00,15:30], same stop distance and R as the matched real trade, evaluated at the 1.0-pt cost only (not swept at 2.0). DSR at N=33 (8 trials this run + 25 already in the family) uses the per-trade-Sharpe dispersion of THIS RUN'S OWN 8 trials in the same window as SR0's pool (the 25 external trials are not available to this standalone unit). win/median/worst/calendar-day Sharpe/bootstrap p use the 1.0-pt cost; net pts and net % are also reported at 2.0. Windows: CONTEXT 2005-01-01..2012-12-31, SELECTION 2013-01-01..2020-05-13, HOLDOUT 2020-07-27..2026-09-11.",0.000000,0.125886
SELECTION,short|R1|bos_off,short,1,off,1707,383,1324,859,0.648792,859,65.774156,-0.399968,-1.399968,-0.020078,-0.065500,-0.052000,-14.340000,-14.340000,-2.328928,-0.224795,1.000000,1.000000,-0.047283,-1.036385,1.000000,"FIXED (pre-registration): ATR mult 1.5, structure lookback 12 bars, stop buffer 0.1 ATR, min box height 0.05 ATR, entry = box midpoint. atr_ref for a setup ending at bar t = rolling(20) mean true range of the 20 bars strictly before the displacement bar t-1 (no lookahead into t-1/t); ATR rolls across sessions only for the first ~19 bars of a session, else same-session (pre-registration's own allowance); true range at a session's first bar uses that bar's own open, not the prior session's close (no overnight gap in ATR). FVG 3-bar pattern and the 12-bar structure lookback are SAME-SESSION ONLY; insufficient same-session history => no setup / no structure break. Fill deadline = bar START <= 15:30 ET; fill test = bar range contains the midpoint; exit search starts AT the fill bar itself (a wide bar can both fill and stop/TP); stop wins a same-bar stop+TP tie. One ACTIVE setup at a time per side (most conservative reading of 'one position at a time'): a setup occupies its side from detection until it is resolved (filled-then-exited, or unfilled through the 15:30/session-end deadline); a pattern detected while one is active is skipped (n_skipped_open) and NOT counted in n_setups. n_setups = patterns actually acted on (not blocked); n_patterns_detected = total pattern count before that gate; fill_rate = n_filled / n_setups. Random-entry control: 200 draws from one seeded generator (not 200 independent seeds, matching signals.day_selection_control's convention), entry = OPEN of a uniformly random bar in [10:00,15:30], same stop distance and R as the matched real trade, evaluated at the 1.0-pt cost only (not swept at 2.0). DSR at N=33 (8 trials this run + 25 already in the family) uses the per-trade-Sharpe dispersion of THIS RUN'S OWN 8 trials in the same window as SR0's pool (the 25 external trials are not available to this standalone unit). win/median/worst/calendar-day Sharpe/bootstrap p use the 1.0-pt cost; net pts and net % are also reported at 2.0. Windows: CONTEXT 2005-01-01..2012-12-31, SELECTION 2013-01-01..2020-05-13, HOLDOUT 2020-07-27..2026-09-11.",0.000000,0.125886
SELECTION,short|R2|bos_off,short,2,off,1707,386,1321,856,0.647994,856,39.602804,-0.704505,-1.704505,-0.033450,-0.078867,-1.788000,-16.227000,-16.227000,-2.705801,-0.256096,1.000000,1.000000,-0.042675,-0.925610,0.985000,"FIXED (pre-registration): ATR mult 1.5, structure lookback 12 bars, stop buffer 0.1 ATR, min box height 0.05 ATR, entry = box midpoint. atr_ref for a setup ending at bar t = rolling(20) mean true range of the 20 bars strictly before the displacement bar t-1 (no lookahead into t-1/t); ATR rolls across sessions only for the first ~19 bars of a session, else same-session (pre-registration's own allowance); true range at a session's first bar uses that bar's own open, not the prior session's close (no overnight gap in ATR). FVG 3-bar pattern and the 12-bar structure lookback are SAME-SESSION ONLY; insufficient same-session history => no setup / no structure break. Fill deadline = bar START <= 15:30 ET; fill test = bar range contains the midpoint; exit search starts AT the fill bar itself (a wide bar can both fill and stop/TP); stop wins a same-bar stop+TP tie. One ACTIVE setup at a time per side (most conservative reading of 'one position at a time'): a setup occupies its side from detection until it is resolved (filled-then-exited, or unfilled through the 15:30/session-end deadline); a pattern detected while one is active is skipped (n_skipped_open) and NOT counted in n_setups. n_setups = patterns actually acted on (not blocked); n_patterns_detected = total pattern count before that gate; fill_rate = n_filled / n_setups. Random-entry control: 200 draws from one seeded generator (not 200 independent seeds, matching signals.day_selection_control's convention), entry = OPEN of a uniformly random bar in [10:00,15:30], same stop distance and R as the matched real trade, evaluated at the 1.0-pt cost only (not swept at 2.0). DSR at N=33 (8 trials this run + 25 already in the family) uses the per-trade-Sharpe dispersion of THIS RUN'S OWN 8 trials in the same window as SR0's pool (the 25 external trials are not available to this standalone unit). win/median/worst/calendar-day Sharpe/bootstrap p use the 1.0-pt cost; net pts and net % are also reported at 2.0. Windows: CONTEXT 2005-01-01..2012-12-31, SELECTION 2013-01-01..2020-05-13, HOLDOUT 2020-07-27..2026-09-11.",0.000000,0.125886
SELECTION,long|R1|bos_on,long,1,on,699,91,608,308,0.506579,308,62.987013,-0.321003,-1.321003,-0.016820,-0.062300,-0.155500,-8.167500,-8.167500,-0.984480,-0.152026,1.000000,1.000000,-0.046760,-1.039008,1.000000,"FIXED (pre-registration): ATR mult 1.5, structure lookback 12 bars, stop buffer 0.1 ATR, min box height 0.05 ATR, entry = box midpoint. atr_ref for a setup ending at bar t = rolling(20) mean true range of the 20 bars strictly before the displacement bar t-1 (no lookahead into t-1/t); ATR rolls across sessions only for the first ~19 bars of a session, else same-session (pre-registration's own allowance); true range at a session's first bar uses that bar's own open, not the prior session's close (no overnight gap in ATR). FVG 3-bar pattern and the 12-bar structure lookback are SAME-SESSION ONLY; insufficient same-session history => no setup / no structure break. Fill deadline = bar START <= 15:30 ET; fill test = bar range contains the midpoint; exit search starts AT the fill bar itself (a wide bar can both fill and stop/TP); stop wins a same-bar stop+TP tie. One ACTIVE setup at a time per side (most conservative reading of 'one position at a time'): a setup occupies its side from detection until it is resolved (filled-then-exited, or unfilled through the 15:30/session-end deadline); a pattern detected while one is active is skipped (n_skipped_open) and NOT counted in n_setups. n_setups = patterns actually acted on (not blocked); n_patterns_detected = total pattern count before that gate; fill_rate = n_filled / n_setups. Random-entry control: 200 draws from one seeded generator (not 200 independent seeds, matching signals.day_selection_control's convention), entry = OPEN of a uniformly random bar in [10:00,15:30], same stop distance and R as the matched real trade, evaluated at the 1.0-pt cost only (not swept at 2.0). DSR at N=33 (8 trials this run + 25 already in the family) uses the per-trade-Sharpe dispersion of THIS RUN'S OWN 8 trials in the same window as SR0's pool (the 25 external trials are not available to this standalone unit). win/median/worst/calendar-day Sharpe/bootstrap p use the 1.0-pt cost; net pts and net % are also reported at 2.0. Windows: CONTEXT 2005-01-01..2012-12-31, SELECTION 2013-01-01..2020-05-13, HOLDOUT 2020-07-27..2026-09-11.",0.000044,0.125886
SELECTION,long|R2|bos_on,long,2,on,699,92,607,307,0.505766,307,37.459283,-0.727409,-1.727409,-0.034517,-0.080044,-1.832000,-18.186000,-18.186000,-1.232361,-0.196580,1.000000,1.000000,-0.039234,-0.860041,0.735000,"FIXED (pre-registration): ATR mult 1.5, structure lookback 12 bars, stop buffer 0.1 ATR, min box height 0.05 ATR, entry = box midpoint. atr_ref for a setup ending at bar t = rolling(20) mean true range of the 20 bars strictly before the displacement bar t-1 (no lookahead into t-1/t); ATR rolls across sessions only for the first ~19 bars of a session, else same-session (pre-registration's own allowance); true range at a session's first bar uses that bar's own open, not the prior session's close (no overnight gap in ATR). FVG 3-bar pattern and the 12-bar structure lookback are SAME-SESSION ONLY; insufficient same-session history => no setup / no structure break. Fill deadline = bar START <= 15:30 ET; fill test = bar range contains the midpoint; exit search starts AT the fill bar itself (a wide bar can both fill and stop/TP); stop wins a same-bar stop+TP tie. One ACTIVE setup at a time per side (most conservative reading of 'one position at a time'): a setup occupies its side from detection until it is resolved (filled-then-exited, or unfilled through the 15:30/session-end deadline); a pattern detected while one is active is skipped (n_skipped_open) and NOT counted in n_setups. n_setups = patterns actually acted on (not blocked); n_patterns_detected = total pattern count before that gate; fill_rate = n_filled / n_setups. Random-entry control: 200 draws from one seeded generator (not 200 independent seeds, matching signals.day_selection_control's convention), entry = OPEN of a uniformly random bar in [10:00,15:30], same stop distance and R as the matched real trade, evaluated at the 1.0-pt cost only (not swept at 2.0). DSR at N=33 (8 trials this run + 25 already in the family) uses the per-trade-Sharpe dispersion of THIS RUN'S OWN 8 trials in the same window as SR0's pool (the 25 external trials are not available to this standalone unit). win/median/worst/calendar-day Sharpe/bootstrap p use the 1.0-pt cost; net pts and net % are also reported at 2.0. Windows: CONTEXT 2005-01-01..2012-12-31, SELECTION 2013-01-01..2020-05-13, HOLDOUT 2020-07-27..2026-09-11.",0.000109,0.125886
SELECTION,long|R1|bos_off,long,1,off,1399,216,1183,664,0.561285,664,65.361446,-0.230874,-1.230874,-0.013828,-0.059170,-0.001000,-11.102000,-11.102000,-1.080235,-0.125623,1.000000,1.000000,-0.049998,-1.116536,1.000000,"FIXED (pre-registration): ATR mult 1.5, structure lookback 12 bars, stop buffer 0.1 ATR, min box height 0.05 ATR, entry = box midpoint. atr_ref for a setup ending at bar t = rolling(20) mean true range of the 20 bars strictly before the displacement bar t-1 (no lookahead into t-1/t); ATR rolls across sessions only for the first ~19 bars of a session, else same-session (pre-registration's own allowance); true range at a session's first bar uses that bar's own open, not the prior session's close (no overnight gap in ATR). FVG 3-bar pattern and the 12-bar structure lookback are SAME-SESSION ONLY; insufficient same-session history => no setup / no structure break. Fill deadline = bar START <= 15:30 ET; fill test = bar range contains the midpoint; exit search starts AT the fill bar itself (a wide bar can both fill and stop/TP); stop wins a same-bar stop+TP tie. One ACTIVE setup at a time per side (most conservative reading of 'one position at a time'): a setup occupies its side from detection until it is resolved (filled-then-exited, or unfilled through the 15:30/session-end deadline); a pattern detected while one is active is skipped (n_skipped_open) and NOT counted in n_setups. n_setups = patterns actually acted on (not blocked); n_patterns_detected = total pattern count before that gate; fill_rate = n_filled / n_setups. Random-entry control: 200 draws from one seeded generator (not 200 independent seeds, matching signals.day_selection_control's convention), entry = OPEN of a uniformly random bar in [10:00,15:30], same stop distance and R as the matched real trade, evaluated at the 1.0-pt cost only (not swept at 2.0). DSR at N=33 (8 trials this run + 25 already in the family) uses the per-trade-Sharpe dispersion of THIS RUN'S OWN 8 trials in the same window as SR0's pool (the 25 external trials are not available to this standalone unit). win/median/worst/calendar-day Sharpe/bootstrap p use the 1.0-pt cost; net pts and net % are also reported at 2.0. Windows: CONTEXT 2005-01-01..2012-12-31, SELECTION 2013-01-01..2020-05-13, HOLDOUT 2020-07-27..2026-09-11.",0.000000,0.125886
SELECTION,long|R2|bos_off,long,2,off,1399,222,1177,661,0.561597,661,39.636914,-0.673689,-1.673689,-0.031405,-0.076824,-1.834500,-26.497000,-18.186000,-1.805890,-0.185183,1.000000,1.000000,-0.048261,-1.085445,1.000000,"FIXED (pre-registration): ATR mult 1.5, structure lookback 12 bars, stop buffer 0.1 ATR, min box height 0.05 ATR, entry = box midpoint. atr_ref for a setup ending at bar t = rolling(20) mean true range of the 20 bars strictly before the displacement bar t-1 (no lookahead into t-1/t); ATR rolls across sessions only for the first ~19 bars of a session, else same-session (pre-registration's own allowance); true range at a session's first bar uses that bar's own open, not the prior session's close (no overnight gap in ATR). FVG 3-bar pattern and the 12-bar structure lookback are SAME-SESSION ONLY; insufficient same-session history => no setup / no structure break. Fill deadline = bar START <= 15:30 ET; fill test = bar range contains the midpoint; exit search starts AT the fill bar itself (a wide bar can both fill and stop/TP); stop wins a same-bar stop+TP tie. One ACTIVE setup at a time per side (most conservative reading of 'one position at a time'): a setup occupies its side from detection until it is resolved (filled-then-exited, or unfilled through the 15:30/session-end deadline); a pattern detected while one is active is skipped (n_skipped_open) and NOT counted in n_setups. n_setups = patterns actually acted on (not blocked); n_patterns_detected = total pattern count before that gate; fill_rate = n_filled / n_setups. Random-entry control: 200 draws from one seeded generator (not 200 independent seeds, matching signals.day_selection_control's convention), entry = OPEN of a uniformly random bar in [10:00,15:30], same stop distance and R as the matched real trade, evaluated at the 1.0-pt cost only (not swept at 2.0). DSR at N=33 (8 trials this run + 25 already in the family) uses the per-trade-Sharpe dispersion of THIS RUN'S OWN 8 trials in the same window as SR0's pool (the 25 external trials are not available to this standalone unit). win/median/worst/calendar-day Sharpe/bootstrap p use the 1.0-pt cost; net pts and net % are also reported at 2.0. Windows: CONTEXT 2005-01-01..2012-12-31, SELECTION 2013-01-01..2020-05-13, HOLDOUT 2020-07-27..2026-09-11.",0.000000,0.125886
HOLDOUT,short|R1|bos_on,short,1,on,1095,206,889,493,0.554556,493,60.851927,-0.003946,-1.003946,-0.000350,-0.021583,0.755750,-14.724250,-15.590000,-0.032647,-0.003685,1.000000,1.000000,-0.018986,-0.868177,1.000000,"FIXED (pre-registration): ATR mult 1.5, structure lookback 12 bars, stop buffer 0.1 ATR, min box height 0.05 ATR, entry = box midpoint. atr_ref for a setup ending at bar t = rolling(20) mean true range of the 20 bars strictly before the displacement bar t-1 (no lookahead into t-1/t); ATR rolls across sessions only for the first ~19 bars of a session, else same-session (pre-registration's own allowance); true range at a session's first bar uses that bar's own open, not the prior session's close (no overnight gap in ATR). FVG 3-bar pattern and the 12-bar structure lookback are SAME-SESSION ONLY; insufficient same-session history => no setup / no structure break. Fill deadline = bar START <= 15:30 ET; fill test = bar range contains the midpoint; exit search starts AT the fill bar itself (a wide bar can both fill and stop/TP); stop wins a same-bar stop+TP tie. One ACTIVE setup at a time per side (most conservative reading of 'one position at a time'): a setup occupies its side from detection until it is resolved (filled-then-exited, or unfilled through the 15:30/session-end deadline); a pattern detected while one is active is skipped (n_skipped_open) and NOT counted in n_setups. n_setups = patterns actually acted on (not blocked); n_patterns_detected = total pattern count before that gate; fill_rate = n_filled / n_setups. Random-entry control: 200 draws from one seeded generator (not 200 independent seeds, matching signals.day_selection_control's convention), entry = OPEN of a uniformly random bar in [10:00,15:30], same stop distance and R as the matched real trade, evaluated at the 1.0-pt cost only (not swept at 2.0). DSR at N=33 (8 trials this run + 25 already in the family) uses the per-trade-Sharpe dispersion of THIS RUN'S OWN 8 trials in the same window as SR0's pool (the 25 external trials are not available to this standalone unit). win/median/worst/calendar-day Sharpe/bootstrap p use the 1.0-pt cost; net pts and net % are also reported at 2.0. Windows: CONTEXT 2005-01-01..2012-12-31, SELECTION 2013-01-01..2020-05-13, HOLDOUT 2020-07-27..2026-09-11.",0.000408,0.147277
HOLDOUT,short|R2|bos_on,short,2,on,1095,208,887,493,0.555806,493,35.496957,-0.575596,-1.575596,-0.013762,-0.034995,-2.821500,-19.309500,-19.309500,-0.856911,-0.097323,1.000000,1.000000,-0.009348,-0.391312,0.200000,"FIXED (pre-registration): ATR mult 1.5, structure lookback 12 bars, stop buffer 0.1 ATR, min box height 0.05 ATR, entry = box midpoint. atr_ref for a setup ending at bar t = rolling(20) mean true range of the 20 bars strictly before the displacement bar t-1 (no lookahead into t-1/t); ATR rolls across sessions only for the first ~19 bars of a session, else same-session (pre-registration's own allowance); true range at a session's first bar uses that bar's own open, not the prior session's close (no overnight gap in ATR). FVG 3-bar pattern and the 12-bar structure lookback are SAME-SESSION ONLY; insufficient same-session history => no setup / no structure break. Fill deadline = bar START <= 15:30 ET; fill test = bar range contains the midpoint; exit search starts AT the fill bar itself (a wide bar can both fill and stop/TP); stop wins a same-bar stop+TP tie. One ACTIVE setup at a time per side (most conservative reading of 'one position at a time'): a setup occupies its side from detection until it is resolved (filled-then-exited, or unfilled through the 15:30/session-end deadline); a pattern detected while one is active is skipped (n_skipped_open) and NOT counted in n_setups. n_setups = patterns actually acted on (not blocked); n_patterns_detected = total pattern count before that gate; fill_rate = n_filled / n_setups. Random-entry control: 200 draws from one seeded generator (not 200 independent seeds, matching signals.day_selection_control's convention), entry = OPEN of a uniformly random bar in [10:00,15:30], same stop distance and R as the matched real trade, evaluated at the 1.0-pt cost only (not swept at 2.0). DSR at N=33 (8 trials this run + 25 already in the family) uses the per-trade-Sharpe dispersion of THIS RUN'S OWN 8 trials in the same window as SR0's pool (the 25 external trials are not available to this standalone unit). win/median/worst/calendar-day Sharpe/bootstrap p use the 1.0-pt cost; net pts and net % are also reported at 2.0. Windows: CONTEXT 2005-01-01..2012-12-31, SELECTION 2013-01-01..2020-05-13, HOLDOUT 2020-07-27..2026-09-11.",0.000000,0.147277
HOLDOUT,short|R1|bos_off,short,1,off,2208,579,1629,959,0.588705,959,60.375391,0.026263,-0.973737,0.000153,-0.021139,0.854000,-15.126500,-22.545000,0.018083,0.001481,0.480250,0.487000,-0.024886,-1.172540,1.000000,"FIXED (pre-registration): ATR mult 1.5, structure lookback 12 bars, stop buffer 0.1 ATR, min box height 0.05 ATR, entry = box midpoint. atr_ref for a setup ending at bar t = rolling(20) mean true range of the 20 bars strictly before the displacement bar t-1 (no lookahead into t-1/t); ATR rolls across sessions only for the first ~19 bars of a session, else same-session (pre-registration's own allowance); true range at a session's first bar uses that bar's own open, not the prior session's close (no overnight gap in ATR). FVG 3-bar pattern and the 12-bar structure lookback are SAME-SESSION ONLY; insufficient same-session history => no setup / no structure break. Fill deadline = bar START <= 15:30 ET; fill test = bar range contains the midpoint; exit search starts AT the fill bar itself (a wide bar can both fill and stop/TP); stop wins a same-bar stop+TP tie. One ACTIVE setup at a time per side (most conservative reading of 'one position at a time'): a setup occupies its side from detection until it is resolved (filled-then-exited, or unfilled through the 15:30/session-end deadline); a pattern detected while one is active is skipped (n_skipped_open) and NOT counted in n_setups. n_setups = patterns actually acted on (not blocked); n_patterns_detected = total pattern count before that gate; fill_rate = n_filled / n_setups. Random-entry control: 200 draws from one seeded generator (not 200 independent seeds, matching signals.day_selection_control's convention), entry = OPEN of a uniformly random bar in [10:00,15:30], same stop distance and R as the matched real trade, evaluated at the 1.0-pt cost only (not swept at 2.0). DSR at N=33 (8 trials this run + 25 already in the family) uses the per-trade-Sharpe dispersion of THIS RUN'S OWN 8 trials in the same window as SR0's pool (the 25 external trials are not available to this standalone unit). win/median/worst/calendar-day Sharpe/bootstrap p use the 1.0-pt cost; net pts and net % are also reported at 2.0. Windows: CONTEXT 2005-01-01..2012-12-31, SELECTION 2013-01-01..2020-05-13, HOLDOUT 2020-07-27..2026-09-11.",0.000003,0.147277
HOLDOUT,short|R2|bos_off,short,2,off,2208,588,1620,958,0.591358,958,35.386221,-0.662107,-1.662107,-0.015110,-0.036402,-3.116625,-19.309500,-19.309500,-1.244159,-0.101872,1.000000,1.000000,-0.020765,-0.974204,0.905000,"FIXED (pre-registration): ATR mult 1.5, structure lookback 12 bars, stop buffer 0.1 ATR, min box height 0.05 ATR, entry = box midpoint. atr_ref for a setup ending at bar t = rolling(20) mean true range of the 20 bars strictly before the displacement bar t-1 (no lookahead into t-1/t); ATR rolls across sessions only for the first ~19 bars of a session, else same-session (pre-registration's own allowance); true range at a session's first bar uses that bar's own open, not the prior session's close (no overnight gap in ATR). FVG 3-bar pattern and the 12-bar structure lookback are SAME-SESSION ONLY; insufficient same-session history => no setup / no structure break. Fill deadline = bar START <= 15:30 ET; fill test = bar range contains the midpoint; exit search starts AT the fill bar itself (a wide bar can both fill and stop/TP); stop wins a same-bar stop+TP tie. One ACTIVE setup at a time per side (most conservative reading of 'one position at a time'): a setup occupies its side from detection until it is resolved (filled-then-exited, or unfilled through the 15:30/session-end deadline); a pattern detected while one is active is skipped (n_skipped_open) and NOT counted in n_setups. n_setups = patterns actually acted on (not blocked); n_patterns_detected = total pattern count before that gate; fill_rate = n_filled / n_setups. Random-entry control: 200 draws from one seeded generator (not 200 independent seeds, matching signals.day_selection_control's convention), entry = OPEN of a uniformly random bar in [10:00,15:30], same stop distance and R as the matched real trade, evaluated at the 1.0-pt cost only (not swept at 2.0). DSR at N=33 (8 trials this run + 25 already in the family) uses the per-trade-Sharpe dispersion of THIS RUN'S OWN 8 trials in the same window as SR0's pool (the 25 external trials are not available to this standalone unit). win/median/worst/calendar-day Sharpe/bootstrap p use the 1.0-pt cost; net pts and net % are also reported at 2.0. Windows: CONTEXT 2005-01-01..2012-12-31, SELECTION 2013-01-01..2020-05-13, HOLDOUT 2020-07-27..2026-09-11.",0.000000,0.147277
HOLDOUT,long|R1|bos_on,long,1,on,698,82,616,282,0.457792,282,56.737589,-0.565786,-1.565786,-0.013979,-0.035617,0.199625,-17.631250,-17.631250,-0.956403,-0.143396,1.000000,1.000000,-0.021057,-0.984561,0.900000,"FIXED (pre-registration): ATR mult 1.5, structure lookback 12 bars, stop buffer 0.1 ATR, min box height 0.05 ATR, entry = box midpoint. atr_ref for a setup ending at bar t = rolling(20) mean true range of the 20 bars strictly before the displacement bar t-1 (no lookahead into t-1/t); ATR rolls across sessions only for the first ~19 bars of a session, else same-session (pre-registration's own allowance); true range at a session's first bar uses that bar's own open, not the prior session's close (no overnight gap in ATR). FVG 3-bar pattern and the 12-bar structure lookback are SAME-SESSION ONLY; insufficient same-session history => no setup / no structure break. Fill deadline = bar START <= 15:30 ET; fill test = bar range contains the midpoint; exit search starts AT the fill bar itself (a wide bar can both fill and stop/TP); stop wins a same-bar stop+TP tie. One ACTIVE setup at a time per side (most conservative reading of 'one position at a time'): a setup occupies its side from detection until it is resolved (filled-then-exited, or unfilled through the 15:30/session-end deadline); a pattern detected while one is active is skipped (n_skipped_open) and NOT counted in n_setups. n_setups = patterns actually acted on (not blocked); n_patterns_detected = total pattern count before that gate; fill_rate = n_filled / n_setups. Random-entry control: 200 draws from one seeded generator (not 200 independent seeds, matching signals.day_selection_control's convention), entry = OPEN of a uniformly random bar in [10:00,15:30], same stop distance and R as the matched real trade, evaluated at the 1.0-pt cost only (not swept at 2.0). DSR at N=33 (8 trials this run + 25 already in the family) uses the per-trade-Sharpe dispersion of THIS RUN'S OWN 8 trials in the same window as SR0's pool (the 25 external trials are not available to this standalone unit). win/median/worst/calendar-day Sharpe/bootstrap p use the 1.0-pt cost; net pts and net % are also reported at 2.0. Windows: CONTEXT 2005-01-01..2012-12-31, SELECTION 2013-01-01..2020-05-13, HOLDOUT 2020-07-27..2026-09-11.",0.000000,0.147277
HOLDOUT,long|R2|bos_on,long,2,on,698,83,615,282,0.458537,282,35.460993,-1.143401,-2.143401,-0.026495,-0.048133,-2.748500,-17.631250,-24.275500,-1.374956,-0.207354,1.000000,1.000000,-0.015274,-0.709704,0.080000,"FIXED (pre-registration): ATR mult 1.5, structure lookback 12 bars, stop buffer 0.1 ATR, min box height 0.05 ATR, entry = box midpoint. atr_ref for a setup ending at bar t = rolling(20) mean true range of the 20 bars strictly before the displacement bar t-1 (no lookahead into t-1/t); ATR rolls across sessions only for the first ~19 bars of a session, else same-session (pre-registration's own allowance); true range at a session's first bar uses that bar's own open, not the prior session's close (no overnight gap in ATR). FVG 3-bar pattern and the 12-bar structure lookback are SAME-SESSION ONLY; insufficient same-session history => no setup / no structure break. Fill deadline = bar START <= 15:30 ET; fill test = bar range contains the midpoint; exit search starts AT the fill bar itself (a wide bar can both fill and stop/TP); stop wins a same-bar stop+TP tie. One ACTIVE setup at a time per side (most conservative reading of 'one position at a time'): a setup occupies its side from detection until it is resolved (filled-then-exited, or unfilled through the 15:30/session-end deadline); a pattern detected while one is active is skipped (n_skipped_open) and NOT counted in n_setups. n_setups = patterns actually acted on (not blocked); n_patterns_detected = total pattern count before that gate; fill_rate = n_filled / n_setups. Random-entry control: 200 draws from one seeded generator (not 200 independent seeds, matching signals.day_selection_control's convention), entry = OPEN of a uniformly random bar in [10:00,15:30], same stop distance and R as the matched real trade, evaluated at the 1.0-pt cost only (not swept at 2.0). DSR at N=33 (8 trials this run + 25 already in the family) uses the per-trade-Sharpe dispersion of THIS RUN'S OWN 8 trials in the same window as SR0's pool (the 25 external trials are not available to this standalone unit). win/median/worst/calendar-day Sharpe/bootstrap p use the 1.0-pt cost; net pts and net % are also reported at 2.0. Windows: CONTEXT 2005-01-01..2012-12-31, SELECTION 2013-01-01..2020-05-13, HOLDOUT 2020-07-27..2026-09-11.",0.000000,0.147277
HOLDOUT,long|R1|bos_off,long,1,off,1577,240,1337,700,0.523560,700,58.142857,-0.227603,-1.227603,-0.005407,-0.026497,0.717125,-17.631250,-18.478000,-0.543939,-0.052550,1.000000,1.000000,-0.026110,-1.267321,1.000000,"FIXED (pre-registration): ATR mult 1.5, structure lookback 12 bars, stop buffer 0.1 ATR, min box height 0.05 ATR, entry = box midpoint. atr_ref for a setup ending at bar t = rolling(20) mean true range of the 20 bars strictly before the displacement bar t-1 (no lookahead into t-1/t); ATR rolls across sessions only for the first ~19 bars of a session, else same-session (pre-registration's own allowance); true range at a session's first bar uses that bar's own open, not the prior session's close (no overnight gap in ATR). FVG 3-bar pattern and the 12-bar structure lookback are SAME-SESSION ONLY; insufficient same-session history => no setup / no structure break. Fill deadline = bar START <= 15:30 ET; fill test = bar range contains the midpoint; exit search starts AT the fill bar itself (a wide bar can both fill and stop/TP); stop wins a same-bar stop+TP tie. One ACTIVE setup at a time per side (most conservative reading of 'one position at a time'): a setup occupies its side from detection until it is resolved (filled-then-exited, or unfilled through the 15:30/session-end deadline); a pattern detected while one is active is skipped (n_skipped_open) and NOT counted in n_setups. n_setups = patterns actually acted on (not blocked); n_patterns_detected = total pattern count before that gate; fill_rate = n_filled / n_setups. Random-entry control: 200 draws from one seeded generator (not 200 independent seeds, matching signals.day_selection_control's convention), entry = OPEN of a uniformly random bar in [10:00,15:30], same stop distance and R as the matched real trade, evaluated at the 1.0-pt cost only (not swept at 2.0). DSR at N=33 (8 trials this run + 25 already in the family) uses the per-trade-Sharpe dispersion of THIS RUN'S OWN 8 trials in the same window as SR0's pool (the 25 external trials are not available to this standalone unit). win/median/worst/calendar-day Sharpe/bootstrap p use the 1.0-pt cost; net pts and net % are also reported at 2.0. Windows: CONTEXT 2005-01-01..2012-12-31, SELECTION 2013-01-01..2020-05-13, HOLDOUT 2020-07-27..2026-09-11.",0.000000,0.147277
HOLDOUT,long|R2|bos_off,long,2,off,1577,247,1330,696,0.523308,696,36.206897,-0.722221,-1.722221,-0.014474,-0.035531,-3.158625,-17.631250,-27.096750,-1.049642,-0.095871,1.000000,1.000000,-0.025074,-1.230901,1.000000,"FIXED (pre-registration): ATR mult 1.5, structure lookback 12 bars, stop buffer 0.1 ATR, min box height 0.05 ATR, entry = box midpoint. atr_ref for a setup ending at bar t = rolling(20) mean true range of the 20 bars strictly before the displacement bar t-1 (no lookahead into t-1/t); ATR rolls across sessions only for the first ~19 bars of a session, else same-session (pre-registration's own allowance); true range at a session's first bar uses that bar's own open, not the prior session's close (no overnight gap in ATR). FVG 3-bar pattern and the 12-bar structure lookback are SAME-SESSION ONLY; insufficient same-session history => no setup / no structure break. Fill deadline = bar START <= 15:30 ET; fill test = bar range contains the midpoint; exit search starts AT the fill bar itself (a wide bar can both fill and stop/TP); stop wins a same-bar stop+TP tie. One ACTIVE setup at a time per side (most conservative reading of 'one position at a time'): a setup occupies its side from detection until it is resolved (filled-then-exited, or unfilled through the 15:30/session-end deadline); a pattern detected while one is active is skipped (n_skipped_open) and NOT counted in n_setups. n_setups = patterns actually acted on (not blocked); n_patterns_detected = total pattern count before that gate; fill_rate = n_filled / n_setups. Random-entry control: 200 draws from one seeded generator (not 200 independent seeds, matching signals.day_selection_control's convention), entry = OPEN of a uniformly random bar in [10:00,15:30], same stop distance and R as the matched real trade, evaluated at the 1.0-pt cost only (not swept at 2.0). DSR at N=33 (8 trials this run + 25 already in the family) uses the per-trade-Sharpe dispersion of THIS RUN'S OWN 8 trials in the same window as SR0's pool (the 25 external trials are not available to this standalone unit). win/median/worst/calendar-day Sharpe/bootstrap p use the 1.0-pt cost; net pts and net % are also reported at 2.0. Windows: CONTEXT 2005-01-01..2012-12-31, SELECTION 2013-01-01..2020-05-13, HOLDOUT 2020-07-27..2026-09-11.",0.000000,0.147277
