window,trial,date,entry_px,exit_px,net_pts_cost1
CONTEXT,T1,2006-01-17,1283.600000,1283.900000,-0.700000
CONTEXT,T1,2006-01-18,1278.900000,1278.700000,-1.200000
CONTEXT,T1,2006-02-03,1261.200000,1263.700000,1.500000
CONTEXT,T1,2006-02-28,1289.200000,1280.000000,-10.200000
CONTEXT,T1,2006-03-02,1284.400000,1289.700000,4.300000
CONTEXT,T1,2006-03-03,1287.000000,1287.000000,-1.000000
CONTEXT,T1,2006-04-27,1301.900000,1309.400000,6.500000
CONTEXT,T1,2006-05-15,1288.700000,1294.200000,4.500000
CONTEXT,T1,2006-05-17,1285.400000,1269.500000,-16.900000
CONTEXT,T1,2006-05-22,1262.000000,1261.800000,-1.200000
CONTEXT,T1,2006-06-16,1254.000000,1251.000000,-4.000000
CONTEXT,T1,2006-07-13,1249.100000,1241.500000,-8.600000
CONTEXT,T1,2006-07-26,1264.700000,1267.400000,1.700000
CONTEXT,T1,2006-08-01,1268.100000,1270.400000,1.300000
CONTEXT,T1,2006-08-03,1271.900000,1279.100000,6.200000
CONTEXT,T1,2006-09-06,1306.300000,1300.400000,-6.900000
CONTEXT,T1,2006-09-07,1296.500000,1294.000000,-3.500000
CONTEXT,T1,2006-09-11,1294.200000,1300.000000,4.800000
CONTEXT,T1,2006-10-11,1349.600000,1351.400000,0.800000
CONTEXT,T1,2006-10-17,1362.400000,1365.900000,2.500000
CONTEXT,T1,2006-10-24,1375.600000,1378.400000,1.800000
CONTEXT,T1,2006-11-02,1363.200000,1366.900000,2.700000
CONTEXT,T1,2006-11-08,1379.300000,1385.800000,5.500000
CONTEXT,T1,2006-12-19,1418.400000,1425.600000,6.200000
CONTEXT,T1,2007-01-10,1407.700000,1414.600000,5.900000
CONTEXT,T1,2007-02-21,1454.600000,1456.400000,0.800000
CONTEXT,T1,2007-02-27,1436.000000,1397.300000,-39.700000
CONTEXT,T1,2007-03-01,1393.000000,1402.800000,8.800000
CONTEXT,T1,2007-03-02,1396.200000,1386.500000,-10.700000
CONTEXT,T1,2007-03-05,1383.100000,1373.600000,-10.500000
CONTEXT,T1,2007-03-13,1400.300000,1377.900000,-23.400000
CONTEXT,T1,2007-03-27,1432.700000,1430.800000,-2.900000
CONTEXT,T1,2007-03-28,1424.700000,1418.500000,-7.200000
CONTEXT,T1,2007-04-18,1469.300000,1472.600000,2.300000
CONTEXT,T1,2007-04-19,1467.700000,1471.200000,2.500000
CONTEXT,T1,2007-05-10,1506.200000,1492.800000,-14.400000
CONTEXT,T1,2007-05-30,1515.100000,1530.900000,14.800000
CONTEXT,T1,2007-06-05,1533.800000,1531.800000,-3.000000
CONTEXT,T1,2007-06-06,1522.700000,1517.700000,-6.000000
CONTEXT,T1,2007-06-07,1516.500000,1490.100000,-27.400000
CONTEXT,T1,2007-06-12,1502.600000,1493.200000,-10.400000
CONTEXT,T1,2007-06-22,1515.200000,1504.600000,-11.600000
CONTEXT,T1,2007-06-27,1485.900000,1507.300000,20.400000
CONTEXT,T1,2007-07-10,1519.800000,1509.400000,-11.400000
CONTEXT,T1,2007-07-18,1546.600000,1546.400000,-1.200000
CONTEXT,T1,2007-07-24,1530.100000,1511.500000,-19.600000
CONTEXT,T1,2007-07-26,1499.500000,1484.700000,-15.800000
CONTEXT,T1,2007-08-07,1462.900000,1475.400000,11.500000
CONTEXT,T1,2007-08-09,1477.100000,1453.800000,-24.300000
CONTEXT,T1,2007-08-10,1440.900000,1453.400000,11.500000
CONTEXT,T1,2007-08-16,1393.400000,1414.600000,20.200000
CONTEXT,T1,2007-08-28,1455.600000,1433.700000,-22.900000
CONTEXT,T1,2007-08-30,1457.200000,1458.000000,-0.200000
CONTEXT,T1,2007-09-05,1472.700000,1471.800000,-1.900000
CONTEXT,T1,2007-09-07,1461.000000,1453.800000,-8.200000
CONTEXT,T1,2007-09-14,1477.000000,1484.000000,6.000000
CONTEXT,T1,2007-09-17,1479.900000,1476.700000,-4.200000
CONTEXT,T1,2007-09-25,1509.300000,1521.000000,10.700000
CONTEXT,T1,2007-10-03,1539.800000,1541.300000,0.500000
CONTEXT,T1,2007-10-18,1535.500000,1540.300000,3.800000
CONTEXT,T1,2007-10-19,1530.200000,1500.800000,-30.400000
CONTEXT,T1,2007-10-22,1498.700000,1507.400000,7.700000
CONTEXT,T1,2007-10-24,1512.300000,1516.300000,3.000000
CONTEXT,T1,2007-10-30,1534.600000,1530.700000,-4.900000
CONTEXT,T1,2007-11-01,1526.200000,1506.800000,-20.400000
CONTEXT,T1,2007-11-05,1502.900000,1501.200000,-2.700000
CONTEXT,T1,2007-11-07,1504.900000,1474.800000,-31.100000
CONTEXT,T1,2007-11-09,1453.500000,1451.300000,-3.200000
CONTEXT,T1,2007-11-19,1446.400000,1433.700000,-13.700000
CONTEXT,T1,2007-11-21,1429.400000,1415.700000,-14.700000
CONTEXT,T1,2007-11-29,1464.400000,1470.400000,5.000000
CONTEXT,T1,2007-12-04,1465.900000,1462.700000,-4.200000
CONTEXT,T1,2007-12-13,1475.600000,1489.400000,12.800000
CONTEXT,T1,2007-12-14,1477.700000,1467.500000,-11.200000
CONTEXT,T1,2007-12-17,1458.100000,1446.100000,-13.000000
CONTEXT,T1,2008-01-04,1432.300000,1409.500000,-23.800000
CONTEXT,T1,2008-01-10,1400.400000,1418.100000,16.700000
CONTEXT,T1,2008-01-11,1405.800000,1400.100000,-6.700000
CONTEXT,T1,2008-01-15,1398.500000,1378.800000,-20.700000
CONTEXT,T1,2008-01-16,1374.400000,1370.500000,-4.900000
CONTEXT,T1,2008-01-22,1281.700000,1307.200000,24.500000
CONTEXT,T1,2008-01-23,1292.300000,1335.400000,42.100000
CONTEXT,T1,2008-01-31,1340.200000,1369.600000,28.400000
CONTEXT,T1,2008-02-05,1355.100000,1333.500000,-22.600000
CONTEXT,T1,2008-02-07,1316.900000,1333.700000,15.800000
CONTEXT,T1,2008-02-08,1332.500000,1327.300000,-6.200000
CONTEXT,T1,2008-02-20,1336.200000,1356.900000,19.700000
CONTEXT,T1,2008-02-26,1363.000000,1379.800000,15.800000
CONTEXT,T1,2008-02-27,1374.600000,1377.400000,1.800000
CONTEXT,T1,2008-02-28,1370.500000,1365.700000,-5.800000
CONTEXT,T1,2008-02-29,1345.600000,1330.200000,-16.400000
CONTEXT,T1,2008-03-04,1323.300000,1325.100000,0.800000
CONTEXT,T1,2008-03-06,1317.500000,1304.000000,-14.500000
CONTEXT,T1,2008-03-07,1305.600000,1292.700000,-13.900000
CONTEXT,T1,2008-03-13,1285.500000,1314.700000,28.200000
CONTEXT,T1,2008-03-17,1270.600000,1275.900000,4.300000
CONTEXT,T1,2008-03-26,1344.100000,1340.300000,-4.800000
CONTEXT,T1,2008-04-03,1365.200000,1369.200000,3.000000
CONTEXT,T1,2008-04-08,1365.500000,1366.000000,-0.500000
CONTEXT,T1,2008-04-11,1344.600000,1333.100000,-12.500000
CONTEXT,T1,2008-04-21,1385.300000,1388.800000,2.500000
CONTEXT,T1,2008-04-22,1380.800000,1377.300000,-4.500000
CONTEXT,T1,2008-05-06,1398.100000,1417.600000,18.500000
CONTEXT,T1,2008-05-09,1385.700000,1387.900000,1.200000
CONTEXT,T1,2008-05-23,1382.400000,1375.700000,-7.700000
CONTEXT,T1,2008-06-06,1388.500000,1359.200000,-30.300000
CONTEXT,T1,2008-06-10,1354.500000,1357.300000,1.800000
CONTEXT,T1,2008-06-16,1354.400000,1359.900000,4.500000
CONTEXT,T1,2008-06-18,1340.500000,1338.700000,-2.800000
CONTEXT,T1,2008-06-20,1327.300000,1318.000000,-10.300000
CONTEXT,T1,2008-06-24,1305.800000,1315.000000,8.200000
CONTEXT,T1,2008-06-26,1308.600000,1283.600000,-26.000000
CONTEXT,T1,2008-07-01,1276.600000,1285.100000,7.500000
CONTEXT,T1,2008-07-11,1242.000000,1240.700000,-2.300000
CONTEXT,T1,2008-07-15,1205.300000,1214.500000,8.200000
CONTEXT,T1,2008-07-22,1253.000000,1276.500000,22.500000
CONTEXT,T1,2008-07-31,1278.800000,1266.600000,-13.200000
CONTEXT,T1,2008-08-07,1277.700000,1266.400000,-12.300000
CONTEXT,T1,2008-08-14,1281.700000,1292.500000,9.800000
CONTEXT,T1,2008-08-19,1270.800000,1267.300000,-4.500000
CONTEXT,T1,2008-08-21,1269.500000,1277.300000,6.800000
CONTEXT,T1,2008-08-25,1283.000000,1267.600000,-16.400000
CONTEXT,T1,2008-08-29,1295.100000,1283.100000,-13.000000
CONTEXT,T1,2008-09-04,1264.900000,1236.400000,-29.500000
CONTEXT,T1,2008-09-05,1226.600000,1241.900000,14.300000
CONTEXT,T1,2008-09-11,1214.400000,1250.200000,34.800000
CONTEXT,T1,2008-09-12,1235.500000,1253.000000,16.500000
CONTEXT,T1,2008-09-15,1217.000000,1199.000000,-19.000000
CONTEXT,T1,2008-09-16,1175.000000,1214.200000,38.200000
CONTEXT,T1,2008-09-17,1196.700000,1156.500000,-41.200000
CONTEXT,T1,2008-09-22,1233.000000,1203.200000,-30.800000
CONTEXT,T1,2008-09-26,1196.100000,1215.100000,18.000000
CONTEXT,T1,2008-09-29,1175.400000,1128.000000,-48.400000
CONTEXT,T1,2008-10-01,1150.000000,1162.000000,11.000000
CONTEXT,T1,2008-10-02,1137.100000,1114.200000,-23.900000
CONTEXT,T1,2008-10-06,1063.600000,1063.800000,-0.800000
CONTEXT,T1,2008-10-08,1014.100000,983.400000,-31.700000
CONTEXT,T1,2008-10-10,890.300000,905.800000,14.500000
CONTEXT,T1,2008-10-15,967.000000,905.700000,-62.300000
CONTEXT,T1,2008-10-17,941.400000,938.200000,-4.200000
CONTEXT,T1,2008-10-21,970.800000,951.300000,-20.500000
CONTEXT,T1,2008-10-22,914.500000,897.500000,-18.000000
CONTEXT,T1,2008-10-24,870.600000,870.600000,-1.000000
CONTEXT,T1,2008-10-27,869.300000,844.100000,-26.200000
CONTEXT,T1,2008-11-05,985.600000,949.500000,-37.100000
CONTEXT,T1,2008-11-06,935.800000,901.600000,-35.200000
CONTEXT,T1,2008-11-11,888.300000,895.800000,6.500000
CONTEXT,T1,2008-11-12,879.100000,850.400000,-29.700000
CONTEXT,T1,2008-11-14,903.600000,870.200000,-34.400000
CONTEXT,T1,2008-11-17,861.300000,847.800000,-14.500000
CONTEXT,T1,2008-11-20,786.500000,752.100000,-35.400000
CONTEXT,T1,2008-11-26,845.400000,885.100000,38.700000
CONTEXT,T1,2008-12-03,827.200000,869.900000,41.700000
CONTEXT,T1,2008-12-04,865.400000,843.500000,-22.900000
CONTEXT,T1,2008-12-05,826.000000,875.200000,48.200000
CONTEXT,T1,2008-12-09,898.400000,887.900000,-11.500000
CONTEXT,T1,2008-12-11,896.200000,874.000000,-23.200000
CONTEXT,T1,2008-12-12,863.700000,879.700000,15.000000
CONTEXT,T1,2008-12-17,906.200000,904.200000,-3.000000
CONTEXT,T1,2009-01-07,923.300000,908.300000,-16.000000
CONTEXT,T1,2009-01-08,899.900000,911.200000,10.300000
CONTEXT,T1,2009-01-14,848.100000,842.600000,-6.500000
CONTEXT,T1,2009-01-20,825.200000,804.100000,-22.100000
CONTEXT,T1,2009-01-22,824.400000,826.600000,1.200000
CONTEXT,T1,2009-01-23,814.500000,830.100000,14.600000
CONTEXT,T1,2009-01-29,853.900000,843.800000,-11.100000
CONTEXT,T1,2009-02-02,816.600000,824.100000,6.500000
CONTEXT,T1,2009-02-05,819.900000,844.500000,23.600000
CONTEXT,T1,2009-02-10,863.000000,827.200000,-36.800000
CONTEXT,T1,2009-02-12,812.000000,834.100000,21.100000
CONTEXT,T1,2009-02-17,794.300000,789.000000,-6.300000
CONTEXT,T1,2009-02-20,769.600000,770.100000,-0.500000
CONTEXT,T1,2009-02-27,742.200000,735.400000,-7.800000
CONTEXT,T1,2009-03-02,721.800000,701.800000,-21.000000
CONTEXT,T1,2009-03-05,700.600000,683.400000,-18.200000
CONTEXT,T1,2009-03-09,684.700000,676.200000,-9.500000
CONTEXT,T1,2009-03-24,816.700000,805.900000,-11.800000
CONTEXT,T1,2009-03-27,820.400000,815.600000,-5.800000
CONTEXT,T1,2009-03-30,792.900000,787.300000,-6.600000
CONTEXT,T1,2009-04-01,790.300000,808.800000,17.500000
CONTEXT,T1,2009-04-06,830.500000,834.200000,2.700000
CONTEXT,T1,2009-04-07,817.600000,814.600000,-4.000000
CONTEXT,T1,2009-04-13,846.500000,857.000000,9.500000
CONTEXT,T1,2009-04-14,848.700000,841.400000,-8.300000
CONTEXT,T1,2009-04-20,846.200000,832.400000,-14.800000
CONTEXT,T1,2009-04-21,831.800000,848.600000,15.800000
CONTEXT,T1,2009-04-22,846.600000,843.300000,-4.300000
CONTEXT,T1,2009-04-27,859.400000,856.400000,-4.000000
CONTEXT,T1,2009-04-28,853.300000,853.300000,-1.000000
CONTEXT,T1,2009-05-11,909.400000,908.800000,-1.600000
CONTEXT,T1,2009-05-13,891.500000,884.200000,-8.300000
CONTEXT,T1,2009-05-21,891.400000,888.600000,-3.800000
CONTEXT,T1,2009-05-26,893.600000,909.600000,15.000000
CONTEXT,T1,2009-06-03,930.500000,932.500000,1.000000
CONTEXT,T1,2009-06-15,930.700000,924.400000,-7.300000
CONTEXT,T1,2009-06-22,904.500000,893.400000,-12.100000
CONTEXT,T1,2009-07-02,905.200000,897.100000,-9.100000
CONTEXT,T1,2009-07-06,894.900000,898.200000,2.300000
CONTEXT,T1,2009-08-17,981.400000,979.600000,-2.800000
CONTEXT,T1,2009-08-19,986.800000,997.300000,9.500000
CONTEXT,T1,2009-08-31,1016.800000,1021.600000,3.800000
CONTEXT,T1,2009-09-14,1038.500000,1048.700000,9.200000
CONTEXT,T1,2009-09-21,1058.200000,1065.800000,6.600000
CONTEXT,T1,2009-10-02,1021.900000,1025.400000,2.500000
CONTEXT,T1,2009-10-16,1084.300000,1088.300000,3.000000
CONTEXT,T1,2010-01-12,1140.800000,1135.800000,-6.000000
CONTEXT,T1,2010-01-20,1138.400000,1137.600000,-1.800000
CONTEXT,T1,2010-02-04,1078.500000,1061.900000,-17.600000
CONTEXT,T1,2010-02-12,1065.300000,1077.000000,10.700000
CONTEXT,T1,2010-02-25,1088.100000,1103.400000,14.300000
CONTEXT,T1,2010-05-04,1182.900000,1172.800000,-11.100000
CONTEXT,T1,2010-05-05,1164.300000,1165.500000,0.200000
CONTEXT,T1,2010-05-11,1153.700000,1155.400000,0.700000
CONTEXT,T1,2010-05-14,1137.200000,1136.200000,-2.000000
CONTEXT,T1,2010-05-20,1090.600000,1071.300000,-20.300000
CONTEXT,T1,2010-05-21,1072.000000,1087.700000,14.700000
CONTEXT,T1,2010-05-25,1049.700000,1074.000000,23.300000
CONTEXT,T1,2010-06-01,1085.700000,1070.900000,-15.800000
CONTEXT,T1,2010-06-04,1084.500000,1065.500000,-20.000000
CONTEXT,T1,2010-06-11,1082.900000,1092.100000,8.200000
CONTEXT,T1,2010-06-29,1049.100000,1041.300000,-8.800000
CONTEXT,T1,2010-07-20,1061.800000,1082.600000,19.800000
CONTEXT,T1,2010-07-30,1095.400000,1100.400000,4.000000
CONTEXT,T1,2010-08-06,1122.100000,1120.800000,-2.300000
CONTEXT,T1,2010-08-10,1112.800000,1120.800000,7.000000
CONTEXT,T1,2010-08-11,1098.000000,1089.500000,-9.500000
CONTEXT,T1,2010-08-12,1080.700000,1082.900000,1.200000
CONTEXT,T1,2010-08-24,1048.000000,1051.200000,2.200000
CONTEXT,T1,2010-09-23,1131.200000,1127.200000,-5.000000
CONTEXT,T1,2010-10-19,1170.500000,1167.500000,-4.000000
CONTEXT,T1,2010-11-11,1207.900000,1214.700000,5.800000
CONTEXT,T1,2010-11-23,1180.300000,1181.300000,0.000000
CONTEXT,T1,2010-11-30,1181.200000,1181.400000,-0.800000
CONTEXT,T1,2011-02-22,1331.600000,1315.600000,-17.000000
CONTEXT,T1,2011-03-10,1299.400000,1294.900000,-5.500000
CONTEXT,T1,2011-03-15,1264.400000,1281.700000,16.300000
CONTEXT,T1,2011-04-18,1300.100000,1305.300000,4.200000
CONTEXT,T1,2011-05-23,1316.800000,1317.600000,-0.200000
CONTEXT,T1,2011-06-03,1302.000000,1299.700000,-3.300000
CONTEXT,T1,2011-06-15,1278.600000,1264.900000,-14.700000
CONTEXT,T1,2011-06-23,1268.000000,1284.600000,15.600000
CONTEXT,T1,2011-07-08,1341.000000,1344.500000,2.500000
CONTEXT,T1,2011-07-11,1329.800000,1320.000000,-10.800000
CONTEXT,T1,2011-07-25,1336.300000,1337.500000,0.200000
CONTEXT,T1,2011-07-29,1289.100000,1291.600000,1.500000
CONTEXT,T1,2011-08-02,1282.100000,1253.000000,-30.100000
CONTEXT,T1,2011-08-04,1239.100000,1199.800000,-40.300000
CONTEXT,T1,2011-08-08,1173.200000,1119.600000,-54.600000
CONTEXT,T1,2011-08-10,1135.800000,1119.000000,-17.800000
CONTEXT,T1,2011-08-16,1190.500000,1192.000000,0.500000
CONTEXT,T1,2011-08-18,1143.800000,1141.800000,-3.000000
CONTEXT,T1,2011-08-19,1138.200000,1123.200000,-16.000000
CONTEXT,T1,2011-09-02,1181.900000,1173.400000,-9.500000
CONTEXT,T1,2011-09-06,1151.100000,1164.900000,12.800000
CONTEXT,T1,2011-09-09,1170.400000,1153.400000,-18.000000
CONTEXT,T1,2011-09-12,1153.300000,1161.200000,6.900000
CONTEXT,T1,2011-09-19,1191.100000,1204.400000,12.300000
CONTEXT,T1,2011-09-22,1129.000000,1129.000000,-1.000000
CONTEXT,T1,2011-09-30,1141.000000,1131.500000,-10.500000
CONTEXT,T1,2011-10-04,1077.400000,1122.400000,44.000000
CONTEXT,T1,2011-10-31,1266.600000,1252.000000,-15.600000
CONTEXT,T1,2011-11-01,1220.900000,1217.800000,-4.100000
CONTEXT,T1,2011-11-04,1247.200000,1252.700000,4.500000
CONTEXT,T1,2011-11-09,1243.800000,1229.000000,-15.800000
CONTEXT,T1,2011-11-16,1250.000000,1237.400000,-13.600000
CONTEXT,T1,2011-11-21,1192.000000,1192.400000,-0.600000
CONTEXT,T1,2011-11-23,1170.000000,1162.000000,-9.000000
CONTEXT,T1,2011-12-12,1236.300000,1236.300000,-1.000000
CONTEXT,T1,2012-01-30,1303.100000,1312.900000,8.800000
CONTEXT,T1,2012-02-10,1338.600000,1342.100000,2.500000
CONTEXT,T1,2012-04-04,1401.800000,1398.600000,-4.200000
CONTEXT,T1,2012-04-09,1379.400000,1381.700000,1.300000
CONTEXT,T1,2012-04-23,1360.200000,1366.000000,4.800000
CONTEXT,T1,2012-05-09,1350.200000,1354.200000,3.000000
CONTEXT,T1,2012-05-14,1339.200000,1337.600000,-2.600000
CONTEXT,T1,2012-05-30,1316.200000,1313.000000,-4.200000
CONTEXT,T1,2012-06-01,1290.800000,1277.200000,-14.600000
CONTEXT,T1,2012-06-25,1318.200000,1313.400000,-5.800000
CONTEXT,T1,2012-07-06,1355.200000,1354.600000,-1.600000
CONTEXT,T1,2012-07-23,1338.000000,1349.400000,10.400000
CONTEXT,T1,2012-08-02,1367.200000,1363.900000,-4.300000
CONTEXT,T1,2012-10-23,1414.500000,1411.700000,-3.800000
CONTEXT,T1,2012-11-07,1407.000000,1393.700000,-14.300000
CONTEXT,T1,2012-12-21,1428.200000,1431.000000,1.800000
CONTEXT,T2,2006-01-17,1282.600000,1283.900000,0.300000
CONTEXT,T2,2006-01-18,1278.200000,1278.700000,-0.500000
CONTEXT,T2,2006-02-03,1264.400000,1263.700000,-1.700000
CONTEXT,T2,2006-02-28,1289.500000,1280.000000,-10.500000
CONTEXT,T2,2006-03-02,1286.100000,1289.700000,2.600000
CONTEXT,T2,2006-03-03,1284.200000,1287.000000,1.800000
CONTEXT,T2,2006-04-27,1296.900000,1309.400000,11.500000
CONTEXT,T2,2006-05-15,1287.000000,1294.200000,6.200000
CONTEXT,T2,2006-05-17,1283.400000,1269.500000,-14.900000
CONTEXT,T2,2006-05-22,1260.500000,1261.800000,0.300000
CONTEXT,T2,2006-06-16,1254.000000,1251.000000,-4.000000
CONTEXT,T2,2006-07-13,1253.800000,1241.500000,-13.300000
CONTEXT,T2,2006-07-26,1264.200000,1267.400000,2.200000
CONTEXT,T2,2006-08-01,1271.100000,1270.400000,-1.700000
CONTEXT,T2,2006-08-03,1270.400000,1279.100000,7.700000
CONTEXT,T2,2006-09-06,1307.300000,1300.400000,-7.900000
CONTEXT,T2,2006-09-07,1297.000000,1294.000000,-4.000000
CONTEXT,T2,2006-09-11,1294.500000,1300.000000,4.500000
CONTEXT,T2,2006-10-11,1349.300000,1351.400000,1.100000
CONTEXT,T2,2006-10-17,1365.200000,1365.900000,-0.300000
CONTEXT,T2,2006-10-24,1373.400000,1378.400000,4.000000
CONTEXT,T2,2006-11-02,1365.100000,1366.900000,0.800000
CONTEXT,T2,2006-11-08,1378.300000,1385.800000,6.500000
CONTEXT,T2,2006-12-19,1417.900000,1425.600000,6.700000
CONTEXT,T2,2007-01-10,1407.400000,1414.600000,6.200000
CONTEXT,T2,2007-02-21,1453.100000,1456.400000,2.300000
CONTEXT,T2,2007-02-27,1436.500000,1397.300000,-40.200000
CONTEXT,T2,2007-03-01,1389.000000,1402.800000,12.800000
CONTEXT,T2,2007-03-02,1398.700000,1386.500000,-13.200000
CONTEXT,T2,2007-03-05,1377.300000,1373.600000,-4.700000
CONTEXT,T2,2007-03-13,1397.800000,1377.900000,-20.900000
CONTEXT,T2,2007-03-27,1434.700000,1430.800000,-4.900000
CONTEXT,T2,2007-03-28,1425.900000,1418.500000,-8.400000
CONTEXT,T2,2007-04-18,1468.800000,1472.600000,2.800000
CONTEXT,T2,2007-04-19,1466.200000,1471.200000,4.000000
CONTEXT,T2,2007-05-10,1506.000000,1492.800000,-14.200000
CONTEXT,T2,2007-05-30,1511.300000,1530.900000,18.600000
CONTEXT,T2,2007-06-05,1534.000000,1531.800000,-3.200000
CONTEXT,T2,2007-06-06,1525.900000,1517.700000,-9.200000
CONTEXT,T2,2007-06-07,1512.800000,1490.100000,-23.700000
CONTEXT,T2,2007-06-12,1502.400000,1493.200000,-10.200000
CONTEXT,T2,2007-06-22,1515.700000,1504.600000,-12.100000
CONTEXT,T2,2007-06-27,1484.200000,1507.300000,22.100000
CONTEXT,T2,2007-07-10,1522.800000,1509.400000,-14.400000
CONTEXT,T2,2007-07-18,1542.600000,1546.400000,2.800000
CONTEXT,T2,2007-07-24,1530.600000,1511.500000,-20.100000
CONTEXT,T2,2007-07-26,1502.300000,1484.700000,-18.600000
CONTEXT,T2,2007-08-07,1455.700000,1475.400000,18.700000
CONTEXT,T2,2007-08-09,1470.900000,1453.800000,-18.100000
CONTEXT,T2,2007-08-10,1439.200000,1453.400000,13.200000
CONTEXT,T2,2007-08-16,1392.900000,1414.600000,20.700000
CONTEXT,T2,2007-08-28,1458.900000,1433.700000,-26.200000
CONTEXT,T2,2007-08-30,1450.200000,1458.000000,6.800000
CONTEXT,T2,2007-09-05,1477.200000,1471.800000,-6.400000
CONTEXT,T2,2007-09-07,1460.000000,1453.800000,-7.200000
CONTEXT,T2,2007-09-14,1473.800000,1484.000000,9.200000
CONTEXT,T2,2007-09-17,1478.900000,1476.700000,-3.200000
CONTEXT,T2,2007-09-25,1512.100000,1521.000000,7.900000
CONTEXT,T2,2007-10-03,1541.500000,1541.300000,-1.200000
CONTEXT,T2,2007-10-18,1537.000000,1540.300000,2.300000
CONTEXT,T2,2007-10-19,1532.900000,1500.800000,-33.100000
CONTEXT,T2,2007-10-22,1488.400000,1507.400000,18.000000
CONTEXT,T2,2007-10-24,1512.600000,1516.300000,2.700000
CONTEXT,T2,2007-10-30,1535.400000,1530.700000,-5.700000
CONTEXT,T2,2007-11-01,1533.400000,1506.800000,-27.600000
CONTEXT,T2,2007-11-05,1495.000000,1501.200000,5.200000
CONTEXT,T2,2007-11-07,1504.600000,1474.800000,-30.800000
CONTEXT,T2,2007-11-09,1455.800000,1451.300000,-5.500000
CONTEXT,T2,2007-11-19,1450.800000,1433.700000,-18.100000
CONTEXT,T2,2007-11-21,1426.900000,1415.700000,-12.200000
CONTEXT,T2,2007-11-29,1463.100000,1470.400000,6.300000
CONTEXT,T2,2007-12-04,1463.200000,1462.700000,-1.500000
CONTEXT,T2,2007-12-13,1478.900000,1489.400000,9.500000
CONTEXT,T2,2007-12-14,1476.700000,1467.500000,-10.200000
CONTEXT,T2,2007-12-17,1462.100000,1446.100000,-17.000000
CONTEXT,T2,2008-01-04,1434.300000,1409.500000,-25.800000
CONTEXT,T2,2008-01-10,1394.700000,1418.100000,22.400000
CONTEXT,T2,2008-01-11,1406.500000,1400.100000,-7.400000
CONTEXT,T2,2008-01-15,1398.000000,1378.800000,-20.200000
CONTEXT,T2,2008-01-16,1373.700000,1370.500000,-4.200000
CONTEXT,T2,2008-01-22,1267.500000,1307.200000,38.700000
CONTEXT,T2,2008-01-23,1272.400000,1335.400000,62.000000
CONTEXT,T2,2008-01-31,1328.900000,1369.600000,39.700000
CONTEXT,T2,2008-02-05,1356.300000,1333.500000,-23.800000
CONTEXT,T2,2008-02-07,1319.200000,1333.700000,13.500000
CONTEXT,T2,2008-02-08,1327.000000,1327.300000,-0.700000
CONTEXT,T2,2008-02-20,1335.500000,1356.900000,20.400000
CONTEXT,T2,2008-02-26,1364.800000,1379.800000,14.000000
CONTEXT,T2,2008-02-27,1370.300000,1377.400000,6.100000
CONTEXT,T2,2008-02-28,1368.700000,1365.700000,-4.000000
CONTEXT,T2,2008-02-29,1350.600000,1330.200000,-21.400000
CONTEXT,T2,2008-03-04,1320.800000,1325.100000,3.300000
CONTEXT,T2,2008-03-06,1326.700000,1304.000000,-23.700000
CONTEXT,T2,2008-03-07,1294.100000,1292.700000,-2.400000
CONTEXT,T2,2008-03-13,1291.700000,1314.700000,22.000000
CONTEXT,T2,2008-03-17,1262.100000,1275.900000,12.800000
CONTEXT,T2,2008-03-26,1344.600000,1340.300000,-5.300000
CONTEXT,T2,2008-04-03,1359.500000,1369.200000,8.700000
CONTEXT,T2,2008-04-08,1362.500000,1366.000000,2.500000
CONTEXT,T2,2008-04-11,1344.600000,1333.100000,-12.500000
CONTEXT,T2,2008-04-21,1384.000000,1388.800000,3.800000
CONTEXT,T2,2008-04-22,1382.300000,1377.300000,-6.000000
CONTEXT,T2,2008-05-06,1398.800000,1417.600000,17.800000
CONTEXT,T2,2008-05-09,1383.400000,1387.900000,3.500000
CONTEXT,T2,2008-05-23,1387.700000,1375.700000,-13.000000
CONTEXT,T2,2008-06-06,1391.500000,1359.200000,-33.300000
CONTEXT,T2,2008-06-10,1351.500000,1357.300000,4.800000
CONTEXT,T2,2008-06-16,1351.700000,1359.900000,7.200000
CONTEXT,T2,2008-06-18,1343.000000,1338.700000,-5.300000
CONTEXT,T2,2008-06-20,1332.500000,1318.000000,-15.500000
CONTEXT,T2,2008-06-24,1313.300000,1315.000000,0.700000
CONTEXT,T2,2008-06-26,1306.100000,1283.600000,-23.500000
CONTEXT,T2,2008-07-01,1266.600000,1285.100000,17.500000
CONTEXT,T2,2008-07-11,1236.500000,1240.700000,3.200000
CONTEXT,T2,2008-07-15,1217.500000,1214.500000,-4.000000
CONTEXT,T2,2008-07-22,1249.800000,1276.500000,25.700000
CONTEXT,T2,2008-07-31,1273.100000,1266.600000,-7.500000
CONTEXT,T2,2008-08-07,1278.700000,1266.400000,-13.300000
CONTEXT,T2,2008-08-14,1276.500000,1292.500000,15.000000
CONTEXT,T2,2008-08-19,1270.800000,1267.300000,-4.500000
CONTEXT,T2,2008-08-21,1264.800000,1277.300000,11.500000
CONTEXT,T2,2008-08-25,1283.000000,1267.600000,-16.400000
CONTEXT,T2,2008-08-29,1293.100000,1283.100000,-11.000000
CONTEXT,T2,2008-09-04,1264.900000,1236.400000,-29.500000
CONTEXT,T2,2008-09-05,1230.600000,1241.900000,10.300000
CONTEXT,T2,2008-09-11,1216.200000,1250.200000,33.000000
CONTEXT,T2,2008-09-12,1238.700000,1253.000000,13.300000
CONTEXT,T2,2008-09-15,1215.700000,1199.000000,-17.700000
CONTEXT,T2,2008-09-16,1168.200000,1214.200000,45.000000
CONTEXT,T2,2008-09-17,1187.200000,1156.500000,-31.700000
CONTEXT,T2,2008-09-22,1241.500000,1203.200000,-39.300000
CONTEXT,T2,2008-09-26,1188.700000,1215.100000,25.400000
CONTEXT,T2,2008-09-29,1191.000000,1128.000000,-64.000000
CONTEXT,T2,2008-10-01,1150.800000,1162.000000,10.200000
CONTEXT,T2,2008-10-02,1151.600000,1114.200000,-38.400000
CONTEXT,T2,2008-10-06,1068.600000,1063.800000,-5.800000
CONTEXT,T2,2008-10-08,971.000000,983.400000,11.400000
CONTEXT,T2,2008-10-10,873.300000,905.800000,31.500000
CONTEXT,T2,2008-10-15,974.300000,905.700000,-69.600000
CONTEXT,T2,2008-10-17,920.500000,938.200000,16.700000
CONTEXT,T2,2008-10-21,965.800000,951.300000,-15.500000
CONTEXT,T2,2008-10-22,927.700000,897.500000,-31.200000
CONTEXT,T2,2008-10-24,845.700000,870.600000,23.900000
CONTEXT,T2,2008-10-27,856.500000,844.100000,-13.400000
CONTEXT,T2,2008-11-05,987.600000,949.500000,-39.100000
CONTEXT,T2,2008-11-06,941.000000,901.600000,-40.400000
CONTEXT,T2,2008-11-11,902.000000,895.800000,-7.200000
CONTEXT,T2,2008-11-12,875.800000,850.400000,-26.400000
CONTEXT,T2,2008-11-14,891.100000,870.200000,-21.900000
CONTEXT,T2,2008-11-17,859.600000,847.800000,-12.800000
CONTEXT,T2,2008-11-20,797.500000,752.100000,-46.400000
CONTEXT,T2,2008-11-26,839.900000,885.100000,44.200000
CONTEXT,T2,2008-12-03,827.200000,869.900000,41.700000
CONTEXT,T2,2008-12-04,857.900000,843.500000,-15.400000
CONTEXT,T2,2008-12-05,835.000000,875.200000,39.200000
CONTEXT,T2,2008-12-09,894.400000,887.900000,-7.500000
CONTEXT,T2,2008-12-11,890.200000,874.000000,-17.200000
CONTEXT,T2,2008-12-12,849.200000,879.700000,29.500000
CONTEXT,T2,2008-12-17,901.900000,904.200000,1.300000
CONTEXT,T2,2009-01-07,920.300000,908.300000,-13.000000
CONTEXT,T2,2009-01-08,902.900000,911.200000,7.300000
CONTEXT,T2,2009-01-14,854.400000,842.600000,-12.800000
CONTEXT,T2,2009-01-20,842.100000,804.100000,-39.000000
CONTEXT,T2,2009-01-22,821.900000,826.600000,3.700000
CONTEXT,T2,2009-01-23,808.800000,830.100000,20.300000
CONTEXT,T2,2009-01-29,859.600000,843.800000,-16.800000
CONTEXT,T2,2009-02-02,813.800000,824.100000,9.300000
CONTEXT,T2,2009-02-05,826.700000,844.500000,16.800000
CONTEXT,T2,2009-02-10,861.000000,827.200000,-34.800000
CONTEXT,T2,2009-02-12,818.300000,834.100000,14.800000
CONTEXT,T2,2009-02-17,799.800000,789.000000,-11.800000
CONTEXT,T2,2009-02-20,766.100000,770.100000,3.000000
CONTEXT,T2,2009-02-27,737.500000,735.400000,-3.100000
CONTEXT,T2,2009-03-02,718.800000,701.800000,-18.000000
CONTEXT,T2,2009-03-05,696.600000,683.400000,-14.200000
CONTEXT,T2,2009-03-09,676.500000,676.200000,-1.300000
CONTEXT,T2,2009-03-24,810.900000,805.900000,-6.000000
CONTEXT,T2,2009-03-27,818.600000,815.600000,-4.000000
CONTEXT,T2,2009-03-30,795.100000,787.300000,-8.800000
CONTEXT,T2,2009-04-01,783.700000,808.800000,24.100000
CONTEXT,T2,2009-04-06,832.700000,834.200000,0.500000
CONTEXT,T2,2009-04-07,819.100000,814.600000,-5.500000
CONTEXT,T2,2009-04-13,848.700000,857.000000,7.300000
CONTEXT,T2,2009-04-14,848.700000,841.400000,-8.300000
CONTEXT,T2,2009-04-20,854.400000,832.400000,-23.000000
CONTEXT,T2,2009-04-21,826.800000,848.600000,20.800000
CONTEXT,T2,2009-04-22,839.500000,843.300000,2.800000
CONTEXT,T2,2009-04-27,854.100000,856.400000,1.300000
CONTEXT,T2,2009-04-28,847.100000,853.300000,5.200000
CONTEXT,T2,2009-05-11,913.100000,908.800000,-5.300000
CONTEXT,T2,2009-05-13,892.700000,884.200000,-9.500000
CONTEXT,T2,2009-05-21,890.100000,888.600000,-2.500000
CONTEXT,T2,2009-05-26,881.600000,909.600000,27.000000
CONTEXT,T2,2009-06-03,936.000000,932.500000,-4.500000
CONTEXT,T2,2009-06-15,933.200000,924.400000,-9.800000
CONTEXT,T2,2009-06-22,912.000000,893.400000,-19.600000
CONTEXT,T2,2009-07-02,910.200000,897.100000,-14.100000
CONTEXT,T2,2009-07-06,888.400000,898.200000,8.800000
CONTEXT,T2,2009-08-17,984.900000,979.600000,-6.300000
CONTEXT,T2,2009-08-19,981.000000,997.300000,15.300000
CONTEXT,T2,2009-08-31,1020.300000,1021.600000,0.300000
CONTEXT,T2,2009-09-14,1036.300000,1048.700000,11.400000
CONTEXT,T2,2009-09-21,1060.300000,1065.800000,4.500000
CONTEXT,T2,2009-10-02,1021.100000,1025.400000,3.300000
CONTEXT,T2,2009-10-16,1087.300000,1088.300000,0.000000
CONTEXT,T2,2010-01-12,1138.300000,1135.800000,-3.500000
CONTEXT,T2,2010-01-20,1139.600000,1137.600000,-3.000000
CONTEXT,T2,2010-02-04,1086.200000,1061.900000,-25.300000
CONTEXT,T2,2010-02-12,1066.000000,1077.000000,10.000000
CONTEXT,T2,2010-02-25,1087.400000,1103.400000,15.000000
CONTEXT,T2,2010-05-04,1185.600000,1172.800000,-13.800000
CONTEXT,T2,2010-05-05,1162.500000,1165.500000,2.000000
CONTEXT,T2,2010-05-11,1147.200000,1155.400000,7.200000
CONTEXT,T2,2010-05-14,1148.200000,1136.200000,-13.000000
CONTEXT,T2,2010-05-20,1090.100000,1071.300000,-19.800000
CONTEXT,T2,2010-05-21,1058.000000,1087.700000,28.700000
CONTEXT,T2,2010-05-25,1046.500000,1074.000000,26.500000
CONTEXT,T2,2010-06-01,1078.700000,1070.900000,-8.800000
CONTEXT,T2,2010-06-04,1081.500000,1065.500000,-17.000000
CONTEXT,T2,2010-06-11,1077.100000,1092.100000,14.000000
CONTEXT,T2,2010-06-29,1058.700000,1041.300000,-18.400000
CONTEXT,T2,2010-07-20,1057.600000,1082.600000,24.000000
CONTEXT,T2,2010-07-30,1089.900000,1100.400000,9.500000
CONTEXT,T2,2010-08-06,1115.600000,1120.800000,4.200000
CONTEXT,T2,2010-08-10,1118.100000,1120.800000,1.700000
CONTEXT,T2,2010-08-11,1100.800000,1089.500000,-12.300000
CONTEXT,T2,2010-08-12,1075.200000,1082.900000,6.700000
CONTEXT,T2,2010-08-24,1055.500000,1051.200000,-5.300000
CONTEXT,T2,2010-09-23,1127.000000,1127.200000,-0.800000
CONTEXT,T2,2010-10-19,1171.300000,1167.500000,-4.800000
CONTEXT,T2,2010-11-11,1207.400000,1214.700000,6.300000
CONTEXT,T2,2010-11-23,1184.800000,1181.300000,-4.500000
CONTEXT,T2,2010-11-30,1177.000000,1181.400000,3.400000
CONTEXT,T2,2011-02-22,1325.800000,1315.600000,-11.200000
CONTEXT,T2,2011-03-10,1301.900000,1294.900000,-8.000000
CONTEXT,T2,2011-03-15,1264.700000,1281.700000,16.000000
CONTEXT,T2,2011-04-18,1302.800000,1305.300000,1.500000
CONTEXT,T2,2011-05-23,1314.600000,1317.600000,2.000000
CONTEXT,T2,2011-06-03,1297.300000,1299.700000,1.400000
CONTEXT,T2,2011-06-15,1275.900000,1264.900000,-12.000000
CONTEXT,T2,2011-06-23,1270.300000,1284.600000,13.300000
CONTEXT,T2,2011-07-08,1340.800000,1344.500000,2.700000
CONTEXT,T2,2011-07-11,1328.500000,1320.000000,-9.500000
CONTEXT,T2,2011-07-25,1331.300000,1337.500000,5.200000
CONTEXT,T2,2011-07-29,1285.900000,1291.600000,4.700000
CONTEXT,T2,2011-08-02,1276.800000,1253.000000,-24.800000
CONTEXT,T2,2011-08-04,1242.900000,1199.800000,-44.100000
CONTEXT,T2,2011-08-08,1168.200000,1119.600000,-49.600000
CONTEXT,T2,2011-08-10,1146.800000,1119.000000,-28.800000
CONTEXT,T2,2011-08-16,1190.700000,1192.000000,0.300000
CONTEXT,T2,2011-08-18,1160.100000,1141.800000,-19.300000
CONTEXT,T2,2011-08-19,1128.700000,1123.200000,-6.500000
CONTEXT,T2,2011-09-02,1182.600000,1173.400000,-10.200000
CONTEXT,T2,2011-09-06,1141.600000,1164.900000,22.300000
CONTEXT,T2,2011-09-09,1172.900000,1153.400000,-20.500000
CONTEXT,T2,2011-09-12,1140.000000,1161.200000,20.200000
CONTEXT,T2,2011-09-19,1194.700000,1204.400000,8.700000
CONTEXT,T2,2011-09-22,1134.100000,1129.000000,-6.100000
CONTEXT,T2,2011-09-30,1143.800000,1131.500000,-13.300000
CONTEXT,T2,2011-10-04,1085.700000,1122.400000,35.700000
CONTEXT,T2,2011-10-31,1270.600000,1252.000000,-19.600000
CONTEXT,T2,2011-11-01,1213.800000,1217.800000,3.000000
CONTEXT,T2,2011-11-04,1251.000000,1252.700000,0.700000
CONTEXT,T2,2011-11-09,1246.000000,1229.000000,-18.000000
CONTEXT,T2,2011-11-16,1246.700000,1237.400000,-10.300000
CONTEXT,T2,2011-11-21,1199.500000,1192.400000,-8.100000
CONTEXT,T2,2011-11-23,1175.500000,1162.000000,-14.500000
CONTEXT,T2,2011-12-12,1241.800000,1236.300000,-6.500000
CONTEXT,T2,2012-01-30,1302.900000,1312.900000,9.000000
CONTEXT,T2,2012-02-10,1338.600000,1342.100000,2.500000
CONTEXT,T2,2012-04-04,1400.800000,1398.600000,-3.200000
CONTEXT,T2,2012-04-09,1379.200000,1381.700000,1.500000
CONTEXT,T2,2012-04-23,1362.400000,1366.000000,2.600000
CONTEXT,T2,2012-05-09,1347.800000,1354.200000,5.400000
CONTEXT,T2,2012-05-14,1339.200000,1337.600000,-2.600000
CONTEXT,T2,2012-05-30,1319.400000,1313.000000,-7.400000
CONTEXT,T2,2012-06-01,1290.800000,1277.200000,-14.600000
CONTEXT,T2,2012-06-25,1319.200000,1313.400000,-6.800000
CONTEXT,T2,2012-07-06,1355.000000,1354.600000,-1.400000
CONTEXT,T2,2012-07-23,1341.400000,1349.400000,7.000000
CONTEXT,T2,2012-08-02,1361.400000,1363.900000,1.500000
CONTEXT,T2,2012-10-23,1416.000000,1411.700000,-5.300000
CONTEXT,T2,2012-11-07,1409.600000,1393.700000,-16.900000
CONTEXT,T2,2012-12-21,1424.400000,1431.000000,5.600000
CONTEXT,T3,2006-01-26,1270.800000,1274.600000,-4.800000
CONTEXT,T3,2006-04-03,1300.500000,1297.800000,1.700000
CONTEXT,T3,2006-04-21,1314.200000,1310.700000,2.500000
CONTEXT,T3,2006-05-02,1308.900000,1312.700000,-4.800000
CONTEXT,T3,2006-05-05,1319.700000,1325.700000,-7.000000
CONTEXT,T3,2006-05-19,1265.000000,1266.700000,-2.700000
CONTEXT,T3,2006-05-23,1270.400000,1256.400000,13.000000
CONTEXT,T3,2006-05-25,1265.100000,1273.400000,-9.300000
CONTEXT,T3,2006-06-29,1255.600000,1272.500000,-17.900000
CONTEXT,T3,2006-07-19,1250.300000,1258.800000,-9.500000
CONTEXT,T3,2006-07-28,1271.600000,1276.900000,-6.300000
CONTEXT,T3,2006-08-04,1287.400000,1278.700000,7.700000
CONTEXT,T3,2006-08-09,1278.300000,1265.700000,11.600000
CONTEXT,T3,2006-08-14,1273.200000,1268.500000,3.700000
CONTEXT,T3,2006-08-15,1277.800000,1284.900000,-8.100000
CONTEXT,T3,2006-08-16,1288.700000,1294.700000,-7.000000
CONTEXT,T3,2006-09-01,1307.200000,1310.700000,-4.500000
CONTEXT,T3,2006-09-15,1323.800000,1321.300000,1.500000
CONTEXT,T3,2006-10-18,1371.000000,1366.500000,3.500000
CONTEXT,T3,2006-12-13,1416.000000,1413.800000,1.200000
CONTEXT,T3,2007-01-03,1423.600000,1416.000000,6.600000
CONTEXT,T3,2007-03-06,1385.200000,1394.700000,-10.500000
CONTEXT,T3,2007-03-08,1402.700000,1402.000000,-0.300000
CONTEXT,T3,2007-03-09,1405.600000,1402.600000,2.000000
CONTEXT,T3,2007-03-19,1398.300000,1404.600000,-7.300000
CONTEXT,T3,2007-03-29,1425.300000,1424.300000,0.000000
CONTEXT,T3,2007-04-03,1434.300000,1438.800000,-5.500000
CONTEXT,T3,2007-04-16,1463.300000,1469.300000,-7.000000
CONTEXT,T3,2007-04-20,1483.000000,1485.500000,-3.500000
CONTEXT,T3,2007-04-25,1485.300000,1495.300000,-11.000000
CONTEXT,T3,2007-06-13,1499.800000,1515.500000,-16.700000
CONTEXT,T3,2007-06-15,1534.300000,1533.500000,-0.200000
CONTEXT,T3,2007-06-26,1502.900000,1492.800000,9.100000
CONTEXT,T3,2007-07-02,1515.200000,1519.400000,-5.200000
CONTEXT,T3,2007-07-19,1553.400000,1552.200000,0.200000
CONTEXT,T3,2007-07-23,1541.300000,1540.600000,-0.300000
CONTEXT,T3,2007-07-25,1520.300000,1517.100000,2.200000
CONTEXT,T3,2007-07-31,1485.800000,1452.000000,32.800000
CONTEXT,T3,2007-08-06,1438.400000,1466.300000,-28.900000
CONTEXT,T3,2007-08-08,1487.500000,1497.200000,-10.700000
CONTEXT,T3,2007-08-13,1460.500000,1453.600000,5.900000
CONTEXT,T3,2007-08-17,1438.400000,1445.200000,-7.800000
CONTEXT,T3,2007-08-22,1459.800000,1463.800000,-5.000000
CONTEXT,T3,2007-08-23,1463.900000,1462.500000,0.400000
CONTEXT,T3,2007-08-29,1439.100000,1464.000000,-25.900000
CONTEXT,T3,2007-08-31,1474.000000,1470.800000,2.200000
CONTEXT,T3,2007-09-10,1456.000000,1451.300000,3.700000
CONTEXT,T3,2007-09-11,1463.100000,1472.400000,-10.300000
CONTEXT,T3,2007-09-13,1480.400000,1483.400000,-4.000000
CONTEXT,T3,2007-09-18,1481.300000,1519.600000,-39.300000
CONTEXT,T3,2007-09-19,1532.000000,1528.700000,2.300000
CONTEXT,T3,2007-09-21,1528.000000,1527.100000,-0.100000
CONTEXT,T3,2007-10-05,1552.200000,1559.500000,-8.300000
CONTEXT,T3,2007-10-11,1573.800000,1556.400000,16.400000
CONTEXT,T3,2007-10-17,1548.400000,1542.400000,5.000000
CONTEXT,T3,2007-10-23,1513.900000,1520.400000,-7.500000
CONTEXT,T3,2007-10-26,1527.500000,1535.500000,-9.000000
CONTEXT,T3,2007-10-31,1537.000000,1547.500000,-11.500000
CONTEXT,T3,2007-11-02,1501.600000,1510.600000,-10.000000
CONTEXT,T3,2007-11-06,1509.800000,1520.800000,-12.000000
CONTEXT,T3,2007-11-13,1454.500000,1480.900000,-27.400000
CONTEXT,T3,2007-11-14,1486.700000,1469.300000,16.400000
CONTEXT,T3,2007-11-16,1449.800000,1457.800000,-9.000000
CONTEXT,T3,2007-11-27,1415.500000,1428.800000,-14.300000
CONTEXT,T3,2007-11-28,1447.600000,1470.500000,-23.900000
CONTEXT,T3,2007-11-30,1486.500000,1482.800000,2.700000
CONTEXT,T3,2007-12-05,1477.000000,1485.500000,-9.500000
CONTEXT,T3,2007-12-12,1503.800000,1487.500000,15.300000
CONTEXT,T3,2007-12-18,1455.900000,1454.000000,0.900000
CONTEXT,T3,2007-12-20,1455.900000,1460.400000,-5.500000
CONTEXT,T3,2007-12-21,1477.500000,1486.200000,-9.700000
CONTEXT,T3,2007-12-28,1484.300000,1477.600000,5.700000
CONTEXT,T3,2008-01-07,1416.800000,1415.500000,0.300000
CONTEXT,T3,2008-01-14,1406.300000,1414.800000,-9.500000
CONTEXT,T3,2008-01-18,1340.100000,1323.700000,15.400000
CONTEXT,T3,2008-01-25,1356.200000,1326.600000,28.600000
CONTEXT,T3,2008-01-29,1349.900000,1357.400000,-8.500000
CONTEXT,T3,2008-02-06,1336.500000,1323.100000,12.400000
CONTEXT,T3,2008-02-12,1348.600000,1345.600000,2.000000
CONTEXT,T3,2008-02-13,1354.700000,1362.900000,-9.200000
CONTEXT,T3,2008-02-19,1359.000000,1346.300000,11.700000
CONTEXT,T3,2008-03-11,1296.800000,1320.000000,-24.200000
CONTEXT,T3,2008-03-14,1281.600000,1287.800000,-7.200000
CONTEXT,T3,2008-03-18,1304.200000,1329.200000,-26.000000
CONTEXT,T3,2008-03-19,1334.800000,1298.800000,35.000000
CONTEXT,T3,2008-04-01,1346.200000,1369.900000,-24.700000
CONTEXT,T3,2008-04-07,1380.300000,1372.300000,7.000000
CONTEXT,T3,2008-04-15,1333.200000,1335.700000,-3.500000
CONTEXT,T3,2008-04-16,1347.700000,1363.200000,-16.500000
CONTEXT,T3,2008-04-18,1385.700000,1391.000000,-6.300000
CONTEXT,T3,2008-04-25,1389.400000,1398.900000,-10.500000
CONTEXT,T3,2008-05-02,1421.200000,1413.000000,7.200000
CONTEXT,T3,2008-06-13,1347.600000,1359.600000,-13.000000
CONTEXT,T3,2008-06-17,1363.900000,1350.700000,12.200000
CONTEXT,T3,2008-07-14,1242.700000,1228.000000,13.700000
CONTEXT,T3,2008-07-17,1251.300000,1259.300000,-9.000000
CONTEXT,T3,2008-07-30,1272.300000,1283.100000,-11.800000
CONTEXT,T3,2008-08-05,1263.400000,1282.600000,-20.200000
CONTEXT,T3,2008-08-22,1288.500000,1292.300000,-4.800000
CONTEXT,T3,2008-08-28,1290.100000,1299.300000,-10.200000
CONTEXT,T3,2008-09-02,1299.400000,1277.400000,21.000000
CONTEXT,T3,2008-09-08,1262.900000,1268.400000,-6.500000
CONTEXT,T3,2008-09-10,1234.400000,1231.700000,1.700000
CONTEXT,T3,2008-09-18,1183.000000,1200.500000,-18.500000
CONTEXT,T3,2008-09-19,1245.600000,1248.800000,-4.200000
CONTEXT,T3,2008-09-25,1201.800000,1212.000000,-11.200000
CONTEXT,T3,2008-09-30,1132.100000,1170.700000,-39.600000
CONTEXT,T3,2008-10-03,1137.700000,1102.800000,33.900000
CONTEXT,T3,2008-10-07,1060.600000,997.800000,61.800000
CONTEXT,T3,2008-10-09,988.500000,917.700000,69.800000
CONTEXT,T3,2008-10-13,938.800000,1010.800000,-73.000000
CONTEXT,T3,2008-10-14,1020.100000,998.400000,20.700000
CONTEXT,T3,2008-10-16,905.200000,945.100000,-40.900000
CONTEXT,T3,2008-10-20,966.700000,983.200000,-17.500000
CONTEXT,T3,2008-10-28,871.800000,937.400000,-66.600000
CONTEXT,T3,2008-10-30,952.900000,950.200000,1.700000
CONTEXT,T3,2008-11-04,979.800000,1001.800000,-23.000000
CONTEXT,T3,2008-11-07,912.800000,927.800000,-16.000000
CONTEXT,T3,2008-11-10,940.400000,917.700000,21.700000
CONTEXT,T3,2008-11-13,845.900000,910.300000,-65.400000
CONTEXT,T3,2008-11-21,755.800000,798.500000,-43.700000
CONTEXT,T3,2008-11-24,818.100000,844.300000,-27.200000
CONTEXT,T3,2008-11-25,862.400000,854.900000,6.500000
CONTEXT,T3,2008-12-02,822.600000,848.600000,-27.000000
CONTEXT,T3,2008-12-08,898.300000,907.100000,-9.800000
CONTEXT,T3,2008-12-10,892.900000,897.700000,-5.800000
CONTEXT,T3,2008-12-15,872.900000,869.600000,2.300000
CONTEXT,T3,2008-12-16,879.900000,913.400000,-34.500000
CONTEXT,T3,2008-12-19,896.800000,887.700000,8.100000
CONTEXT,T3,2008-12-23,877.900000,863.900000,13.000000
CONTEXT,T3,2008-12-30,874.300000,890.900000,-17.600000
CONTEXT,T3,2009-01-06,945.000000,935.900000,8.100000
CONTEXT,T3,2009-01-16,853.600000,848.500000,4.100000
CONTEXT,T3,2009-01-21,820.900000,839.200000,-19.300000
CONTEXT,T3,2009-01-28,861.500000,872.700000,-12.200000
CONTEXT,T3,2009-02-18,787.000000,787.400000,-1.400000
CONTEXT,T3,2009-02-19,796.200000,779.600000,15.600000
CONTEXT,T3,2009-02-23,771.700000,743.400000,27.300000
CONTEXT,T3,2009-02-24,746.900000,771.900000,-26.000000
CONTEXT,T3,2009-02-26,776.300000,752.300000,23.000000
CONTEXT,T3,2009-03-03,704.200000,696.000000,7.200000
CONTEXT,T3,2009-03-04,705.900000,713.200000,-8.300000
CONTEXT,T3,2009-03-06,692.100000,684.300000,6.800000
CONTEXT,T3,2009-03-10,700.400000,717.400000,-18.000000
CONTEXT,T3,2009-03-11,730.700000,721.400000,8.300000
CONTEXT,T3,2009-03-13,754.800000,756.300000,-2.500000
CONTEXT,T3,2009-03-16,765.700000,754.400000,10.300000
CONTEXT,T3,2009-03-19,792.300000,783.800000,7.500000
CONTEXT,T3,2009-03-23,790.400000,823.300000,-33.900000
CONTEXT,T3,2009-03-25,821.200000,814.100000,6.100000
CONTEXT,T3,2009-03-26,818.400000,831.700000,-14.300000
CONTEXT,T3,2009-03-31,790.100000,794.100000,-5.000000
CONTEXT,T3,2009-04-02,834.900000,833.100000,0.800000
CONTEXT,T3,2009-04-09,849.700000,857.200000,-8.500000
CONTEXT,T3,2009-04-16,850.900000,863.600000,-13.700000
CONTEXT,T3,2009-04-24,860.500000,864.300000,-4.800000
CONTEXT,T3,2009-04-29,867.100000,871.800000,-5.700000
CONTEXT,T3,2009-04-30,883.100000,871.800000,10.300000
CONTEXT,T3,2009-05-04,891.600000,906.900000,-16.300000
CONTEXT,T3,2009-05-06,912.900000,918.900000,-7.000000
CONTEXT,T3,2009-05-07,922.800000,905.500000,16.300000
CONTEXT,T3,2009-05-08,920.800000,927.800000,-8.000000
CONTEXT,T3,2009-05-18,892.800000,909.800000,-18.000000
CONTEXT,T3,2009-05-20,922.200000,902.400000,18.800000
CONTEXT,T3,2009-05-28,895.800000,906.000000,-11.200000
CONTEXT,T3,2009-06-01,939.600000,943.600000,-5.000000
CONTEXT,T3,2009-06-05,941.900000,940.900000,0.000000
CONTEXT,T3,2009-06-10,947.000000,939.200000,6.800000
CONTEXT,T3,2009-06-19,926.500000,920.000000,5.500000
CONTEXT,T3,2009-06-24,903.900000,901.100000,1.800000
CONTEXT,T3,2009-07-09,882.200000,881.700000,-0.500000
CONTEXT,T3,2009-07-15,920.800000,932.600000,-12.800000
CONTEXT,T3,2009-07-21,954.100000,954.300000,-1.200000
CONTEXT,T3,2009-07-30,993.700000,985.900000,6.800000
CONTEXT,T3,2009-08-03,997.200000,1002.500000,-6.300000
CONTEXT,T3,2009-08-07,1003.800000,1009.800000,-7.000000
CONTEXT,T3,2009-08-21,1020.700000,1026.700000,-7.000000
CONTEXT,T3,2009-08-28,1031.000000,1029.800000,0.200000
CONTEXT,T3,2009-09-08,1022.600000,1025.100000,-3.500000
CONTEXT,T3,2009-10-06,1055.300000,1055.300000,-1.000000
CONTEXT,T3,2009-10-08,1062.700000,1065.900000,-4.200000
CONTEXT,T3,2009-10-14,1084.900000,1093.200000,-9.300000
CONTEXT,T3,2009-10-29,1051.600000,1064.600000,-14.000000
CONTEXT,T3,2009-11-04,1052.200000,1046.200000,5.000000
CONTEXT,T3,2009-11-05,1060.900000,1066.200000,-6.300000
CONTEXT,T3,2009-11-09,1081.500000,1093.500000,-13.000000
CONTEXT,T3,2009-11-23,1111.100000,1106.100000,4.000000
CONTEXT,T3,2009-12-01,1106.600000,1108.800000,-3.200000
CONTEXT,T3,2009-12-04,1117.400000,1106.400000,10.000000
CONTEXT,T3,2010-01-04,1128.700000,1133.000000,-5.300000
CONTEXT,T3,2010-01-25,1099.000000,1095.700000,2.300000
CONTEXT,T3,2010-02-01,1082.900000,1087.600000,-5.700000
CONTEXT,T3,2010-02-09,1067.400000,1069.400000,-3.000000
CONTEXT,T3,2010-02-16,1083.300000,1094.300000,-12.000000
CONTEXT,T3,2010-04-01,1181.500000,1178.000000,2.500000
CONTEXT,T3,2010-05-10,1156.200000,1159.200000,-4.000000
CONTEXT,T3,2010-05-18,1145.300000,1121.000000,23.300000
CONTEXT,T3,2010-05-27,1084.700000,1103.700000,-20.000000
CONTEXT,T3,2010-06-10,1083.200000,1086.900000,-4.700000
CONTEXT,T3,2010-06-14,1098.200000,1090.200000,7.000000
CONTEXT,T3,2010-06-21,1131.400000,1113.500000,16.900000
CONTEXT,T3,2010-07-06,1035.200000,1027.200000,7.000000
CONTEXT,T3,2010-07-08,1067.200000,1070.000000,-3.800000
CONTEXT,T3,2010-07-13,1090.800000,1095.000000,-5.200000
CONTEXT,T3,2010-07-22,1090.800000,1092.800000,-3.000000
CONTEXT,T3,2010-08-02,1118.800000,1125.000000,-7.200000
CONTEXT,T3,2010-08-17,1087.200000,1092.400000,-6.200000
CONTEXT,T3,2010-09-01,1072.300000,1079.800000,-8.500000
CONTEXT,T3,2010-09-03,1101.500000,1104.500000,-4.000000
CONTEXT,T3,2010-09-09,1109.400000,1103.900000,4.500000
CONTEXT,T3,2010-09-13,1119.700000,1121.700000,-3.000000
CONTEXT,T3,2010-09-24,1144.000000,1150.300000,-7.300000
CONTEXT,T3,2010-10-01,1151.000000,1147.700000,2.300000
CONTEXT,T3,2010-10-05,1152.100000,1161.900000,-10.800000
CONTEXT,T3,2010-11-02,1193.900000,1193.900000,-1.000000
CONTEXT,T3,2010-11-04,1212.500000,1221.800000,-10.300000
CONTEXT,T3,2010-11-18,1196.000000,1197.300000,-2.300000
CONTEXT,T3,2010-12-01,1201.700000,1206.600000,-5.900000
CONTEXT,T3,2010-12-07,1231.900000,1223.900000,7.000000
CONTEXT,T3,2011-01-03,1270.500000,1270.700000,-1.200000
CONTEXT,T3,2011-03-03,1325.300000,1331.100000,-6.800000
CONTEXT,T3,2011-03-17,1274.000000,1273.800000,-0.800000
CONTEXT,T3,2011-03-18,1288.700000,1279.900000,7.800000
CONTEXT,T3,2011-03-21,1299.600000,1299.600000,-1.000000
CONTEXT,T3,2011-04-20,1329.000000,1331.000000,-3.000000
CONTEXT,T3,2011-05-06,1348.600000,1340.100000,7.500000
CONTEXT,T3,2011-05-31,1340.300000,1345.500000,-6.200000
CONTEXT,T3,2011-06-14,1286.000000,1288.200000,-3.200000
CONTEXT,T3,2011-06-17,1280.500000,1272.200000,7.300000
CONTEXT,T3,2011-07-07,1352.200000,1354.600000,-3.400000
CONTEXT,T3,2011-08-01,1289.700000,1286.200000,2.500000
CONTEXT,T3,2011-08-05,1191.200000,1197.700000,-7.500000
CONTEXT,T3,2011-08-09,1138.800000,1171.600000,-33.800000
CONTEXT,T3,2011-08-11,1135.200000,1170.300000,-36.100000
CONTEXT,T3,2011-08-12,1177.500000,1178.500000,-2.000000
CONTEXT,T3,2011-08-15,1194.000000,1203.300000,-10.300000
CONTEXT,T3,2011-08-22,1137.500000,1123.500000,13.000000
CONTEXT,T3,2011-08-29,1195.200000,1209.200000,-15.000000
CONTEXT,T3,2011-09-07,1184.100000,1197.600000,-14.500000
CONTEXT,T3,2011-09-15,1200.300000,1209.000000,-9.700000
CONTEXT,T3,2011-09-26,1136.500000,1162.200000,-26.700000
CONTEXT,T3,2011-09-27,1188.700000,1175.900000,11.800000
CONTEXT,T3,2011-09-29,1173.500000,1160.400000,12.100000
CONTEXT,T3,2011-10-10,1182.000000,1195.700000,-14.700000
CONTEXT,T3,2011-10-12,1206.400000,1206.900000,-1.500000
CONTEXT,T3,2011-10-14,1218.500000,1225.500000,-8.000000
CONTEXT,T3,2011-10-21,1232.800000,1238.500000,-6.700000
CONTEXT,T3,2011-10-26,1238.200000,1241.900000,-4.700000
CONTEXT,T3,2011-10-27,1270.700000,1285.000000,-15.300000
CONTEXT,T3,2011-11-02,1234.600000,1237.800000,-4.200000
CONTEXT,T3,2011-11-03,1240.500000,1260.800000,-21.300000
CONTEXT,T3,2011-11-10,1236.900000,1239.900000,-4.000000
CONTEXT,T3,2011-11-11,1258.900000,1264.400000,-6.500000
CONTEXT,T3,2011-11-30,1236.800000,1246.300000,-10.500000
CONTEXT,T3,2011-12-02,1256.200000,1243.900000,11.300000
CONTEXT,T3,2011-12-05,1261.900000,1257.600000,3.300000
CONTEXT,T3,2011-12-15,1225.600000,1216.300000,8.300000
CONTEXT,T3,2011-12-20,1231.500000,1241.500000,-11.000000
CONTEXT,T3,2012-01-03,1281.900000,1277.100000,3.800000
CONTEXT,T3,2012-01-10,1295.200000,1292.400000,1.800000
CONTEXT,T3,2012-01-17,1300.200000,1293.600000,5.600000
CONTEXT,T3,2012-02-01,1323.000000,1323.500000,-1.500000
CONTEXT,T3,2012-02-03,1340.400000,1344.400000,-5.000000
CONTEXT,T3,2012-04-11,1370.800000,1368.600000,1.200000
CONTEXT,T3,2012-04-25,1388.400000,1390.200000,-2.800000
CONTEXT,T3,2012-05-29,1327.600000,1332.400000,-5.800000
CONTEXT,T3,2012-06-06,1301.000000,1315.000000,-15.000000
CONTEXT,T3,2012-06-07,1325.200000,1314.800000,9.400000
CONTEXT,T3,2012-06-11,1327.600000,1309.000000,17.600000
CONTEXT,T3,2012-07-26,1356.800000,1359.200000,-3.400000
CONTEXT,T3,2012-08-03,1388.600000,1390.600000,-3.000000
CONTEXT,T3,2012-10-25,1415.600000,1411.800000,2.800000
CONTEXT,T3,2012-11-19,1380.200000,1386.400000,-7.200000
SELECTION,T1,2013-03-18,1548.200000,1550.400000,1.200000
SELECTION,T1,2013-04-05,1538.000000,1551.600000,12.600000
SELECTION,T1,2013-05-23,1636.400000,1650.600000,13.200000
SELECTION,T1,2013-06-11,1628.400000,1626.000000,-3.400000
SELECTION,T1,2013-06-20,1611.200000,1586.600000,-25.600000
SELECTION,T1,2013-06-24,1563.800000,1571.600000,6.800000
SELECTION,T1,2013-08-15,1664.600000,1660.600000,-5.000000
SELECTION,T1,2013-08-27,1643.800000,1629.200000,-15.600000
SELECTION,T1,2013-09-30,1678.400000,1681.200000,1.800000
SELECTION,T1,2013-10-07,1677.800000,1674.800000,-4.000000
SELECTION,T1,2014-01-29,1779.200000,1772.200000,-8.000000
SELECTION,T1,2014-01-31,1774.600000,1779.600000,4.000000
SELECTION,T1,2014-02-13,1812.400000,1828.200000,14.800000
SELECTION,T1,2014-03-03,1849.400000,1845.200000,-5.200000
SELECTION,T1,2014-07-10,1956.000000,1964.600000,7.600000
SELECTION,T1,2014-07-31,1950.200000,1929.200000,-22.000000
SELECTION,T1,2014-09-29,1967.800000,1977.800000,9.000000
SELECTION,T1,2014-10-15,1861.600000,1862.200000,-0.400000
SELECTION,T1,2014-10-16,1848.000000,1861.600000,12.600000
SELECTION,T1,2014-12-09,2046.000000,2060.200000,13.200000
SELECTION,T1,2014-12-12,2031.200000,2003.200000,-29.000000
SELECTION,T1,2015-01-14,2005.800000,2009.400000,2.600000
SELECTION,T1,2015-01-27,2027.000000,2027.000000,-1.000000
SELECTION,T1,2015-01-30,2011.000000,1993.000000,-19.000000
SELECTION,T1,2015-03-10,2058.400000,2045.000000,-14.400000
SELECTION,T1,2015-04-17,2084.200000,2079.200000,-6.000000
SELECTION,T1,2015-06-15,2075.200000,2084.800000,8.600000
SELECTION,T1,2015-06-29,2085.700000,2056.200000,-30.500000
SELECTION,T1,2015-07-06,2065.600000,2067.800000,1.200000
SELECTION,T1,2015-07-08,2059.400000,2045.500000,-14.900000
SELECTION,T1,2015-08-11,2086.200000,2083.200000,-4.000000
SELECTION,T1,2015-08-12,2062.600000,2085.600000,22.000000
SELECTION,T1,2015-08-20,2059.600000,2035.200000,-25.400000
SELECTION,T1,2015-08-21,2020.500000,1970.800000,-50.700000
SELECTION,T1,2015-08-24,1888.000000,1888.400000,-0.600000
SELECTION,T1,2015-09-01,1928.600000,1909.000000,-20.600000
SELECTION,T1,2015-09-04,1920.000000,1918.600000,-2.400000
SELECTION,T1,2015-09-18,1962.900000,1955.800000,-8.100000
SELECTION,T1,2015-09-22,1942.700000,1940.300000,-3.400000
SELECTION,T1,2015-09-24,1915.600000,1930.600000,14.000000
SELECTION,T1,2015-10-02,1896.900000,1950.300000,52.400000
SELECTION,T1,2015-12-08,2058.100000,2063.700000,4.600000
SELECTION,T1,2015-12-11,2021.800000,2011.300000,-11.500000
SELECTION,T1,2016-01-06,1992.400000,1989.600000,-3.800000
SELECTION,T1,2016-01-07,1962.200000,1941.600000,-21.600000
SELECTION,T1,2016-01-15,1876.800000,1877.600000,-0.200000
SELECTION,T1,2016-01-20,1839.000000,1857.000000,17.000000
SELECTION,T1,2016-02-02,1909.800000,1899.200000,-11.600000
SELECTION,T1,2016-02-08,1844.000000,1851.000000,6.000000
SELECTION,T1,2016-02-09,1851.200000,1851.200000,-1.000000
SELECTION,T1,2016-02-11,1831.200000,1827.200000,-5.000000
SELECTION,T1,2016-02-24,1891.200000,1928.000000,35.800000
SELECTION,T1,2016-04-05,2051.200000,2045.000000,-7.200000
SELECTION,T1,2016-05-03,2059.200000,2061.800000,1.600000
SELECTION,T1,2016-06-10,2099.000000,2095.800000,-4.200000
SELECTION,T1,2016-06-24,2063.800000,2035.400000,-29.400000
SELECTION,T1,2016-06-27,2010.200000,1998.800000,-12.400000
SELECTION,T1,2016-09-09,2159.400000,2127.600000,-32.800000
SELECTION,T1,2016-09-13,2135.600000,2126.200000,-10.400000
SELECTION,T1,2016-10-13,2113.800000,2131.000000,16.200000
SELECTION,T1,2016-11-09,2140.400000,2162.400000,21.000000
SELECTION,T1,2017-03-27,2329.000000,2341.200000,11.200000
SELECTION,T1,2018-01-30,2825.000000,2822.000000,-4.000000
SELECTION,T1,2018-02-05,2741.800000,2643.400000,-99.400000
SELECTION,T1,2018-02-06,2667.000000,2693.400000,25.400000
SELECTION,T1,2018-03-02,2656.200000,2689.400000,32.200000
SELECTION,T1,2018-03-07,2710.800000,2726.200000,14.400000
SELECTION,T1,2018-03-22,2680.800000,2640.800000,-41.000000
SELECTION,T1,2018-04-04,2581.200000,2640.200000,58.000000
SELECTION,T1,2018-04-06,2649.000000,2598.200000,-51.800000
SELECTION,T1,2018-04-11,2645.800000,2638.200000,-8.600000
SELECTION,T1,2018-05-29,2705.800000,2687.800000,-19.000000
SELECTION,T1,2018-06-18,2762.800000,2774.000000,10.200000
SELECTION,T1,2018-06-19,2747.000000,2762.800000,14.800000
SELECTION,T1,2018-07-02,2707.000000,2724.000000,16.000000
SELECTION,T1,2018-10-23,2711.400000,2737.600000,25.200000
SELECTION,T1,2018-10-26,2654.400000,2653.400000,-2.000000
SELECTION,T1,2018-11-20,2646.200000,2640.400000,-6.800000
SELECTION,T1,2018-12-06,2651.600000,2696.000000,43.400000
SELECTION,T1,2018-12-14,2631.200000,2600.400000,-31.800000
SELECTION,T1,2018-12-27,2426.200000,2489.400000,62.200000
SELECTION,T1,2019-01-02,2475.000000,2509.400000,33.400000
SELECTION,T1,2019-01-03,2470.600000,2447.000000,-24.600000
SELECTION,T1,2019-01-14,2577.600000,2580.200000,1.600000
SELECTION,T1,2019-01-28,2629.000000,2641.600000,11.600000
SELECTION,T1,2019-02-07,2707.800000,2703.800000,-5.000000
SELECTION,T1,2019-03-08,2725.200000,2743.200000,17.000000
SELECTION,T1,2019-05-06,2909.600000,2931.000000,20.400000
SELECTION,T1,2019-05-07,2897.800000,2882.600000,-16.200000
SELECTION,T1,2019-05-09,2844.200000,2868.600000,23.400000
SELECTION,T1,2019-05-13,2821.200000,2810.600000,-11.600000
SELECTION,T1,2019-05-17,2861.400000,2859.200000,-3.200000
SELECTION,T1,2019-05-20,2842.000000,2839.400000,-3.600000
SELECTION,T1,2019-05-23,2820.400000,2821.600000,0.200000
SELECTION,T1,2019-05-31,2757.200000,2751.400000,-6.800000
SELECTION,T1,2019-08-05,2873.600000,2841.000000,-33.600000
SELECTION,T1,2019-08-07,2830.600000,2880.400000,48.800000
SELECTION,T1,2019-08-14,2881.000000,2838.600000,-43.400000
SELECTION,T1,2019-09-03,2901.600000,2905.000000,2.400000
SELECTION,T1,2019-10-08,2901.400000,2889.600000,-12.800000
SELECTION,T1,2019-12-03,3080.400000,3093.200000,11.800000
SELECTION,T1,2020-01-03,3233.800000,3234.600000,-0.200000
SELECTION,T1,2020-01-27,3252.300000,3244.800000,-8.500000
SELECTION,T1,2020-01-30,3261.600000,3285.800000,23.200000
SELECTION,T1,2020-02-24,3258.000000,3226.800000,-32.200000
SELECTION,T1,2020-02-27,3052.000000,2975.400000,-77.600000
SELECTION,T1,2020-02-28,2875.200000,2961.600000,85.400000
SELECTION,T1,2020-03-05,3046.400000,3023.000000,-24.400000
SELECTION,T1,2020-03-06,2935.600000,2970.800000,34.200000
SELECTION,T1,2020-03-11,2803.900000,2739.400000,-65.500000
SELECTION,T1,2020-03-12,2564.000000,2469.800000,-95.200000
SELECTION,T1,2020-03-18,2419.200000,2402.800000,-17.400000
SELECTION,T1,2020-03-19,2361.000000,2410.400000,48.400000
SELECTION,T1,2020-03-27,2528.800000,2538.200000,8.400000
SELECTION,T1,2020-04-01,2490.000000,2462.200000,-28.800000
SELECTION,T1,2020-04-15,2773.000000,2780.000000,6.000000
SELECTION,T1,2020-04-20,2834.200000,2818.800000,-16.400000
SELECTION,T1,2020-04-21,2774.200000,2733.000000,-42.200000
SELECTION,T1,2020-05-01,2857.400000,2832.000000,-26.400000
SELECTION,T1,2020-05-04,2809.600000,2841.400000,30.800000
SELECTION,T1,2020-05-11,2909.200000,2928.800000,18.600000
SELECTION,T2,2013-03-18,1543.600000,1550.400000,5.800000
SELECTION,T2,2013-04-05,1537.400000,1551.600000,13.200000
SELECTION,T2,2013-05-23,1638.400000,1650.600000,11.200000
SELECTION,T2,2013-06-11,1624.600000,1626.000000,0.400000
SELECTION,T2,2013-06-20,1613.000000,1586.600000,-27.400000
SELECTION,T2,2013-06-24,1573.200000,1571.600000,-2.600000
SELECTION,T2,2013-08-15,1669.600000,1660.600000,-10.000000
SELECTION,T2,2013-08-27,1640.400000,1629.200000,-12.200000
SELECTION,T2,2013-09-30,1674.400000,1681.200000,5.800000
SELECTION,T2,2013-10-07,1674.000000,1674.800000,-0.200000
SELECTION,T2,2014-01-29,1775.800000,1772.200000,-4.600000
SELECTION,T2,2014-01-31,1769.800000,1779.600000,8.800000
SELECTION,T2,2014-02-13,1808.400000,1828.200000,18.800000
SELECTION,T2,2014-03-03,1840.400000,1845.200000,3.800000
SELECTION,T2,2014-07-10,1952.400000,1964.600000,11.200000
SELECTION,T2,2014-07-31,1952.200000,1929.200000,-24.000000
SELECTION,T2,2014-09-29,1963.400000,1977.800000,13.400000
SELECTION,T2,2014-10-15,1852.600000,1862.200000,8.600000
SELECTION,T2,2014-10-16,1832.200000,1861.600000,28.400000
SELECTION,T2,2014-12-09,2041.600000,2060.200000,17.600000
SELECTION,T2,2014-12-12,2020.600000,2003.200000,-18.400000
SELECTION,T2,2015-01-14,1999.000000,2009.400000,9.400000
SELECTION,T2,2015-01-27,2030.400000,2027.000000,-4.400000
SELECTION,T2,2015-01-30,2003.600000,1993.000000,-11.600000
SELECTION,T2,2015-03-10,2059.600000,2045.000000,-15.600000
SELECTION,T2,2015-04-17,2088.600000,2079.200000,-10.400000
SELECTION,T2,2015-06-15,2075.200000,2084.800000,8.600000
SELECTION,T2,2015-06-29,2080.500000,2056.200000,-25.300000
SELECTION,T2,2015-07-06,2059.400000,2067.800000,7.400000
SELECTION,T2,2015-07-08,2063.200000,2045.500000,-18.700000
SELECTION,T2,2015-08-11,2086.500000,2083.200000,-4.300000
SELECTION,T2,2015-08-12,2066.300000,2085.600000,18.300000
SELECTION,T2,2015-08-20,2060.100000,2035.200000,-25.900000
SELECTION,T2,2015-08-21,2011.000000,1970.800000,-41.200000
SELECTION,T2,2015-08-24,1834.300000,1888.400000,53.100000
SELECTION,T2,2015-09-01,1930.400000,1909.000000,-22.400000
SELECTION,T2,2015-09-04,1925.800000,1918.600000,-8.200000
SELECTION,T2,2015-09-18,1966.800000,1955.800000,-12.000000
SELECTION,T2,2015-09-22,1941.700000,1940.300000,-2.400000
SELECTION,T2,2015-09-24,1923.200000,1930.600000,6.400000
SELECTION,T2,2015-10-02,1895.100000,1950.300000,54.200000
SELECTION,T2,2015-12-08,2057.700000,2063.700000,5.000000
SELECTION,T2,2015-12-11,2027.800000,2011.300000,-17.500000
SELECTION,T2,2016-01-06,1987.800000,1989.600000,0.800000
SELECTION,T2,2016-01-07,1953.200000,1941.600000,-12.600000
SELECTION,T2,2016-01-15,1871.400000,1877.600000,5.200000
SELECTION,T2,2016-01-20,1853.400000,1857.000000,2.600000
SELECTION,T2,2016-02-02,1915.800000,1899.200000,-17.600000
SELECTION,T2,2016-02-08,1852.800000,1851.000000,-2.800000
SELECTION,T2,2016-02-09,1832.600000,1851.200000,17.600000
SELECTION,T2,2016-02-11,1823.800000,1827.200000,2.400000
SELECTION,T2,2016-02-24,1900.000000,1928.000000,27.000000
SELECTION,T2,2016-04-05,2051.400000,2045.000000,-7.400000
SELECTION,T2,2016-05-03,2066.000000,2061.800000,-5.200000
SELECTION,T2,2016-06-10,2100.600000,2095.800000,-5.800000
SELECTION,T2,2016-06-24,2043.400000,2035.400000,-9.000000
SELECTION,T2,2016-06-27,2013.800000,1998.800000,-16.000000
SELECTION,T2,2016-09-09,2164.400000,2127.600000,-37.800000
SELECTION,T2,2016-09-13,2142.200000,2126.200000,-17.000000
SELECTION,T2,2016-10-13,2121.400000,2131.000000,8.600000
SELECTION,T2,2016-11-09,2135.000000,2162.400000,26.400000
SELECTION,T2,2017-03-27,2324.400000,2341.200000,15.800000
SELECTION,T2,2018-01-30,2832.000000,2822.000000,-11.000000
SELECTION,T2,2018-02-05,2737.200000,2643.400000,-94.800000
SELECTION,T2,2018-02-06,2601.600000,2693.400000,90.800000
SELECTION,T2,2018-03-02,2661.200000,2689.400000,27.200000
SELECTION,T2,2018-03-07,2708.000000,2726.200000,17.200000
SELECTION,T2,2018-03-22,2679.400000,2640.800000,-39.600000
SELECTION,T2,2018-04-04,2572.000000,2640.200000,67.200000
SELECTION,T2,2018-04-06,2638.200000,2598.200000,-41.000000
SELECTION,T2,2018-04-11,2638.200000,2638.200000,-1.000000
SELECTION,T2,2018-05-29,2701.000000,2687.800000,-14.200000
SELECTION,T2,2018-06-18,2760.200000,2774.000000,12.800000
SELECTION,T2,2018-06-19,2750.800000,2762.800000,11.000000
SELECTION,T2,2018-07-02,2697.800000,2724.000000,25.200000
SELECTION,T2,2018-10-23,2712.200000,2737.600000,24.400000
SELECTION,T2,2018-10-26,2660.400000,2653.400000,-8.000000
SELECTION,T2,2018-11-20,2652.000000,2640.400000,-12.600000
SELECTION,T2,2018-12-06,2654.000000,2696.000000,41.000000
SELECTION,T2,2018-12-14,2623.200000,2600.400000,-23.800000
SELECTION,T2,2018-12-27,2437.000000,2489.400000,51.400000
SELECTION,T2,2019-01-02,2471.600000,2509.400000,36.800000
SELECTION,T2,2019-01-03,2491.000000,2447.000000,-45.000000
SELECTION,T2,2019-01-14,2572.600000,2580.200000,6.600000
SELECTION,T2,2019-01-28,2637.000000,2641.600000,3.600000
SELECTION,T2,2019-02-07,2711.600000,2703.800000,-8.800000
SELECTION,T2,2019-03-08,2727.600000,2743.200000,14.600000
SELECTION,T2,2019-05-06,2899.400000,2931.000000,30.600000
SELECTION,T2,2019-05-07,2907.600000,2882.600000,-26.000000
SELECTION,T2,2019-05-09,2855.200000,2868.600000,12.400000
SELECTION,T2,2019-05-13,2830.200000,2810.600000,-20.600000
SELECTION,T2,2019-05-17,2856.000000,2859.200000,2.200000
SELECTION,T2,2019-05-20,2841.200000,2839.400000,-2.800000
SELECTION,T2,2019-05-23,2828.000000,2821.600000,-7.400000
SELECTION,T2,2019-05-31,2759.000000,2751.400000,-8.600000
SELECTION,T2,2019-08-05,2880.400000,2841.000000,-40.400000
SELECTION,T2,2019-08-07,2837.000000,2880.400000,42.400000
SELECTION,T2,2019-08-14,2879.400000,2838.600000,-41.800000
SELECTION,T2,2019-09-03,2902.800000,2905.000000,1.200000
SELECTION,T2,2019-10-08,2909.000000,2889.600000,-20.400000
SELECTION,T2,2019-12-03,3079.200000,3093.200000,13.000000
SELECTION,T2,2020-01-03,3230.600000,3234.600000,3.000000
SELECTION,T2,2020-01-27,3243.800000,3244.800000,0.000000
SELECTION,T2,2020-01-30,3255.100000,3285.800000,29.700000
SELECTION,T2,2020-02-24,3242.000000,3226.800000,-16.200000
SELECTION,T2,2020-02-27,3052.400000,2975.400000,-78.000000
SELECTION,T2,2020-02-28,2901.600000,2961.600000,59.000000
SELECTION,T2,2020-03-05,3053.200000,3023.000000,-31.200000
SELECTION,T2,2020-03-06,2931.000000,2970.800000,38.800000
SELECTION,T2,2020-03-11,2800.800000,2739.400000,-62.400000
SELECTION,T2,2020-03-12,2561.200000,2469.800000,-92.400000
SELECTION,T2,2020-03-18,2390.100000,2402.800000,11.700000
SELECTION,T2,2020-03-19,2364.900000,2410.400000,44.500000
SELECTION,T2,2020-03-27,2537.400000,2538.200000,-0.200000
SELECTION,T2,2020-04-01,2485.200000,2462.200000,-24.000000
SELECTION,T2,2020-04-15,2777.200000,2780.000000,1.800000
SELECTION,T2,2020-04-20,2828.400000,2818.800000,-10.600000
SELECTION,T2,2020-04-21,2773.300000,2733.000000,-41.300000
SELECTION,T2,2020-05-01,2860.800000,2832.000000,-29.800000
SELECTION,T2,2020-05-04,2804.600000,2841.400000,35.800000
SELECTION,T2,2020-05-11,2904.200000,2928.800000,23.600000
SELECTION,T3,2013-04-16,1563.600000,1573.000000,-10.400000
SELECTION,T3,2013-05-03,1611.800000,1611.600000,-0.800000
SELECTION,T3,2013-05-28,1670.400000,1659.200000,10.200000
SELECTION,T3,2013-06-07,1635.400000,1643.200000,-8.800000
SELECTION,T3,2013-06-25,1581.200000,1587.200000,-7.000000
SELECTION,T3,2013-06-26,1602.200000,1602.600000,-1.400000
SELECTION,T3,2013-07-11,1668.000000,1674.400000,-7.400000
SELECTION,T3,2013-09-03,1646.600000,1638.600000,7.000000
SELECTION,T3,2013-10-10,1677.600000,1692.200000,-15.600000
SELECTION,T3,2013-12-06,1802.400000,1805.200000,-3.800000
SELECTION,T3,2014-01-30,1784.000000,1792.200000,-9.200000
SELECTION,T3,2014-03-04,1868.600000,1872.800000,-5.200000
SELECTION,T3,2014-04-14,1820.800000,1828.800000,-9.000000
SELECTION,T3,2014-10-03,1962.200000,1967.000000,-5.800000
SELECTION,T3,2014-10-17,1880.000000,1884.800000,-5.800000
SELECTION,T3,2014-10-21,1920.000000,1940.000000,-21.000000
SELECTION,T3,2014-10-23,1945.200000,1948.800000,-4.600000
SELECTION,T3,2014-10-31,2010.000000,2015.800000,-6.800000
SELECTION,T3,2014-11-05,2017.000000,2022.400000,-6.400000
SELECTION,T3,2014-12-18,2043.600000,2063.600000,-21.000000
SELECTION,T3,2015-01-07,2021.800000,2024.800000,-4.000000
SELECTION,T3,2015-01-08,2050.400000,2061.200000,-11.800000
SELECTION,T3,2015-01-13,2055.200000,2021.800000,32.400000
SELECTION,T3,2015-01-28,2037.200000,2000.000000,36.200000
SELECTION,T3,2015-05-08,2112.000000,2114.600000,-3.600000
SELECTION,T3,2015-06-22,2124.800000,2123.200000,0.600000
SELECTION,T3,2015-06-30,2064.800000,2060.400000,3.400000
SELECTION,T3,2015-07-01,2079.800000,2076.600000,2.200000
SELECTION,T3,2015-07-09,2069.200000,2049.900000,18.300000
SELECTION,T3,2015-07-10,2071.400000,2075.900000,-5.500000
SELECTION,T3,2015-07-13,2095.000000,2098.900000,-4.900000
SELECTION,T3,2015-08-25,1931.200000,1866.800000,63.400000
SELECTION,T3,2015-08-26,1903.400000,1940.200000,-37.800000
SELECTION,T3,2015-08-27,1960.600000,1987.700000,-28.100000
SELECTION,T3,2015-09-02,1930.400000,1948.000000,-18.600000
SELECTION,T3,2015-09-08,1953.200000,1968.600000,-16.400000
SELECTION,T3,2015-09-09,1982.200000,1940.600000,40.600000
SELECTION,T3,2015-09-25,1946.200000,1930.000000,15.200000
SELECTION,T3,2015-09-30,1908.500000,1917.400000,-9.900000
SELECTION,T3,2015-10-05,1974.200000,1985.800000,-12.600000
SELECTION,T3,2015-10-23,2076.800000,2075.400000,0.400000
SELECTION,T3,2015-12-15,2048.600000,2044.400000,3.200000
SELECTION,T3,2015-12-21,2017.400000,2020.600000,-4.200000
SELECTION,T3,2016-01-12,1941.200000,1937.000000,3.200000
SELECTION,T3,2016-01-19,1891.800000,1880.000000,10.800000
SELECTION,T3,2016-01-22,1904.200000,1904.200000,-1.000000
SELECTION,T3,2016-01-28,1893.600000,1889.800000,2.800000
SELECTION,T3,2016-02-03,1894.800000,1910.400000,-16.600000
SELECTION,T3,2016-02-12,1837.200000,1863.800000,-27.600000
SELECTION,T3,2016-02-16,1881.200000,1894.200000,-14.000000
SELECTION,T3,2016-02-17,1913.400000,1925.400000,-13.000000
SELECTION,T3,2016-02-22,1942.200000,1944.000000,-2.800000
SELECTION,T3,2016-03-01,1948.400000,1977.200000,-29.800000
SELECTION,T3,2016-03-11,2009.200000,2022.200000,-14.000000
SELECTION,T3,2016-04-08,2059.400000,2048.200000,10.200000
SELECTION,T3,2016-06-20,2096.600000,2083.600000,12.000000
SELECTION,T3,2016-06-23,2100.400000,2112.600000,-13.200000
SELECTION,T3,2016-06-28,2024.400000,2034.800000,-11.400000
SELECTION,T3,2016-06-29,2052.800000,2069.600000,-17.800000
SELECTION,T3,2016-07-08,2116.400000,2128.800000,-13.400000
SELECTION,T3,2016-07-14,2166.200000,2163.400000,1.800000
SELECTION,T3,2016-10-18,2136.800000,2137.200000,-1.400000
SELECTION,T3,2016-11-07,2117.400000,2129.400000,-13.000000
SELECTION,T3,2017-03-01,2387.000000,2395.800000,-9.800000
SELECTION,T3,2017-04-24,2372.200000,2373.200000,-2.000000
SELECTION,T3,2017-12-04,2661.400000,2638.600000,21.800000
SELECTION,T3,2018-02-09,2609.800000,2617.400000,-8.600000
SELECTION,T3,2018-02-12,2638.600000,2653.000000,-15.400000
SELECTION,T3,2018-02-15,2713.400000,2730.600000,-18.200000
SELECTION,T3,2018-03-26,2632.000000,2655.600000,-24.600000
SELECTION,T3,2018-04-10,2637.600000,2652.600000,-16.000000
SELECTION,T3,2018-04-16,2667.600000,2674.800000,-8.200000
SELECTION,T3,2018-04-17,2696.400000,2702.600000,-7.200000
SELECTION,T3,2018-10-12,2769.000000,2764.800000,3.200000
SELECTION,T3,2018-10-16,2775.000000,2807.000000,-33.000000
SELECTION,T3,2018-10-25,2683.800000,2703.600000,-20.800000
SELECTION,T3,2018-10-29,2695.200000,2639.200000,55.000000
SELECTION,T3,2018-10-31,2715.200000,2708.600000,5.600000
SELECTION,T3,2018-11-07,2775.600000,2810.200000,-35.600000
SELECTION,T3,2018-11-14,2740.000000,2701.400000,37.600000
SELECTION,T3,2018-12-03,2787.200000,2789.800000,-3.600000
SELECTION,T3,2018-12-11,2670.800000,2637.400000,32.400000
SELECTION,T3,2018-12-12,2665.600000,2651.400000,13.200000
SELECTION,T3,2018-12-18,2572.400000,2546.600000,24.800000
SELECTION,T3,2018-12-31,2501.800000,2508.200000,-7.400000
SELECTION,T3,2019-01-04,2499.000000,2531.600000,-33.600000
SELECTION,T3,2019-01-08,2570.800000,2573.800000,-4.000000
SELECTION,T3,2019-01-18,2649.400000,2669.400000,-21.000000
SELECTION,T3,2019-01-25,2662.200000,2662.200000,-1.000000
SELECTION,T3,2019-02-12,2733.000000,2743.400000,-11.400000
SELECTION,T3,2019-02-15,2766.800000,2775.200000,-9.400000
SELECTION,T3,2019-03-01,2805.600000,2804.200000,0.400000
SELECTION,T3,2019-03-26,2826.000000,2819.200000,5.800000
SELECTION,T3,2019-04-01,2857.600000,2866.600000,-10.000000
SELECTION,T3,2019-06-04,2766.800000,2803.000000,-37.200000
SELECTION,T3,2019-06-11,2904.000000,2886.200000,16.800000
SELECTION,T3,2019-06-20,2953.000000,2953.200000,-1.200000
SELECTION,T3,2019-07-01,2970.200000,2963.600000,5.600000
SELECTION,T3,2019-08-19,2919.000000,2922.600000,-4.600000
SELECTION,T3,2019-08-21,2925.000000,2923.200000,0.800000
SELECTION,T3,2019-08-26,2867.000000,2878.200000,-12.200000
SELECTION,T3,2019-08-29,2920.400000,2923.200000,-3.800000
SELECTION,T3,2019-09-04,2927.800000,2937.200000,-10.400000
SELECTION,T3,2019-09-05,2975.000000,2975.400000,-1.400000
SELECTION,T3,2019-10-09,2910.800000,2916.400000,-6.600000
SELECTION,T3,2019-10-11,2979.800000,2967.000000,11.800000
SELECTION,T3,2019-12-06,3144.000000,3145.400000,-2.400000
SELECTION,T3,2020-02-04,3295.400000,3299.400000,-5.000000
SELECTION,T3,2020-02-05,3329.400000,3336.400000,-8.000000
SELECTION,T3,2020-03-02,2961.000000,3091.800000,-131.800000
SELECTION,T3,2020-03-04,3045.800000,3129.000000,-84.200000
SELECTION,T3,2020-03-10,2818.200000,2882.400000,-65.200000
SELECTION,T3,2020-03-13,2552.500000,2704.600000,-153.100000
SELECTION,T3,2020-03-17,2371.400000,2535.400000,-165.000000
SELECTION,T3,2020-03-20,2405.200000,2293.800000,110.400000
SELECTION,T3,2020-03-24,2355.600000,2440.000000,-85.400000
SELECTION,T3,2020-03-26,2538.000000,2621.400000,-84.400000
SELECTION,T3,2020-03-30,2557.100000,2620.600000,-64.500000
SELECTION,T3,2020-04-06,2602.200000,2653.200000,-52.000000
SELECTION,T3,2020-04-07,2742.600000,2654.600000,87.000000
SELECTION,T3,2020-04-08,2668.400000,2744.200000,-76.800000
SELECTION,T3,2020-04-09,2804.400000,2784.600000,18.800000
SELECTION,T3,2020-04-14,2828.800000,2842.600000,-14.800000
SELECTION,T3,2020-04-17,2856.600000,2870.800000,-15.200000
SELECTION,T3,2020-04-22,2783.800000,2795.600000,-12.800000
SELECTION,T3,2020-04-27,2860.400000,2875.800000,-16.400000
SELECTION,T3,2020-04-28,2897.000000,2863.200000,32.800000
SELECTION,T3,2020-04-29,2922.800000,2937.400000,-15.600000
SELECTION,T3,2020-05-05,2887.600000,2866.400000,20.200000
SELECTION,T3,2020-05-06,2868.200000,2847.200000,20.000000
SELECTION,T3,2020-05-07,2889.800000,2880.600000,8.200000
SELECTION,T3,2020-05-08,2915.800000,2928.200000,-13.400000
HOLDOUT,T1,2020-07-30,3199.300000,3239.600000,39.300000
HOLDOUT,T1,2020-09-08,3364.200000,3332.600000,-32.600000
HOLDOUT,T1,2020-09-17,3352.200000,3358.700000,5.500000
HOLDOUT,T1,2020-09-21,3253.450000,3270.000000,15.550000
HOLDOUT,T1,2020-10-02,3346.200000,3338.200000,-9.000000
HOLDOUT,T1,2020-10-15,3455.900000,3474.600000,17.700000
HOLDOUT,T1,2020-10-26,3423.400000,3394.500000,-29.900000
HOLDOUT,T1,2020-10-28,3313.750000,3267.000000,-47.750000
HOLDOUT,T1,2020-11-17,3588.300000,3606.700000,17.400000
HOLDOUT,T1,2020-12-21,3647.750000,3678.600000,29.850000
HOLDOUT,T1,2021-01-11,3792.600000,3788.300000,-5.300000
HOLDOUT,T1,2021-01-27,3776.100000,3744.000000,-33.100000
HOLDOUT,T1,2021-02-18,3896.400000,3907.500000,10.100000
HOLDOUT,T1,2021-02-22,3882.700000,3871.400000,-12.300000
HOLDOUT,T1,2021-02-23,3818.600000,3873.600000,54.000000
HOLDOUT,T1,2021-03-18,3948.400000,3914.900000,-34.500000
HOLDOUT,T1,2021-05-11,4147.950000,4142.200000,-6.750000
HOLDOUT,T1,2021-05-12,4107.100000,4054.800000,-53.300000
HOLDOUT,T1,2021-05-19,4070.800000,4109.900000,38.100000
HOLDOUT,T1,2021-06-18,4172.300000,4149.600000,-23.700000
HOLDOUT,T1,2021-07-08,4290.200000,4309.000000,17.800000
HOLDOUT,T1,2021-07-19,4240.900000,4246.000000,4.100000
HOLDOUT,T1,2021-08-19,4387.300000,4399.600000,11.300000
HOLDOUT,T1,2021-09-20,4354.550000,4340.100000,-15.450000
HOLDOUT,T1,2021-09-28,4375.400000,4336.300000,-40.100000
HOLDOUT,T1,2021-10-06,4283.600000,4349.000000,64.400000
HOLDOUT,T1,2021-12-14,4646.400000,4633.800000,-13.600000
HOLDOUT,T1,2021-12-17,4601.100000,4598.500000,-3.600000
HOLDOUT,T1,2021-12-20,4540.200000,4550.900000,9.700000
HOLDOUT,T1,2022-01-10,4591.100000,4655.700000,63.600000
HOLDOUT,T1,2022-01-14,4640.000000,4645.800000,4.800000
HOLDOUT,T1,2022-01-18,4579.000000,4565.000000,-15.000000
HOLDOUT,T1,2022-01-24,4298.300000,4400.900000,101.600000
HOLDOUT,T1,2022-01-25,4291.900000,4344.900000,52.000000
HOLDOUT,T1,2022-02-03,4506.800000,4464.500000,-43.300000
HOLDOUT,T1,2022-02-10,4552.300000,4493.800000,-59.500000
HOLDOUT,T1,2022-02-17,4404.600000,4369.800000,-35.800000
HOLDOUT,T1,2022-02-24,4148.600000,4283.100000,133.500000
HOLDOUT,T1,2022-02-28,4340.200000,4364.900000,23.700000
HOLDOUT,T1,2022-03-04,4319.500000,4321.500000,1.000000
HOLDOUT,T1,2022-03-10,4239.400000,4254.800000,14.400000
HOLDOUT,T1,2022-04-06,4454.900000,4466.400000,10.500000
HOLDOUT,T1,2022-04-11,4437.400000,4400.100000,-38.300000
HOLDOUT,T1,2022-04-26,4238.500000,4160.900000,-78.600000
HOLDOUT,T1,2022-04-29,4254.200000,4119.100000,-136.100000
HOLDOUT,T1,2022-05-05,4210.200000,4142.000000,-69.200000
HOLDOUT,T1,2022-05-06,4066.300000,4115.500000,48.200000
HOLDOUT,T1,2022-05-09,4040.650000,3982.600000,-59.050000
HOLDOUT,T1,2022-05-12,3880.450000,3923.900000,42.450000
HOLDOUT,T1,2022-05-18,4014.700000,3919.400000,-96.300000
HOLDOUT,T1,2022-05-19,3893.300000,3894.100000,-0.200000
HOLDOUT,T1,2022-05-24,3907.300000,3940.400000,32.100000
HOLDOUT,T1,2022-06-03,4136.300000,4105.100000,-32.200000
HOLDOUT,T1,2022-06-07,4096.100000,4157.500000,60.400000
HOLDOUT,T1,2022-06-10,3924.000000,3897.600000,-27.400000
HOLDOUT,T1,2022-06-13,3801.500000,3750.800000,-51.700000
HOLDOUT,T1,2022-06-16,3684.700000,3670.800000,-14.900000
HOLDOUT,T1,2022-06-22,3738.350000,3743.300000,3.950000
HOLDOUT,T1,2022-06-30,3731.600000,3772.850000,40.250000
HOLDOUT,T1,2022-07-11,3841.800000,3841.900000,-0.900000
HOLDOUT,T1,2022-07-13,3762.500000,3788.600000,25.100000
HOLDOUT,T1,2022-07-14,3720.300000,3779.550000,58.250000
HOLDOUT,T1,2022-08-01,4117.700000,4107.700000,-11.000000
HOLDOUT,T1,2022-08-05,4120.100000,4134.300000,13.200000
HOLDOUT,T1,2022-08-17,4268.450000,4266.700000,-2.750000
HOLDOUT,T1,2022-08-19,4228.700000,4221.900000,-7.800000
HOLDOUT,T1,2022-08-22,4158.900000,4134.100000,-25.800000
HOLDOUT,T1,2022-08-29,4029.500000,4026.300000,-4.200000
HOLDOUT,T1,2022-09-13,4005.200000,3930.300000,-75.900000
HOLDOUT,T1,2022-09-16,3829.100000,3855.800000,25.700000
HOLDOUT,T1,2022-09-19,3843.600000,3885.150000,40.550000
HOLDOUT,T1,2022-09-20,3838.300000,3842.200000,2.900000
HOLDOUT,T1,2022-09-23,3677.950000,3681.900000,2.950000
HOLDOUT,T1,2022-09-29,3626.500000,3627.600000,0.100000
HOLDOUT,T1,2022-10-05,3729.300000,3771.900000,41.600000
HOLDOUT,T1,2022-10-07,3655.700000,3627.500000,-29.200000
HOLDOUT,T1,2022-10-13,3518.900000,3660.800000,140.900000
HOLDOUT,T1,2022-10-19,3684.400000,3685.300000,-0.100000
HOLDOUT,T1,2022-10-26,3833.900000,3821.300000,-13.600000
HOLDOUT,T1,2022-11-03,3690.900000,3710.350000,18.450000
HOLDOUT,T1,2022-11-17,3902.400000,3943.200000,39.800000
HOLDOUT,T1,2022-12-02,4032.450000,4068.550000,35.100000
HOLDOUT,T1,2022-12-05,4023.300000,3996.100000,-28.200000
HOLDOUT,T1,2022-12-15,3912.150000,3898.100000,-15.050000
HOLDOUT,T1,2022-12-16,3851.900000,3833.500000,-19.400000
HOLDOUT,T1,2022-12-22,3813.700000,3807.300000,-7.400000
HOLDOUT,T1,2022-12-30,3801.500000,3824.700000,22.200000
HOLDOUT,T1,2023-01-13,3951.600000,3984.900000,32.300000
HOLDOUT,T1,2023-01-25,3946.200000,4002.450000,55.250000
HOLDOUT,T1,2023-01-30,4043.450000,4006.300000,-38.150000
HOLDOUT,T1,2023-02-03,4131.400000,4123.100000,-9.300000
HOLDOUT,T1,2023-02-16,4087.100000,4082.700000,-5.400000
HOLDOUT,T1,2023-02-24,3943.200000,3964.400000,20.200000
HOLDOUT,T1,2023-03-13,3852.200000,3853.300000,0.100000
HOLDOUT,T1,2023-03-15,3857.250000,3892.900000,34.650000
HOLDOUT,T1,2023-04-20,4116.500000,4118.350000,0.850000
HOLDOUT,T1,2023-06-23,4334.150000,4331.600000,-3.550000
HOLDOUT,T1,2023-07-06,4381.900000,4396.900000,14.000000
HOLDOUT,T1,2023-08-02,4527.650000,4501.600000,-27.050000
HOLDOUT,T1,2023-08-18,4340.450000,4363.900000,22.450000
HOLDOUT,T1,2023-09-07,4434.200000,4448.800000,13.600000
HOLDOUT,T1,2023-09-26,4288.100000,4258.400000,-30.700000
HOLDOUT,T1,2023-10-17,4328.500000,4361.100000,31.600000
HOLDOUT,T1,2023-12-04,4561.500000,4565.900000,3.400000
HOLDOUT,T1,2024-01-02,4725.300000,4726.600000,0.300000
HOLDOUT,T1,2024-02-13,4938.000000,4941.600000,2.600000
HOLDOUT,T1,2024-04-02,5175.200000,5189.000000,12.800000
HOLDOUT,T1,2024-04-10,5136.050000,5141.950000,4.900000
HOLDOUT,T1,2024-04-12,5150.500000,5108.800000,-42.700000
HOLDOUT,T1,2024-04-25,4979.450000,5035.300000,54.850000
HOLDOUT,T1,2024-05-29,5262.850000,5261.200000,-2.650000
HOLDOUT,T1,2024-07-17,5593.200000,5570.650000,-23.550000
HOLDOUT,T1,2024-07-24,5465.400000,5412.100000,-54.300000
HOLDOUT,T1,2024-08-02,5343.900000,5329.200000,-15.700000
HOLDOUT,T1,2024-08-05,5196.700000,5174.000000,-23.700000
HOLDOUT,T1,2024-10-31,5734.900000,5684.600000,-51.300000
HOLDOUT,T1,2024-12-30,5848.100000,5882.500000,33.400000
HOLDOUT,T1,2025-01-13,5775.200000,5814.100000,37.900000
HOLDOUT,T1,2025-01-27,5984.900000,5994.900000,9.000000
HOLDOUT,T1,2025-02-03,5916.900000,5977.000000,59.100000
HOLDOUT,T1,2025-02-12,6009.200000,6032.800000,22.600000
HOLDOUT,T1,2025-03-04,5752.700000,5768.800000,15.100000
HOLDOUT,T1,2025-03-06,5753.800000,5727.300000,-27.500000
HOLDOUT,T1,2025-03-20,5675.900000,5656.900000,-20.000000
HOLDOUT,T1,2025-03-21,5595.400000,5641.700000,45.300000
HOLDOUT,T1,2025-03-31,5505.100000,5592.600000,86.500000
HOLDOUT,T1,2025-04-02,5592.250000,5646.300000,53.050000
HOLDOUT,T1,2025-04-03,5445.400000,5373.000000,-73.400000
HOLDOUT,T1,2025-04-04,5225.050000,5059.300000,-166.750000
HOLDOUT,T1,2025-04-07,4971.000000,5044.500000,72.500000
HOLDOUT,T1,2025-04-10,5284.600000,5246.300000,-39.300000
HOLDOUT,T1,2025-04-16,5301.600000,5257.300000,-45.300000
HOLDOUT,T1,2025-04-21,5169.000000,5139.600000,-30.400000
HOLDOUT,T1,2025-04-30,5429.900000,5540.200000,109.300000
HOLDOUT,T1,2025-05-05,5638.150000,5635.700000,-3.450000
HOLDOUT,T1,2025-05-06,5573.000000,5587.300000,13.300000
HOLDOUT,T1,2025-05-19,5910.800000,5948.800000,37.000000
HOLDOUT,T1,2025-05-21,5898.400000,5829.600000,-69.800000
HOLDOUT,T1,2025-05-23,5769.400000,5792.000000,21.600000
HOLDOUT,T1,2025-06-13,5984.800000,5967.800000,-18.000000
HOLDOUT,T1,2025-08-01,6203.000000,6217.400000,13.400000
HOLDOUT,T1,2025-10-14,6567.100000,6622.550000,54.450000
HOLDOUT,T1,2025-11-04,6786.500000,6753.100000,-34.400000
HOLDOUT,T1,2025-11-14,6681.500000,6719.350000,36.850000
HOLDOUT,T1,2026-02-05,6796.600000,6774.400000,-23.200000
HOLDOUT,T1,2026-02-27,6830.900000,6861.600000,29.700000
HOLDOUT,T1,2026-03-02,6820.000000,6863.500000,42.500000
HOLDOUT,T1,2026-03-03,6729.000000,6802.900000,72.900000
HOLDOUT,T1,2026-03-06,6724.000000,6724.400000,-0.600000
HOLDOUT,T1,2026-03-09,6642.400000,6783.000000,139.600000
HOLDOUT,T1,2026-03-12,6698.700000,6660.500000,-39.200000
HOLDOUT,T1,2026-03-19,6591.200000,6598.700000,6.500000
HOLDOUT,T1,2026-03-26,6543.500000,6451.100000,-93.400000
HOLDOUT,T1,2026-04-02,6496.650000,6557.600000,59.950000
HOLDOUT,T1,2026-05-15,7392.400000,7391.000000,-2.400000
HOLDOUT,T1,2026-06-23,7375.300000,7336.200000,-40.100000
HOLDOUT,T1,2026-07-17,7455.100000,7432.800000,-23.300000
HOLDOUT,T1,2026-07-23,7402.800000,7380.600000,-23.200000
HOLDOUT,T2,2020-07-30,3217.000000,3239.600000,21.600000
HOLDOUT,T2,2020-09-08,3363.300000,3332.600000,-31.700000
HOLDOUT,T2,2020-09-17,3335.100000,3358.700000,22.600000
HOLDOUT,T2,2020-09-21,3261.800000,3270.000000,7.200000
HOLDOUT,T2,2020-10-02,3324.000000,3338.200000,13.200000
HOLDOUT,T2,2020-10-15,3438.500000,3474.600000,35.100000
HOLDOUT,T2,2020-10-26,3425.000000,3394.500000,-31.500000
HOLDOUT,T2,2020-10-28,3320.700000,3267.000000,-54.700000
HOLDOUT,T2,2020-11-17,3598.700000,3606.700000,7.000000
HOLDOUT,T2,2020-12-21,3650.050000,3678.600000,27.550000
HOLDOUT,T2,2021-01-11,3783.300000,3788.300000,4.000000
HOLDOUT,T2,2021-01-27,3792.000000,3744.000000,-49.000000
HOLDOUT,T2,2021-02-18,3892.000000,3907.500000,14.500000
HOLDOUT,T2,2021-02-22,3874.850000,3871.400000,-4.450000
HOLDOUT,T2,2021-02-23,3842.600000,3873.600000,30.000000
HOLDOUT,T2,2021-03-18,3948.600000,3914.900000,-34.700000
HOLDOUT,T2,2021-05-11,4133.900000,4142.200000,7.300000
HOLDOUT,T2,2021-05-12,4116.800000,4054.800000,-63.000000
HOLDOUT,T2,2021-05-19,4066.000000,4109.900000,42.900000
HOLDOUT,T2,2021-06-18,4169.700000,4149.600000,-21.100000
HOLDOUT,T2,2021-07-08,4290.500000,4309.000000,17.500000
HOLDOUT,T2,2021-07-19,4266.300000,4246.000000,-21.300000
HOLDOUT,T2,2021-08-19,4374.300000,4399.600000,24.300000
HOLDOUT,T2,2021-09-20,4351.000000,4340.100000,-11.900000
HOLDOUT,T2,2021-09-28,4398.200000,4336.300000,-62.900000
HOLDOUT,T2,2021-10-06,4302.200000,4349.000000,45.800000
HOLDOUT,T2,2021-12-14,4637.400000,4633.800000,-4.600000
HOLDOUT,T2,2021-12-17,4619.000000,4598.500000,-21.500000
HOLDOUT,T2,2021-12-20,4538.500000,4550.900000,11.400000
HOLDOUT,T2,2022-01-10,4622.300000,4655.700000,32.400000
HOLDOUT,T2,2022-01-14,4614.400000,4645.800000,30.400000
HOLDOUT,T2,2022-01-18,4587.300000,4565.000000,-23.300000
HOLDOUT,T2,2022-01-24,4314.400000,4400.900000,85.500000
HOLDOUT,T2,2022-01-25,4334.900000,4344.900000,9.000000
HOLDOUT,T2,2022-02-03,4508.700000,4464.500000,-45.200000
HOLDOUT,T2,2022-02-10,4522.400000,4493.800000,-29.600000
HOLDOUT,T2,2022-02-17,4433.600000,4369.800000,-64.800000
HOLDOUT,T2,2022-02-24,4117.000000,4283.100000,165.100000
HOLDOUT,T2,2022-02-28,4326.800000,4364.900000,37.100000
HOLDOUT,T2,2022-03-04,4319.200000,4321.500000,1.300000
HOLDOUT,T2,2022-03-10,4225.100000,4254.800000,28.700000
HOLDOUT,T2,2022-04-06,4470.900000,4466.400000,-5.500000
HOLDOUT,T2,2022-04-11,4445.800000,4400.100000,-46.700000
HOLDOUT,T2,2022-04-26,4252.450000,4160.900000,-92.550000
HOLDOUT,T2,2022-04-29,4228.400000,4119.100000,-110.300000
HOLDOUT,T2,2022-05-05,4240.600000,4142.000000,-99.600000
HOLDOUT,T2,2022-05-06,4117.100000,4115.500000,-2.600000
HOLDOUT,T2,2022-05-09,4053.300000,3982.600000,-71.700000
HOLDOUT,T2,2022-05-12,3902.650000,3923.900000,20.250000
HOLDOUT,T2,2022-05-18,4032.400000,3919.400000,-114.000000
HOLDOUT,T2,2022-05-19,3896.700000,3894.100000,-3.600000
HOLDOUT,T2,2022-05-24,3928.600000,3940.400000,10.800000
HOLDOUT,T2,2022-06-03,4132.900000,4105.100000,-28.800000
HOLDOUT,T2,2022-06-07,4080.850000,4157.500000,75.650000
HOLDOUT,T2,2022-06-10,3954.100000,3897.600000,-57.500000
HOLDOUT,T2,2022-06-13,3808.500000,3750.800000,-58.700000
HOLDOUT,T2,2022-06-16,3706.950000,3670.800000,-37.150000
HOLDOUT,T2,2022-06-22,3718.100000,3743.300000,24.200000
HOLDOUT,T2,2022-06-30,3759.300000,3772.850000,12.550000
HOLDOUT,T2,2022-07-11,3865.800000,3841.900000,-24.900000
HOLDOUT,T2,2022-07-13,3755.100000,3788.600000,32.500000
HOLDOUT,T2,2022-07-14,3735.800000,3779.550000,42.750000
HOLDOUT,T2,2022-08-01,4090.900000,4107.700000,15.800000
HOLDOUT,T2,2022-08-05,4102.300000,4134.300000,31.000000
HOLDOUT,T2,2022-08-17,4265.900000,4266.700000,-0.200000
HOLDOUT,T2,2022-08-19,4250.850000,4221.900000,-29.950000
HOLDOUT,T2,2022-08-22,4171.600000,4134.100000,-38.500000
HOLDOUT,T2,2022-08-29,4023.100000,4026.300000,2.200000
HOLDOUT,T2,2022-09-13,4028.050000,3930.300000,-98.750000
HOLDOUT,T2,2022-09-16,3837.700000,3855.800000,17.100000
HOLDOUT,T2,2022-09-19,3828.500000,3885.150000,55.650000
HOLDOUT,T2,2022-09-20,3848.200000,3842.200000,-7.000000
HOLDOUT,T2,2022-09-23,3702.500000,3681.900000,-21.600000
HOLDOUT,T2,2022-09-29,3665.800000,3627.600000,-39.200000
HOLDOUT,T2,2022-10-05,3740.000000,3771.900000,30.900000
HOLDOUT,T2,2022-10-07,3683.450000,3627.500000,-56.950000
HOLDOUT,T2,2022-10-13,3490.200000,3660.800000,169.600000
HOLDOUT,T2,2022-10-19,3695.400000,3685.300000,-11.100000
HOLDOUT,T2,2022-10-26,3820.000000,3821.300000,0.300000
HOLDOUT,T2,2022-11-03,3707.900000,3710.350000,1.450000
HOLDOUT,T2,2022-11-17,3911.400000,3943.200000,30.800000
HOLDOUT,T2,2022-12-02,4031.300000,4068.550000,36.250000
HOLDOUT,T2,2022-12-05,4039.900000,3996.100000,-44.800000
HOLDOUT,T2,2022-12-15,3949.750000,3898.100000,-52.650000
HOLDOUT,T2,2022-12-16,3856.100000,3833.500000,-23.600000
HOLDOUT,T2,2022-12-22,3826.300000,3807.300000,-20.000000
HOLDOUT,T2,2022-12-30,3806.100000,3824.700000,17.600000
HOLDOUT,T2,2023-01-13,3941.300000,3984.900000,42.600000
HOLDOUT,T2,2023-01-25,3957.800000,4002.450000,43.650000
HOLDOUT,T2,2023-01-30,4032.250000,4006.300000,-26.950000
HOLDOUT,T2,2023-02-03,4121.000000,4123.100000,1.100000
HOLDOUT,T2,2023-02-16,4093.500000,4082.700000,-11.800000
HOLDOUT,T2,2023-02-24,3953.000000,3964.400000,10.400000
HOLDOUT,T2,2023-03-13,3820.300000,3853.300000,32.000000
HOLDOUT,T2,2023-03-15,3863.000000,3892.900000,28.900000
HOLDOUT,T2,2023-04-20,4114.000000,4118.350000,3.350000
HOLDOUT,T2,2023-06-23,4327.400000,4331.600000,3.200000
HOLDOUT,T2,2023-07-06,4394.200000,4396.900000,1.700000
HOLDOUT,T2,2023-08-02,4528.200000,4501.600000,-27.600000
HOLDOUT,T2,2023-08-18,4340.200000,4363.900000,22.700000
HOLDOUT,T2,2023-09-07,4429.400000,4448.800000,18.400000
HOLDOUT,T2,2023-09-26,4291.200000,4258.400000,-33.800000
HOLDOUT,T2,2023-10-17,4332.300000,4361.100000,27.800000
HOLDOUT,T2,2023-12-04,4557.900000,4565.900000,7.000000
HOLDOUT,T2,2024-01-02,4726.700000,4726.600000,-1.100000
HOLDOUT,T2,2024-02-13,4942.950000,4941.600000,-2.350000
HOLDOUT,T2,2024-04-02,5182.650000,5189.000000,5.350000
HOLDOUT,T2,2024-04-10,5128.900000,5141.950000,12.050000
HOLDOUT,T2,2024-04-12,5146.900000,5108.800000,-39.100000
HOLDOUT,T2,2024-04-25,4991.700000,5035.300000,42.600000
HOLDOUT,T2,2024-05-29,5258.000000,5261.200000,2.200000
HOLDOUT,T2,2024-07-17,5594.300000,5570.650000,-24.650000
HOLDOUT,T2,2024-07-24,5490.600000,5412.100000,-79.500000
HOLDOUT,T2,2024-08-02,5350.900000,5329.200000,-22.700000
HOLDOUT,T2,2024-08-05,5113.700000,5174.000000,59.300000
HOLDOUT,T2,2024-10-31,5746.700000,5684.600000,-63.100000
HOLDOUT,T2,2024-12-30,5872.550000,5882.500000,8.950000
HOLDOUT,T2,2025-01-13,5756.600000,5814.100000,56.500000
HOLDOUT,T2,2025-01-27,5974.000000,5994.900000,19.900000
HOLDOUT,T2,2025-02-03,5932.900000,5977.000000,43.100000
HOLDOUT,T2,2025-02-12,5985.500000,6032.800000,46.300000
HOLDOUT,T2,2025-03-04,5787.600000,5768.800000,-19.800000
HOLDOUT,T2,2025-03-06,5748.000000,5727.300000,-21.700000
HOLDOUT,T2,2025-03-20,5632.800000,5656.900000,23.100000
HOLDOUT,T2,2025-03-21,5591.600000,5641.700000,49.100000
HOLDOUT,T2,2025-03-31,5499.500000,5592.600000,92.100000
HOLDOUT,T2,2025-04-02,5557.900000,5646.300000,87.400000
HOLDOUT,T2,2025-04-03,5466.200000,5373.000000,-94.200000
HOLDOUT,T2,2025-04-04,5248.000000,5059.300000,-189.700000
HOLDOUT,T2,2025-04-07,4888.300000,5044.500000,155.200000
HOLDOUT,T2,2025-04-10,5314.400000,5246.300000,-69.100000
HOLDOUT,T2,2025-04-16,5328.200000,5257.300000,-71.900000
HOLDOUT,T2,2025-04-21,5212.000000,5139.600000,-73.400000
HOLDOUT,T2,2025-04-30,5456.650000,5540.200000,82.550000
HOLDOUT,T2,2025-05-05,5624.500000,5635.700000,10.200000
HOLDOUT,T2,2025-05-06,5584.900000,5587.300000,1.400000
HOLDOUT,T2,2025-05-19,5887.650000,5948.800000,60.150000
HOLDOUT,T2,2025-05-21,5894.100000,5829.600000,-65.500000
HOLDOUT,T2,2025-05-23,5762.400000,5792.000000,28.600000
HOLDOUT,T2,2025-06-13,6000.300000,5967.800000,-33.500000
HOLDOUT,T2,2025-08-01,6253.850000,6217.400000,-37.450000
HOLDOUT,T2,2025-10-14,6569.700000,6622.550000,51.850000
HOLDOUT,T2,2025-11-04,6760.450000,6753.100000,-8.350000
HOLDOUT,T2,2025-11-14,6648.000000,6719.350000,70.350000
HOLDOUT,T2,2026-02-05,6793.900000,6774.400000,-20.500000
HOLDOUT,T2,2026-02-27,6830.700000,6861.600000,29.900000
HOLDOUT,T2,2026-03-02,6800.500000,6863.500000,62.000000
HOLDOUT,T2,2026-03-03,6763.000000,6802.900000,38.900000
HOLDOUT,T2,2026-03-06,6725.100000,6724.400000,-1.700000
HOLDOUT,T2,2026-03-09,6666.400000,6783.000000,115.600000
HOLDOUT,T2,2026-03-12,6699.300000,6660.500000,-39.800000
HOLDOUT,T2,2026-03-19,6560.600000,6598.700000,37.100000
HOLDOUT,T2,2026-03-26,6516.950000,6451.100000,-66.850000
HOLDOUT,T2,2026-04-02,6473.200000,6557.600000,83.400000
HOLDOUT,T2,2026-05-15,7407.500000,7391.000000,-17.500000
HOLDOUT,T2,2026-06-23,7335.950000,7336.200000,-0.750000
HOLDOUT,T2,2026-07-17,7424.600000,7432.800000,7.200000
HOLDOUT,T2,2026-07-23,7397.600000,7380.600000,-18.000000
HOLDOUT,T3,2020-08-12,3362.100000,3374.200000,-13.100000
HOLDOUT,T3,2020-08-24,3416.700000,3429.700000,-14.000000
HOLDOUT,T3,2020-09-09,3384.100000,3399.000000,-15.900000
HOLDOUT,T3,2020-09-14,3390.000000,3384.200000,4.800000
HOLDOUT,T3,2020-09-15,3416.100000,3401.500000,13.600000
HOLDOUT,T3,2020-09-28,3326.300000,3341.600000,-16.300000
HOLDOUT,T3,2020-10-01,3364.650000,3370.800000,-7.150000
HOLDOUT,T3,2020-10-07,3389.050000,3407.200000,-19.150000
HOLDOUT,T3,2020-10-12,3493.800000,3523.700000,-30.900000
HOLDOUT,T3,2020-11-02,3311.300000,3302.200000,8.100000
HOLDOUT,T3,2020-11-03,3352.600000,3359.700000,-8.100000
HOLDOUT,T3,2020-11-04,3423.500000,3434.600000,-12.100000
HOLDOUT,T3,2020-11-05,3499.500000,3503.300000,-4.800000
HOLDOUT,T3,2020-11-09,3607.300000,3545.500000,60.800000
HOLDOUT,T3,2020-11-16,3603.200000,3624.300000,-22.100000
HOLDOUT,T3,2020-11-24,3602.600000,3632.000000,-30.400000
HOLDOUT,T3,2020-12-01,3661.300000,3659.600000,0.700000
HOLDOUT,T3,2020-12-15,3667.000000,3695.700000,-29.700000
HOLDOUT,T3,2021-01-19,3777.100000,3786.000000,-9.900000
HOLDOUT,T3,2021-02-01,3723.700000,3761.900000,-39.200000
HOLDOUT,T3,2021-02-02,3810.250000,3813.900000,-4.650000
HOLDOUT,T3,2021-03-01,3865.650000,3895.000000,-30.350000
HOLDOUT,T3,2021-03-05,3770.000000,3836.100000,-67.100000
HOLDOUT,T3,2021-03-09,3872.250000,3869.700000,1.550000
HOLDOUT,T3,2021-03-10,3902.300000,3895.100000,6.200000
HOLDOUT,T3,2021-03-11,3931.600000,3935.500000,-4.900000
HOLDOUT,T3,2021-04-05,4042.500000,4063.100000,-21.600000
HOLDOUT,T3,2021-04-29,4192.100000,4200.400000,-9.300000
HOLDOUT,T3,2021-05-14,4146.200000,4163.900000,-18.700000
HOLDOUT,T3,2021-09-13,4473.450000,4465.800000,6.650000
HOLDOUT,T3,2021-10-07,4407.450000,4385.300000,21.150000
HOLDOUT,T3,2021-10-14,4399.200000,4425.000000,-26.800000
HOLDOUT,T3,2021-12-01,4618.900000,4504.400000,113.500000
HOLDOUT,T3,2021-12-07,4671.550000,4682.900000,-12.350000
HOLDOUT,T3,2021-12-21,4577.500000,4630.600000,-54.100000
HOLDOUT,T3,2022-01-26,4423.600000,4331.100000,91.500000
HOLDOUT,T3,2022-01-27,4387.300000,4313.150000,73.150000
HOLDOUT,T3,2022-02-09,4555.150000,4574.100000,-19.950000
HOLDOUT,T3,2022-02-15,4440.400000,4459.900000,-20.500000
HOLDOUT,T3,2022-02-23,4305.700000,4220.500000,84.200000
HOLDOUT,T3,2022-03-09,4241.700000,4274.500000,-33.800000
HOLDOUT,T3,2022-03-16,4320.100000,4356.700000,-37.600000
HOLDOUT,T3,2022-03-29,4592.750000,4615.900000,-24.150000
HOLDOUT,T3,2022-04-12,4447.800000,4382.800000,64.000000
HOLDOUT,T3,2022-04-21,4491.200000,4379.200000,111.000000
HOLDOUT,T3,2022-04-28,4194.000000,4277.500000,-84.500000
HOLDOUT,T3,2022-05-10,4033.300000,3990.800000,41.500000
HOLDOUT,T3,2022-05-13,3989.150000,4016.100000,-27.950000
HOLDOUT,T3,2022-05-17,4056.200000,4083.200000,-28.000000
HOLDOUT,T3,2022-05-20,3925.400000,3895.900000,28.500000
HOLDOUT,T3,2022-05-23,3913.400000,3969.600000,-57.200000
HOLDOUT,T3,2022-06-06,4158.100000,4116.900000,40.200000
HOLDOUT,T3,2022-06-15,3786.650000,3792.000000,-6.350000
HOLDOUT,T3,2022-06-24,3851.200000,3900.700000,-50.500000
HOLDOUT,T3,2022-07-15,3834.700000,3849.200000,-15.500000
HOLDOUT,T3,2022-07-18,3879.800000,3820.200000,58.600000
HOLDOUT,T3,2022-07-19,3867.700000,3921.700000,-55.000000
HOLDOUT,T3,2022-07-27,3952.500000,4010.200000,-58.700000
HOLDOUT,T3,2022-08-10,4180.100000,4198.200000,-19.100000
HOLDOUT,T3,2022-08-11,4237.050000,4200.200000,35.850000
HOLDOUT,T3,2022-09-02,3975.600000,3921.900000,52.700000
HOLDOUT,T3,2022-09-27,3673.100000,3633.950000,38.150000
HOLDOUT,T3,2022-10-03,3618.500000,3666.600000,-49.100000
HOLDOUT,T3,2022-10-04,3765.500000,3779.900000,-15.400000
HOLDOUT,T3,2022-10-17,3661.800000,3668.600000,-7.800000
HOLDOUT,T3,2022-10-18,3734.700000,3711.900000,21.800000
HOLDOUT,T3,2022-11-01,3871.900000,3845.100000,25.800000
HOLDOUT,T3,2022-11-04,3753.700000,3761.400000,-8.700000
HOLDOUT,T3,2022-11-10,3898.100000,3944.850000,-47.750000
HOLDOUT,T3,2022-11-15,4019.200000,3985.300000,32.900000
HOLDOUT,T3,2022-11-18,3953.000000,3962.300000,-10.300000
HOLDOUT,T3,2022-12-13,4090.700000,4020.300000,69.400000
HOLDOUT,T3,2022-12-21,3835.500000,3861.300000,-26.800000
HOLDOUT,T3,2022-12-29,3819.200000,3833.700000,-15.500000
HOLDOUT,T3,2023-01-06,3814.050000,3880.100000,-67.050000
HOLDOUT,T3,2023-01-26,4014.300000,4047.500000,-34.200000
HOLDOUT,T3,2023-02-02,4131.800000,4167.300000,-36.500000
HOLDOUT,T3,2023-02-09,4133.400000,4071.500000,60.900000
HOLDOUT,T3,2023-02-23,4019.950000,4006.000000,12.950000
HOLDOUT,T3,2023-02-27,4001.250000,3976.950000,23.300000
HOLDOUT,T3,2023-03-14,3911.000000,3916.800000,-6.800000
HOLDOUT,T3,2023-03-21,3980.900000,3988.800000,-8.900000
HOLDOUT,T3,2023-03-23,3962.650000,3932.900000,28.750000
HOLDOUT,T3,2023-03-29,3998.500000,4013.300000,-15.800000
HOLDOUT,T3,2023-05-05,4103.800000,4126.800000,-24.000000
HOLDOUT,T3,2023-05-10,4129.750000,4126.800000,1.950000
HOLDOUT,T3,2023-05-25,4136.650000,4146.200000,-10.550000
HOLDOUT,T3,2023-06-30,4424.350000,4432.200000,-8.850000
HOLDOUT,T3,2023-07-12,4467.150000,4460.000000,6.150000
HOLDOUT,T3,2023-07-27,4589.150000,4525.000000,63.150000
HOLDOUT,T3,2023-07-28,4562.300000,4569.100000,-7.800000
HOLDOUT,T3,2023-09-29,4317.200000,4273.000000,43.200000
HOLDOUT,T3,2023-11-02,4276.650000,4306.900000,-31.250000
HOLDOUT,T3,2023-11-14,4481.900000,4486.600000,-5.700000
HOLDOUT,T3,2023-12-21,4714.000000,4726.800000,-13.800000
HOLDOUT,T3,2024-02-22,5050.500000,5074.800000,-25.300000
HOLDOUT,T3,2024-03-06,5098.700000,5097.300000,0.400000
HOLDOUT,T3,2024-04-04,5229.300000,5131.200000,97.100000
HOLDOUT,T3,2024-04-15,5148.900000,5045.200000,102.700000
HOLDOUT,T3,2024-05-02,5017.300000,5050.300000,-34.000000
HOLDOUT,T3,2024-05-03,5108.300000,5112.500000,-5.200000
HOLDOUT,T3,2024-06-12,5426.350000,5412.800000,12.550000
HOLDOUT,T3,2024-07-22,5522.750000,5546.500000,-24.750000
HOLDOUT,T3,2024-07-26,5433.400000,5443.450000,-11.050000
HOLDOUT,T3,2024-07-31,5489.100000,5503.700000,-15.600000
HOLDOUT,T3,2024-08-07,5313.300000,5186.350000,125.950000
HOLDOUT,T3,2024-08-08,5253.450000,5306.100000,-53.650000
HOLDOUT,T3,2024-08-15,5500.900000,5529.700000,-29.800000
HOLDOUT,T3,2024-09-09,5452.400000,5464.400000,-13.000000
HOLDOUT,T3,2024-09-19,5697.700000,5709.900000,-13.200000
HOLDOUT,T3,2024-09-26,5738.600000,5721.700000,15.900000
HOLDOUT,T3,2024-10-04,5701.000000,5729.350000,-29.350000
HOLDOUT,T3,2024-11-06,5864.600000,5910.100000,-46.500000
HOLDOUT,T3,2024-12-19,5905.400000,5861.200000,43.200000
HOLDOUT,T3,2025-01-15,5922.400000,5927.500000,-6.100000
HOLDOUT,T3,2025-01-17,5966.950000,5976.400000,-10.450000
HOLDOUT,T3,2025-03-12,5591.400000,5589.200000,1.200000
HOLDOUT,T3,2025-03-14,5567.400000,5627.800000,-61.400000
HOLDOUT,T3,2025-03-24,5726.100000,5740.200000,-15.100000
HOLDOUT,T3,2025-04-08,5231.900000,4966.000000,264.900000
HOLDOUT,T3,2025-04-14,5405.000000,5389.800000,14.200000
HOLDOUT,T3,2025-04-22,5221.400000,5269.500000,-49.100000
HOLDOUT,T3,2025-04-23,5430.700000,5352.900000,76.800000
HOLDOUT,T3,2025-05-01,5597.000000,5584.000000,12.000000
HOLDOUT,T3,2025-05-02,5634.400000,5665.600000,-32.200000
HOLDOUT,T3,2025-05-08,5643.750000,5649.700000,-6.950000
HOLDOUT,T3,2025-05-12,5787.200000,5829.300000,-43.100000
HOLDOUT,T3,2025-05-29,5911.100000,5899.500000,10.600000
HOLDOUT,T3,2025-06-06,6001.250000,5989.750000,10.500000
HOLDOUT,T3,2025-06-24,6042.400000,6067.500000,-26.100000
HOLDOUT,T3,2025-07-31,6394.550000,6319.000000,74.550000
HOLDOUT,T3,2025-10-13,6630.800000,6630.650000,-0.850000
HOLDOUT,T3,2025-10-15,6686.700000,6650.800000,34.900000
HOLDOUT,T3,2025-10-24,6774.000000,6771.000000,2.000000
HOLDOUT,T3,2025-10-27,6829.200000,6852.150000,-23.950000
HOLDOUT,T3,2025-10-31,6832.000000,6820.300000,10.700000
HOLDOUT,T3,2025-11-10,6785.550000,6813.100000,-28.550000
HOLDOUT,T3,2025-11-20,6750.900000,6524.200000,225.700000
HOLDOUT,T3,2025-12-18,6783.350000,6765.150000,17.200000
HOLDOUT,T3,2026-03-16,6703.600000,6689.700000,12.900000
HOLDOUT,T3,2026-03-23,6600.850000,6553.700000,46.150000
HOLDOUT,T3,2026-03-25,6560.300000,6567.400000,-8.100000
HOLDOUT,T3,2026-03-30,6355.200000,6320.200000,34.000000
HOLDOUT,T3,2026-03-31,6429.100000,6501.200000,-73.100000
HOLDOUT,T3,2026-04-08,6748.700000,6760.000000,-12.300000
HOLDOUT,T3,2026-04-22,7097.100000,7112.000000,-15.900000
HOLDOUT,T3,2026-06-08,7412.100000,7392.350000,18.750000
HOLDOUT,T3,2026-06-15,7533.300000,7547.500000,-15.200000
HOLDOUT,T3,2026-06-18,7451.600000,7467.500000,-16.900000
HOLDOUT,T3,2026-06-25,7305.700000,7333.300000,-28.600000
HOLDOUT,T3,2026-06-29,7363.700000,7408.600000,-45.900000
HOLDOUT,T3,2026-07-27,7419.300000,7388.500000,29.800000
HOLDOUT,T3,2026-07-30,7385.950000,7416.300000,-31.350000
HOLDOUT,T3,2026-09-11,7659.100000,7641.400000,16.700000
