window,trial,side,entry_time,n_signal_days,n_skipped,n,win,net_pts_cost1,net_pts_cost2,net_pct_cost1,net_pct_cost2,median_net_pts_cost1,worst_trade_pts_cost1,worst_day_pts_cost1,sharpe_calday,p_boot_day,p_boot_month,control_mean_pts_cost1,frac_seeds_beaten,timing_control_pts_cost1,frac_timing_beaten,opt_mean_pct_s1,dsr_N37,spec
CONTEXT,T1,call,10:00,283,0,283,44.522968,-3.196113,-4.196113,-0.277860,-0.364177,-2.600000,-62.300000,-62.300000,-1.095482,1.000000,1.000000,-0.671405,0.000000,-2.751355,0.090000,-7.110746,0.000000,"FIXED (pre-registration, A39): signal = overnight return (prior session's last RTH close -> this session's first RTH open) <= the expanding 10th percentile (T1/T2) / >= the expanding 90th percentile (T3, mirror) of overnight returns over all strictly prior sessions, min 250 prior sessions, no fitted parameter. T1 long call entry 10:00 bar close; T2 same days as T1, long call entry 09:31 bar close; T3 mirror signal, long put, entry 10:00 bar close; all exit at the 16:00 close. Costs 1.0/2.0 pts. A session trades only if BOTH the 10:00 and 09:31 bars are present (else n_skipped); overnight return uses signals.day_table's dividend-adjusted, roll-day-excluded prior close, and the percentile thresholds expand across the whole history, never resetting at a window boundary. Day-selection control: 200 draws from one generator seeded 11, same-count random non-signal both-bars-eligible sessions, same fixed entry/exit. Timing control: same real trade days, 200 draws from one generator seeded 7, entry at a uniformly random integer minute in [09:31,15:00] (bar close), exit 16:00. Option leg: 2% ITM, k=1.3 x prior-close VIX, 1 pt spread, cash settle (pipeline.options.trade_table), priced on the real trades only. DSR at N=37 (3 trials this run + 34 already in the family) uses the per-trade-Sharpe dispersion of THIS RUN'S OWN 3 trials in the same window as SR0's pool (the other 34 trials are not available to this standalone unit). Windows: CONTEXT 2005-01-01..2012-12-31, SELECTION 2013-01-01..2020-05-13, HOLDOUT 2020-07-27..2026-09-11."
CONTEXT,T2,call,09:31,283,0,283,47.703180,-2.459717,-3.459717,-0.203698,-0.290090,-2.400000,-69.600000,-69.600000,-0.730062,1.000000,1.000000,-0.879039,0.000000,-2.751355,0.805000,-3.606798,0.000043,"FIXED (pre-registration, A39): signal = overnight return (prior session's last RTH close -> this session's first RTH open) <= the expanding 10th percentile (T1/T2) / >= the expanding 90th percentile (T3, mirror) of overnight returns over all strictly prior sessions, min 250 prior sessions, no fitted parameter. T1 long call entry 10:00 bar close; T2 same days as T1, long call entry 09:31 bar close; T3 mirror signal, long put, entry 10:00 bar close; all exit at the 16:00 close. Costs 1.0/2.0 pts. A session trades only if BOTH the 10:00 and 09:31 bars are present (else n_skipped); overnight return uses signals.day_table's dividend-adjusted, roll-day-excluded prior close, and the percentile thresholds expand across the whole history, never resetting at a window boundary. Day-selection control: 200 draws from one generator seeded 11, same-count random non-signal both-bars-eligible sessions, same fixed entry/exit. Timing control: same real trade days, 200 draws from one generator seeded 7, entry at a uniformly random integer minute in [09:31,15:00] (bar close), exit 16:00. Option leg: 2% ITM, k=1.3 x prior-close VIX, 1 pt spread, cash settle (pipeline.options.trade_table), priced on the real trades only. DSR at N=37 (3 trials this run + 34 already in the family) uses the per-trade-Sharpe dispersion of THIS RUN'S OWN 3 trials in the same window as SR0's pool (the other 34 trials are not available to this standalone unit). Windows: CONTEXT 2005-01-01..2012-12-31, SELECTION 2013-01-01..2020-05-13, HOLDOUT 2020-07-27..2026-09-11."
CONTEXT,T3,put,10:00,273,0,273,39.194139,-3.672527,-4.672527,-0.346944,-0.434427,-4.000000,-73.000000,-73.000000,-1.290086,1.000000,1.000000,-0.483784,0.000000,-3.729151,0.570000,-9.233960,0.000000,"FIXED (pre-registration, A39): signal = overnight return (prior session's last RTH close -> this session's first RTH open) <= the expanding 10th percentile (T1/T2) / >= the expanding 90th percentile (T3, mirror) of overnight returns over all strictly prior sessions, min 250 prior sessions, no fitted parameter. T1 long call entry 10:00 bar close; T2 same days as T1, long call entry 09:31 bar close; T3 mirror signal, long put, entry 10:00 bar close; all exit at the 16:00 close. Costs 1.0/2.0 pts. A session trades only if BOTH the 10:00 and 09:31 bars are present (else n_skipped); overnight return uses signals.day_table's dividend-adjusted, roll-day-excluded prior close, and the percentile thresholds expand across the whole history, never resetting at a window boundary. Day-selection control: 200 draws from one generator seeded 11, same-count random non-signal both-bars-eligible sessions, same fixed entry/exit. Timing control: same real trade days, 200 draws from one generator seeded 7, entry at a uniformly random integer minute in [09:31,15:00] (bar close), exit 16:00. Option leg: 2% ITM, k=1.3 x prior-close VIX, 1 pt spread, cash settle (pipeline.options.trade_table), priced on the real trades only. DSR at N=37 (3 trials this run + 34 already in the family) uses the per-trade-Sharpe dispersion of THIS RUN'S OWN 3 trials in the same window as SR0's pool (the other 34 trials are not available to this standalone unit). Windows: CONTEXT 2005-01-01..2012-12-31, SELECTION 2013-01-01..2020-05-13, HOLDOUT 2020-07-27..2026-09-11."
SELECTION,T1,call,10:00,120,0,120,47.500000,-2.287500,-3.287500,-0.092238,-0.136749,-2.200000,-99.400000,-99.400000,-0.335273,1.000000,1.000000,-0.728071,0.145000,-2.154720,0.445000,-2.267048,0.000081,"FIXED (pre-registration, A39): signal = overnight return (prior session's last RTH close -> this session's first RTH open) <= the expanding 10th percentile (T1/T2) / >= the expanding 90th percentile (T3, mirror) of overnight returns over all strictly prior sessions, min 250 prior sessions, no fitted parameter. T1 long call entry 10:00 bar close; T2 same days as T1, long call entry 09:31 bar close; T3 mirror signal, long put, entry 10:00 bar close; all exit at the 16:00 close. Costs 1.0/2.0 pts. A session trades only if BOTH the 10:00 and 09:31 bars are present (else n_skipped); overnight return uses signals.day_table's dividend-adjusted, roll-day-excluded prior close, and the percentile thresholds expand across the whole history, never resetting at a window boundary. Day-selection control: 200 draws from one generator seeded 11, same-count random non-signal both-bars-eligible sessions, same fixed entry/exit. Timing control: same real trade days, 200 draws from one generator seeded 7, entry at a uniformly random integer minute in [09:31,15:00] (bar close), exit 16:00. Option leg: 2% ITM, k=1.3 x prior-close VIX, 1 pt spread, cash settle (pipeline.options.trade_table), priced on the real trades only. DSR at N=37 (3 trials this run + 34 already in the family) uses the per-trade-Sharpe dispersion of THIS RUN'S OWN 3 trials in the same window as SR0's pool (the other 34 trials are not available to this standalone unit). Windows: CONTEXT 2005-01-01..2012-12-31, SELECTION 2013-01-01..2020-05-13, HOLDOUT 2020-07-27..2026-09-11."
SELECTION,T2,call,09:31,120,0,120,50.833333,-1.006667,-2.006667,-0.028315,-0.072859,-0.200000,-94.800000,-94.800000,-0.098849,1.000000,1.000000,-0.826296,0.435000,-2.154720,0.900000,0.394949,0.000945,"FIXED (pre-registration, A39): signal = overnight return (prior session's last RTH close -> this session's first RTH open) <= the expanding 10th percentile (T1/T2) / >= the expanding 90th percentile (T3, mirror) of overnight returns over all strictly prior sessions, min 250 prior sessions, no fitted parameter. T1 long call entry 10:00 bar close; T2 same days as T1, long call entry 09:31 bar close; T3 mirror signal, long put, entry 10:00 bar close; all exit at the 16:00 close. Costs 1.0/2.0 pts. A session trades only if BOTH the 10:00 and 09:31 bars are present (else n_skipped); overnight return uses signals.day_table's dividend-adjusted, roll-day-excluded prior close, and the percentile thresholds expand across the whole history, never resetting at a window boundary. Day-selection control: 200 draws from one generator seeded 11, same-count random non-signal both-bars-eligible sessions, same fixed entry/exit. Timing control: same real trade days, 200 draws from one generator seeded 7, entry at a uniformly random integer minute in [09:31,15:00] (bar close), exit 16:00. Option leg: 2% ITM, k=1.3 x prior-close VIX, 1 pt spread, cash settle (pipeline.options.trade_table), priced on the real trades only. DSR at N=37 (3 trials this run + 34 already in the family) uses the per-trade-Sharpe dispersion of THIS RUN'S OWN 3 trials in the same window as SR0's pool (the other 34 trials are not available to this standalone unit). Windows: CONTEXT 2005-01-01..2012-12-31, SELECTION 2013-01-01..2020-05-13, HOLDOUT 2020-07-27..2026-09-11."
SELECTION,T3,put,10:00,132,0,132,31.060606,-8.594697,-9.594697,-0.352575,-0.396392,-6.500000,-165.000000,-165.000000,-1.058300,1.000000,1.000000,-0.416557,0.000000,-7.105474,0.050000,-10.481887,0.000000,"FIXED (pre-registration, A39): signal = overnight return (prior session's last RTH close -> this session's first RTH open) <= the expanding 10th percentile (T1/T2) / >= the expanding 90th percentile (T3, mirror) of overnight returns over all strictly prior sessions, min 250 prior sessions, no fitted parameter. T1 long call entry 10:00 bar close; T2 same days as T1, long call entry 09:31 bar close; T3 mirror signal, long put, entry 10:00 bar close; all exit at the 16:00 close. Costs 1.0/2.0 pts. A session trades only if BOTH the 10:00 and 09:31 bars are present (else n_skipped); overnight return uses signals.day_table's dividend-adjusted, roll-day-excluded prior close, and the percentile thresholds expand across the whole history, never resetting at a window boundary. Day-selection control: 200 draws from one generator seeded 11, same-count random non-signal both-bars-eligible sessions, same fixed entry/exit. Timing control: same real trade days, 200 draws from one generator seeded 7, entry at a uniformly random integer minute in [09:31,15:00] (bar close), exit 16:00. Option leg: 2% ITM, k=1.3 x prior-close VIX, 1 pt spread, cash settle (pipeline.options.trade_table), priced on the real trades only. DSR at N=37 (3 trials this run + 34 already in the family) uses the per-trade-Sharpe dispersion of THIS RUN'S OWN 3 trials in the same window as SR0's pool (the other 34 trials are not available to this standalone unit). Windows: CONTEXT 2005-01-01..2012-12-31, SELECTION 2013-01-01..2020-05-13, HOLDOUT 2020-07-27..2026-09-11."
HOLDOUT,T1,call,10:00,159,0,159,54.716981,2.190881,1.190881,0.051070,0.028725,0.500000,-166.750000,-166.750000,0.260718,0.251750,0.228000,-0.965500,0.855000,0.100337,0.930000,3.558753,0.431106,"FIXED (pre-registration, A39): signal = overnight return (prior session's last RTH close -> this session's first RTH open) <= the expanding 10th percentile (T1/T2) / >= the expanding 90th percentile (T3, mirror) of overnight returns over all strictly prior sessions, min 250 prior sessions, no fitted parameter. T1 long call entry 10:00 bar close; T2 same days as T1, long call entry 09:31 bar close; T3 mirror signal, long put, entry 10:00 bar close; all exit at the 16:00 close. Costs 1.0/2.0 pts. A session trades only if BOTH the 10:00 and 09:31 bars are present (else n_skipped); overnight return uses signals.day_table's dividend-adjusted, roll-day-excluded prior close, and the percentile thresholds expand across the whole history, never resetting at a window boundary. Day-selection control: 200 draws from one generator seeded 11, same-count random non-signal both-bars-eligible sessions, same fixed entry/exit. Timing control: same real trade days, 200 draws from one generator seeded 7, entry at a uniformly random integer minute in [09:31,15:00] (bar close), exit 16:00. Option leg: 2% ITM, k=1.3 x prior-close VIX, 1 pt spread, cash settle (pipeline.options.trade_table), priced on the real trades only. DSR at N=37 (3 trials this run + 34 already in the family) uses the per-trade-Sharpe dispersion of THIS RUN'S OWN 3 trials in the same window as SR0's pool (the other 34 trials are not available to this standalone unit). Windows: CONTEXT 2005-01-01..2012-12-31, SELECTION 2013-01-01..2020-05-13, HOLDOUT 2020-07-27..2026-09-11."
HOLDOUT,T2,call,09:31,159,0,159,54.716981,0.077044,-0.922956,-0.009183,-0.031511,1.700000,-189.700000,-189.700000,-0.041456,1.000000,1.000000,-0.216879,0.590000,0.100337,0.480000,0.966601,0.178048,"FIXED (pre-registration, A39): signal = overnight return (prior session's last RTH close -> this session's first RTH open) <= the expanding 10th percentile (T1/T2) / >= the expanding 90th percentile (T3, mirror) of overnight returns over all strictly prior sessions, min 250 prior sessions, no fitted parameter. T1 long call entry 10:00 bar close; T2 same days as T1, long call entry 09:31 bar close; T3 mirror signal, long put, entry 10:00 bar close; all exit at the 16:00 close. Costs 1.0/2.0 pts. A session trades only if BOTH the 10:00 and 09:31 bars are present (else n_skipped); overnight return uses signals.day_table's dividend-adjusted, roll-day-excluded prior close, and the percentile thresholds expand across the whole history, never resetting at a window boundary. Day-selection control: 200 draws from one generator seeded 11, same-count random non-signal both-bars-eligible sessions, same fixed entry/exit. Timing control: same real trade days, 200 draws from one generator seeded 7, entry at a uniformly random integer minute in [09:31,15:00] (bar close), exit 16:00. Option leg: 2% ITM, k=1.3 x prior-close VIX, 1 pt spread, cash settle (pipeline.options.trade_table), priced on the real trades only. DSR at N=37 (3 trials this run + 34 already in the family) uses the per-trade-Sharpe dispersion of THIS RUN'S OWN 3 trials in the same window as SR0's pool (the other 34 trials are not available to this standalone unit). Windows: CONTEXT 2005-01-01..2012-12-31, SELECTION 2013-01-01..2020-05-13, HOLDOUT 2020-07-27..2026-09-11."
HOLDOUT,T3,put,10:00,154,0,154,39.610390,1.892208,0.892208,0.013120,-0.008871,-8.875000,-84.500000,-84.500000,0.066235,0.433750,0.435250,-1.250964,0.905000,1.479097,0.645000,0.959429,0.257749,"FIXED (pre-registration, A39): signal = overnight return (prior session's last RTH close -> this session's first RTH open) <= the expanding 10th percentile (T1/T2) / >= the expanding 90th percentile (T3, mirror) of overnight returns over all strictly prior sessions, min 250 prior sessions, no fitted parameter. T1 long call entry 10:00 bar close; T2 same days as T1, long call entry 09:31 bar close; T3 mirror signal, long put, entry 10:00 bar close; all exit at the 16:00 close. Costs 1.0/2.0 pts. A session trades only if BOTH the 10:00 and 09:31 bars are present (else n_skipped); overnight return uses signals.day_table's dividend-adjusted, roll-day-excluded prior close, and the percentile thresholds expand across the whole history, never resetting at a window boundary. Day-selection control: 200 draws from one generator seeded 11, same-count random non-signal both-bars-eligible sessions, same fixed entry/exit. Timing control: same real trade days, 200 draws from one generator seeded 7, entry at a uniformly random integer minute in [09:31,15:00] (bar close), exit 16:00. Option leg: 2% ITM, k=1.3 x prior-close VIX, 1 pt spread, cash settle (pipeline.options.trade_table), priced on the real trades only. DSR at N=37 (3 trials this run + 34 already in the family) uses the per-trade-Sharpe dispersion of THIS RUN'S OWN 3 trials in the same window as SR0's pool (the other 34 trials are not available to this standalone unit). Windows: CONTEXT 2005-01-01..2012-12-31, SELECTION 2013-01-01..2020-05-13, HOLDOUT 2020-07-27..2026-09-11."
