date,direction,entry_mod,exit_mod,entry_px,exit_px,move_pct,gate_value,vix_prev,ret_pct,pts,kind,candidate,decision_mod,mae_pts,opt_ret,premium,K
2013-01-02,1.000000,781,955,1450.600000,1459.600000,3.696304,0.003000,18.020000,0.827244,12.000000,c,13:00|call|gap>0.3%,780,-0.800000,0.228758,30.600000,1421.000000
2013-01-10,1.000000,781,955,1466.400000,1470.400000,0.534100,0.003000,13.810000,0.340971,5.000000,c,13:00|call|gap>0.3%,780,-1.400000,0.065789,30.400000,1437.000000
2013-01-17,1.000000,781,955,1480.800000,1480.600000,0.448796,0.003000,13.420000,-0.067531,-1.000000,c,13:00|call|gap>0.3%,780,-1.000000,-0.071429,30.800000,1451.000000
2013-01-25,1.000000,782,955,1498.800000,1500.400000,0.307939,0.003000,12.690000,0.200160,3.000000,c,13:00|call|gap>0.3%,780,-1.000000,-0.012579,31.800000,1468.000000
2013-02-01,1.000000,781,955,1511.800000,1511.800000,0.561047,0.003000,14.280000,-0.026459,-0.400000,c,13:00|call|gap>0.3%,780,-2.000000,-0.062893,31.800000,1481.000000
2013-02-05,1.000000,781,955,1508.200000,1509.600000,0.548715,0.003000,14.670000,0.066304,1.000000,c,13:00|call|gap>0.3%,780,0.000000,-0.019231,31.200000,1478.000000
2013-02-13,1.000000,781,955,1519.400000,1519.200000,0.369491,0.003000,12.640000,0.013163,0.200000,c,13:00|call|gap>0.3%,780,-4.000000,-0.070064,31.400000,1489.000000
2013-02-22,1.000000,781,955,1513.000000,1514.200000,0.519515,0.003000,15.220000,0.171844,2.600000,c,13:00|call|gap>0.3%,780,-2.400000,-0.025000,32.000000,1482.000000
2013-02-25,1.000000,781,955,1513.400000,1489.000000,0.514648,0.003000,14.170000,-1.744417,-26.400000,c,13:00|call|gap>0.3%,780,-26.400000,-0.840764,31.400000,1483.000000
2013-02-26,1.000000,781,955,1494.400000,1496.200000,0.497646,0.003000,18.990000,0.187366,2.800000,c,13:00|call|gap>0.3%,780,-4.600000,-0.006369,31.400000,1464.000000
2013-03-05,1.000000,781,955,1540.800000,1537.800000,0.524590,0.003000,14.010000,-0.103842,-1.600000,c,13:00|call|gap>0.3%,780,-3.600000,-0.152439,32.800000,1509.000000
2013-03-06,1.000000,781,955,1539.000000,1540.400000,0.350832,0.003000,13.480000,0.142950,2.200000,c,13:00|call|gap>0.3%,780,-0.400000,-0.018750,32.000000,1508.000000
2013-03-08,1.000000,781,955,1547.400000,1551.000000,0.427517,0.003000,13.060000,0.180949,2.800000,c,13:00|call|gap>0.3%,780,-0.800000,0.049383,32.400000,1516.000000
2013-03-15,1.000000,783,955,1559.600000,1558.800000,0.386200,0.003000,11.300000,-0.025648,-0.400000,c,13:00|call|gap>0.3%,780,-3.800000,-0.085890,32.600000,1528.000000
2013-03-20,1.000000,781,955,1555.400000,1556.600000,0.568769,0.003000,14.390000,0.115726,1.800000,c,13:00|call|gap>0.3%,780,-1.800000,-0.024691,32.400000,1524.000000
2013-03-22,1.000000,781,955,1553.200000,1552.000000,0.323834,0.003000,13.990000,0.154520,2.400000,c,13:00|call|gap>0.3%,780,-2.200000,-0.099379,32.200000,1522.000000
2013-03-25,1.000000,781,955,1545.600000,1550.800000,0.308563,0.003000,13.570000,0.310559,4.800000,c,13:00|call|gap>0.3%,780,-2.000000,0.098160,32.600000,1514.000000
2013-03-26,1.000000,781,955,1557.000000,1561.400000,0.386997,0.003000,13.740000,0.321130,5.000000,c,13:00|call|gap>0.3%,780,0.000000,0.072727,33.000000,1525.000000
2013-04-02,1.000000,782,955,1571.400000,1567.000000,0.358836,0.003000,13.580000,-0.229095,-3.600000,c,13:00|call|gap>0.3%,780,-7.600000,-0.191617,33.400000,1539.000000
2013-04-16,1.000000,781,955,1571.000000,1572.400000,0.787097,0.003000,17.270000,0.127307,2.000000,c,13:00|call|gap>0.3%,780,-5.000000,-0.018182,33.000000,1539.000000
2013-04-23,1.000000,784,955,1576.000000,1577.000000,0.512755,0.003000,14.390000,0.038071,0.600000,c,13:00|call|gap>0.3%,780,-15.800000,-0.030303,33.000000,1544.000000
2013-05-03,1.000000,782,955,1615.800000,1612.800000,0.877743,0.003000,13.590000,-0.259933,-4.200000,c,13:00|call|gap>0.3%,780,-4.800000,-0.147929,33.800000,1583.000000
2013-05-17,1.000000,781,955,1658.000000,1666.000000,0.375667,0.003000,13.070000,0.530760,8.800000,c,13:00|call|gap>0.3%,780,-0.800000,0.171429,35.000000,1624.000000
2013-05-28,1.000000,781,955,1664.800000,1660.400000,1.054929,0.003000,13.990000,-0.336377,-5.600000,c,13:00|call|gap>0.3%,780,-10.600000,-0.183908,34.800000,1631.000000
2013-06-07,1.000000,781,955,1638.000000,1643.200000,0.715166,0.003000,16.630000,0.317460,5.200000,c,13:00|call|gap>0.3%,780,-5.400000,0.094118,34.000000,1605.000000
2013-06-10,1.000000,781,955,1642.400000,1641.400000,0.304284,0.003000,15.140000,0.012177,0.200000,c,13:00|call|gap>0.3%,780,-2.600000,-0.087209,34.400000,1609.000000
2013-06-12,1.000000,781,955,1619.200000,1614.400000,0.701107,0.003000,17.070000,-0.432312,-7.000000,c,13:00|call|gap>0.3%,780,-8.600000,-0.198830,34.200000,1586.000000
2013-06-17,1.000000,781,955,1643.400000,1637.400000,0.688722,0.003000,17.150000,-0.279908,-4.600000,c,13:00|call|gap>0.3%,780,-13.600000,-0.232558,34.400000,1610.000000
2013-06-21,1.000000,781,955,1589.200000,1590.800000,0.705912,0.003000,20.490000,0.188774,3.000000,c,13:00|call|gap>0.3%,780,-5.400000,-0.012048,33.200000,1557.000000
2013-06-25,1.000000,781,955,1585.800000,1588.600000,0.916264,0.003000,20.110000,0.088284,1.400000,c,13:00|call|gap>0.3%,780,-4.400000,0.024390,32.800000,1554.000000
2013-06-26,1.000000,781,955,1599.000000,1603.400000,0.831653,0.003000,18.470000,0.225141,3.600000,c,13:00|call|gap>0.3%,780,-1.400000,0.072727,33.000000,1567.000000
2013-06-27,1.000000,781,955,1613.400000,1613.400000,0.611506,0.003000,17.210000,-0.074377,-1.200000,c,13:00|call|gap>0.3%,780,-1.800000,-0.059880,33.400000,1581.000000
2013-07-01,1.000000,781,955,1622.200000,1613.800000,0.686470,0.003000,16.860000,-0.517815,-8.400000,c,13:00|call|gap>0.3%,780,-11.000000,-0.304094,34.200000,1589.000000
2013-07-05,1.000000,781,955,1624.000000,1628.600000,0.781735,0.003000,16.200000,0.381773,6.200000,c,13:00|call|gap>0.3%,780,-2.200000,0.076471,34.000000,1591.000000
2013-07-08,1.000000,781,955,1637.200000,1638.000000,0.527543,0.003000,14.890000,0.122160,2.000000,c,13:00|call|gap>0.3%,780,-1.200000,-0.035088,34.200000,1604.000000
2013-07-09,1.000000,783,955,1652.200000,1650.400000,0.658858,0.003000,14.780000,-0.072630,-1.200000,c,13:00|call|gap>0.3%,780,-2.800000,-0.111111,34.200000,1619.000000
2013-07-11,1.000000,781,955,1669.200000,1675.000000,1.174619,0.003000,14.210000,0.311526,5.200000,c,13:00|call|gap>0.3%,780,-1.600000,0.107955,35.200000,1635.000000
2013-07-17,1.000000,781,955,1681.200000,1679.600000,0.370061,0.003000,14.420000,-0.118963,-2.000000,c,13:00|call|gap>0.3%,780,-4.200000,-0.102273,35.200000,1647.000000
2013-07-24,1.000000,781,955,1685.400000,1683.400000,0.330969,0.003000,12.660000,-0.047466,-0.800000,c,13:00|call|gap>0.3%,780,-4.400000,-0.112994,35.400000,1651.000000
2013-07-30,1.000000,781,955,1687.200000,1686.000000,0.320551,0.003000,13.390000,-0.142248,-2.400000,c,13:00|call|gap>0.3%,780,-6.400000,-0.090909,35.200000,1653.000000
2013-08-01,1.000000,781,955,1702.400000,1705.400000,0.390071,0.003000,13.450000,0.164474,2.800000,c,13:00|call|gap>0.3%,780,-1.000000,0.028249,35.400000,1668.000000
2013-08-08,1.000000,781,955,1698.200000,1697.200000,0.473317,0.003000,12.980000,-0.129549,-2.200000,c,13:00|call|gap>0.3%,780,-2.200000,-0.085227,35.200000,1664.000000
2013-08-23,1.000000,781,955,1660.000000,1664.200000,0.350199,0.003000,14.760000,0.132530,2.200000,c,13:00|call|gap>0.3%,780,-0.800000,0.062857,35.000000,1626.000000
2013-09-03,1.000000,781,955,1634.400000,1637.600000,1.005395,0.003000,17.010000,0.256975,4.200000,c,13:00|call|gap>0.3%,780,-2.400000,0.034884,34.400000,1601.000000
2013-09-06,1.000000,781,955,1659.400000,1655.400000,0.362713,0.003000,15.770000,-0.289261,-4.800000,c,13:00|call|gap>0.3%,780,-5.600000,-0.174419,34.400000,1626.000000
2013-09-10,1.000000,781,955,1681.200000,1682.000000,0.610413,0.003000,15.630000,0.142755,2.400000,c,13:00|call|gap>0.3%,780,-1.400000,-0.034091,35.200000,1647.000000
2013-09-16,1.000000,781,955,1702.400000,1697.000000,1.318133,0.003000,14.160000,-0.281955,-4.800000,c,13:00|call|gap>0.3%,780,-7.200000,-0.209040,35.400000,1668.000000
2013-09-18,1.000000,781,955,1701.800000,1724.200000,0.412347,0.003000,14.530000,1.410271,24.000000,c,13:00|call|gap>0.3%,780,0.000000,0.569832,35.800000,1667.000000
2013-10-10,1.000000,781,955,1683.800000,1689.600000,1.038773,0.003000,19.600000,0.498872,8.400000,c,13:00|call|gap>0.3%,780,-2.200000,0.109195,34.800000,1650.000000
2013-10-16,1.000000,781,955,1717.800000,1720.000000,0.589345,0.003000,18.660000,0.186285,3.200000,c,13:00|call|gap>0.3%,780,-3.000000,0.005587,35.800000,1683.000000
2013-10-18,1.000000,781,955,1740.600000,1743.200000,0.369472,0.003000,13.480000,0.172354,3.000000,c,13:00|call|gap>0.3%,780,-0.400000,0.016393,36.600000,1705.000000
2013-11-04,1.000000,781,955,1762.000000,1766.000000,0.329583,0.003000,13.280000,0.272418,4.800000,c,13:00|call|gap>0.3%,780,-0.400000,0.054054,37.000000,1726.000000
2013-11-06,1.000000,781,955,1767.400000,1769.200000,0.431475,0.003000,13.270000,0.135793,2.400000,c,13:00|call|gap>0.3%,780,-0.400000,-0.005495,36.400000,1732.000000
2013-11-21,1.000000,781,955,1791.400000,1796.000000,0.303098,0.003000,13.400000,0.256782,4.600000,c,13:00|call|gap>0.3%,780,-0.200000,0.069519,37.400000,1755.000000
2013-12-06,1.000000,781,955,1805.200000,1805.000000,0.940860,0.003000,15.080000,0.000000,0.000000,c,13:00|call|gap>0.3%,780,-3.200000,-0.059140,37.200000,1769.000000
2013-12-16,1.000000,781,955,1786.600000,1787.400000,0.473026,0.003000,15.760000,0.011194,0.200000,c,13:00|call|gap>0.3%,780,-2.000000,-0.031915,37.600000,1750.000000
2013-12-23,1.000000,781,955,1829.000000,1829.000000,0.461538,0.003000,13.790000,0.000000,0.000000,c,13:00|call|gap>0.3%,780,-3.200000,-0.052632,38.000000,1792.000000
2014-01-02,1.000000,781,955,1833.000000,1833.600000,0.765446,0.003000,13.720000,-0.054555,-1.000000,c,13:00|call|gap>0.3%,780,-5.400000,-0.036842,38.000000,1796.000000
2014-01-06,1.000000,781,955,1825.800000,1828.400000,0.371544,0.003000,13.760000,0.010954,0.200000,c,13:00|call|gap>0.3%,780,-1.800000,0.015873,37.800000,1789.000000
2014-01-07,1.000000,781,955,1838.000000,1837.600000,0.372399,0.003000,13.550000,-0.087051,-1.600000,c,13:00|call|gap>0.3%,780,-4.400000,-0.063158,38.000000,1801.000000
2014-01-09,1.000000,781,955,1837.200000,1838.200000,0.304845,0.003000,12.870000,0.032658,0.600000,c,13:00|call|gap>0.3%,780,-5.800000,-0.026178,38.200000,1800.000000
2014-01-14,1.000000,781,955,1835.000000,1837.200000,0.330033,0.003000,13.280000,0.163488,3.000000,c,13:00|call|gap>0.3%,780,-1.400000,0.005263,38.000000,1798.000000
2014-01-21,1.000000,781,955,1838.000000,1841.600000,0.588043,0.003000,12.440000,0.239391,4.400000,c,13:00|call|gap>0.3%,780,-0.200000,0.042105,38.000000,1801.000000
2014-01-30,1.000000,781,955,1795.600000,1792.800000,0.857691,0.003000,17.350000,-0.189352,-3.400000,c,13:00|call|gap>0.3%,780,-5.400000,-0.127660,37.600000,1759.000000
2014-02-04,1.000000,781,955,1754.400000,1754.200000,0.454023,0.003000,21.440000,-0.136799,-2.400000,c,13:00|call|gap>0.3%,780,-8.000000,-0.060440,36.400000,1719.000000
2014-02-07,1.000000,781,955,1787.000000,1795.000000,0.507843,0.003000,17.230000,0.436486,7.800000,c,13:00|call|gap>0.3%,780,-0.400000,0.162162,37.000000,1751.000000
2014-02-28,1.000000,781,955,1866.400000,1858.400000,0.531280,0.003000,14.040000,-0.342906,-6.400000,c,13:00|call|gap>0.3%,780,-19.600000,-0.260417,38.400000,1829.000000
2014-03-04,1.000000,781,955,1871.300000,1873.800000,1.008021,0.003000,16.000000,0.080158,1.500000,c,13:00|call|gap>0.3%,780,-3.500000,0.012723,39.300000,1833.000000
2014-03-07,1.000000,781,955,1875.900000,1876.100000,0.378102,0.003000,14.210000,0.111946,2.100000,c,13:00|call|gap>0.3%,780,-4.500000,-0.046272,38.900000,1838.000000
2014-03-13,1.000000,781,955,1851.900000,1847.000000,0.321113,0.003000,14.470000,-0.237594,-4.400000,c,13:00|call|gap>0.3%,780,-9.600000,-0.177378,38.900000,1814.000000
2014-03-17,1.000000,781,955,1859.300000,1858.200000,0.532204,0.003000,17.820000,-0.037649,-0.700000,c,13:00|call|gap>0.3%,780,-2.700000,-0.080940,38.300000,1822.000000
2014-03-21,1.000000,781,955,1876.700000,1864.500000,0.400662,0.003000,14.520000,-0.650077,-12.200000,c,13:00|call|gap>0.3%,780,-13.900000,-0.366925,38.700000,1839.000000
2014-03-24,1.000000,781,955,1851.400000,1857.500000,0.337892,0.003000,15.000000,0.264665,4.900000,c,13:00|call|gap>0.3%,780,-0.400000,0.106771,38.400000,1814.000000
2014-03-25,1.000000,781,955,1861.400000,1865.400000,0.495610,0.003000,15.090000,0.214892,4.000000,c,13:00|call|gap>0.3%,780,-0.400000,0.052083,38.400000,1824.000000
2014-03-26,1.000000,781,955,1869.700000,1853.600000,0.385976,0.003000,14.020000,-0.984115,-18.400000,c,13:00|call|gap>0.3%,780,-18.600000,-0.467700,38.700000,1832.000000
2014-03-31,1.000000,781,955,1873.200000,1870.800000,0.614191,0.003000,14.410000,-0.090754,-1.700000,c,13:00|call|gap>0.3%,780,-4.900000,-0.112245,39.200000,1835.000000
2014-04-01,1.000000,781,955,1877.600000,1883.600000,0.331285,0.003000,13.880000,0.324883,6.100000,c,13:00|call|gap>0.3%,780,-1.000000,0.103627,38.600000,1840.000000
2014-04-04,1.000000,781,955,1873.700000,1866.400000,0.556380,0.003000,13.370000,-0.469659,-8.800000,c,13:00|call|gap>0.3%,780,-11.800000,-0.240310,38.700000,1836.000000
2014-04-14,1.000000,781,955,1830.900000,1827.500000,0.771520,0.003000,17.030000,-0.114698,-2.100000,c,13:00|call|gap>0.3%,780,-16.900000,-0.142480,37.900000,1794.000000
2014-04-16,1.000000,781,955,1853.000000,1860.200000,0.667825,0.003000,15.610000,0.420939,7.800000,c,13:00|call|gap>0.3%,780,-2.900000,0.133333,39.000000,1815.000000
2014-04-24,1.000000,781,955,1880.900000,1876.900000,0.474996,0.003000,13.270000,-0.186081,-3.500000,c,13:00|call|gap>0.3%,780,-7.500000,-0.154242,38.900000,1843.000000
2014-04-28,1.000000,781,955,1858.500000,1868.700000,0.386702,0.003000,14.060000,0.495023,9.200000,c,13:00|call|gap>0.3%,780,-10.200000,0.212987,38.500000,1821.000000
2014-04-29,1.000000,781,955,1878.400000,1876.200000,0.321251,0.003000,13.970000,-0.117121,-2.200000,c,13:00|call|gap>0.3%,780,-2.900000,-0.106599,39.400000,1840.000000
2014-05-07,1.000000,781,955,1869.600000,1876.400000,0.332279,0.003000,13.800000,0.390458,7.300000,c,13:00|call|gap>0.3%,780,-3.000000,0.124352,38.600000,1832.000000
2014-05-12,1.000000,782,955,1891.600000,1895.200000,0.388732,0.003000,12.920000,0.190315,3.600000,c,13:00|call|gap>0.3%,780,-0.100000,0.040404,39.600000,1853.000000
2014-05-21,1.000000,782,955,1884.100000,1887.900000,0.304536,0.003000,12.960000,0.185765,3.500000,c,13:00|call|gap>0.3%,780,-2.500000,0.046036,39.100000,1846.000000
2014-05-27,1.000000,781,955,1907.900000,1911.000000,0.750370,0.003000,11.360000,0.172965,3.300000,c,13:00|call|gap>0.3%,780,-1.100000,0.027569,39.900000,1869.000000
2014-06-05,1.000000,781,955,1939.800000,1940.000000,0.311980,0.003000,12.080000,-0.010310,-0.200000,c,13:00|call|gap>0.3%,780,-1.800000,-0.045226,39.800000,1901.000000
2014-07-14,1.000000,783,955,1976.800000,1976.200000,0.508337,0.003000,12.080000,0.000000,0.000000,c,13:00|call|gap>0.3%,780,-1.000000,-0.063725,40.800000,1937.000000
2014-07-16,1.000000,781,955,1980.600000,1979.800000,0.435796,0.003000,11.960000,0.000000,0.000000,c,13:00|call|gap>0.3%,780,-1.200000,-0.067308,41.600000,1940.000000
2014-07-18,1.000000,781,955,1973.600000,1976.800000,0.306498,0.003000,14.540000,0.192542,3.800000,c,13:00|call|gap>0.3%,780,-2.800000,0.029557,40.600000,1934.000000
2014-07-22,1.000000,781,955,1983.400000,1982.400000,0.354754,0.003000,12.810000,-0.080670,-1.600000,c,13:00|call|gap>0.3%,780,-3.600000,-0.072464,41.400000,1943.000000
2014-07-30,1.000000,781,955,1966.600000,1969.800000,0.345318,0.003000,13.280000,0.142378,2.800000,c,13:00|call|gap>0.3%,780,-3.800000,0.029557,40.600000,1927.000000
2014-08-07,1.000000,781,955,1911.600000,1910.000000,0.469092,0.003000,16.370000,-0.198786,-3.800000,c,13:00|call|gap>0.3%,780,-8.200000,-0.090909,39.600000,1873.000000
2014-08-11,1.000000,782,955,1941.000000,1936.400000,0.373057,0.003000,15.770000,-0.288511,-5.600000,c,13:00|call|gap>0.3%,780,-6.400000,-0.165000,40.000000,1902.000000
2014-08-13,1.000000,781,955,1945.600000,1946.200000,0.393212,0.003000,14.130000,0.051398,1.000000,c,13:00|call|gap>0.3%,780,-2.200000,-0.034483,40.600000,1906.000000
2014-08-15,1.000000,781,955,1947.200000,1955.000000,0.378555,0.003000,12.420000,0.380033,7.400000,c,13:00|call|gap>0.3%,780,-2.000000,0.144279,40.200000,1908.000000
2014-08-20,1.000000,782,955,1983.400000,1987.200000,1.197176,0.003000,12.210000,0.121004,2.400000,c,13:00|call|gap>0.3%,780,-4.400000,0.043478,41.400000,1943.000000
2014-08-25,1.000000,781,955,1996.000000,1997.800000,0.492908,0.003000,11.470000,0.110220,2.200000,c,13:00|call|gap>0.3%,780,-1.000000,-0.004878,41.000000,1956.000000
2014-09-03,1.000000,784,955,2002.800000,2000.600000,0.399640,0.003000,12.250000,-0.109846,-2.200000,c,13:00|call|gap>0.3%,780,-5.000000,-0.100478,41.800000,1962.000000
2014-09-19,1.000000,781,955,2010.000000,2013.600000,0.327934,0.003000,12.030000,0.049751,1.000000,c,13:00|call|gap>0.3%,780,-3.200000,0.038095,42.000000,1969.000000
2014-10-03,1.000000,781,955,1968.600000,1969.400000,0.688875,0.003000,16.160000,-0.081276,-1.600000,c,13:00|call|gap>0.3%,780,-3.400000,-0.029557,40.600000,1929.000000
2014-10-06,1.000000,781,955,1958.400000,1965.400000,0.396543,0.003000,14.550000,0.285948,5.600000,c,13:00|call|gap>0.3%,780,-1.200000,0.123762,40.400000,1919.000000
2014-10-14,1.000000,781,955,1890.600000,1875.800000,0.533675,0.003000,24.640000,-0.698191,-13.200000,c,13:00|call|gap>0.3%,780,-19.800000,-0.424242,39.600005,1852.000000
2014-10-17,1.000000,781,955,1890.600000,1887.000000,1.192523,0.003000,25.200000,-0.306781,-5.800000,c,13:00|call|gap>0.3%,780,-14.800000,-0.141414,39.600008,1852.000000
2014-10-21,1.000000,781,955,1928.800000,1938.200000,0.699043,0.003000,18.570000,0.580672,11.200000,c,13:00|call|gap>0.3%,780,-1.000000,0.185930,39.800000,1890.000000
2014-10-23,1.000000,781,955,1952.000000,1949.200000,0.996678,0.003000,17.870000,-0.163934,-3.200000,c,13:00|call|gap>0.3%,780,-5.200000,-0.117073,41.000000,1912.000000
2014-10-28,1.000000,781,955,1970.200000,1981.400000,0.367347,0.003000,16.040000,0.639529,12.600000,c,13:00|call|gap>0.3%,780,-0.200000,0.223301,41.200000,1930.000000
2014-10-31,1.000000,781,955,2013.600000,2015.400000,1.193940,0.003000,14.520000,0.109257,2.200000,c,13:00|call|gap>0.3%,780,-4.200000,-0.004808,41.600000,1973.000000
2014-11-05,1.000000,781,955,2020.800000,2021.400000,0.706468,0.003000,14.890000,0.079177,1.600000,c,13:00|call|gap>0.3%,780,-5.800000,-0.033493,41.800000,1980.000000
2014-11-19,1.000000,782,955,2048.800000,2049.800000,0.455570,0.003000,13.860000,0.039047,0.800000,c,13:00|call|gap>0.3%,780,-4.400000,-0.023364,42.800000,2007.000000
2014-11-21,1.000000,781,955,2062.200000,2062.800000,1.209992,0.003000,13.580000,0.106682,2.200000,c,13:00|call|gap>0.3%,780,-4.800000,-0.032407,43.200000,2020.000000
2014-11-25,1.000000,781,955,2071.000000,2069.000000,0.397210,0.003000,12.620000,-0.086915,-1.800000,c,13:00|call|gap>0.3%,780,-2.800000,-0.093023,43.000000,2029.000000
2014-12-11,1.000000,781,955,2055.200000,2034.800000,0.375012,0.003000,18.530000,-0.905021,-18.600000,c,13:00|call|gap>0.3%,780,-23.200000,-0.530806,42.200000,2014.000000
2014-12-15,1.000000,781,955,2001.400000,1993.400000,0.529153,0.003000,21.080000,-0.629559,-12.600000,c,13:00|call|gap>0.3%,780,-13.000000,-0.241546,41.400000,1961.000000
2014-12-18,1.000000,781,955,2048.800000,2060.800000,1.400060,0.003000,19.440000,0.722374,14.800000,c,13:00|call|gap>0.3%,780,-4.200000,0.233645,42.800000,2007.000000
2014-12-19,1.000000,781,955,2068.800000,2077.200000,0.339213,0.003000,16.810000,0.280356,5.800000,c,13:00|call|gap>0.3%,780,-1.200000,0.149533,42.800000,2027.000000
2014-12-23,1.000000,781,955,2086.400000,2085.200000,0.355462,0.003000,15.250000,-0.086273,-1.800000,c,13:00|call|gap>0.3%,780,-2.600000,-0.073733,43.400000,2044.000000
2015-01-07,1.000000,781,955,2023.600000,2023.000000,0.780000,0.003000,21.120000,0.059300,1.200000,c,13:00|call|gap>0.3%,780,-4.800000,-0.062500,41.600000,1983.000000
2015-01-08,1.000000,781,955,2058.400000,2059.600000,0.849467,0.003000,19.310000,0.136028,2.800000,c,13:00|call|gap>0.3%,780,-2.600000,-0.018868,42.400000,2017.000000
2015-01-13,1.000000,781,955,2040.800000,2021.000000,0.739864,0.003000,19.600000,-0.931007,-19.000000,c,13:00|call|gap>0.3%,780,-34.600000,-0.509346,42.800000,1999.000000
2015-01-15,1.000000,781,955,1992.600000,1991.200000,0.378222,0.003000,21.480000,-0.100371,-2.000000,c,13:00|call|gap>0.3%,780,-3.000000,-0.081731,41.600000,1952.000000
2015-01-20,1.000000,781,955,2009.800000,2019.800000,0.391807,0.003000,20.950000,0.567221,11.400000,c,13:00|call|gap>0.3%,780,-3.800000,0.191388,41.800000,1969.000000
2015-01-22,1.000000,781,955,2043.800000,2060.800000,0.462826,0.003000,18.850000,0.880712,18.000000,c,13:00|call|gap>0.3%,780,-2.000000,0.350467,42.800000,2002.000000
2015-01-28,1.000000,781,955,2030.000000,2001.600000,0.700543,0.003000,17.220000,-1.477833,-30.000000,c,13:00|call|gap>0.3%,780,-31.400000,-0.723810,42.000000,1989.000000
2015-02-02,1.000000,781,955,1991.600000,2016.000000,0.311089,0.003000,20.970000,1.305483,26.000000,c,13:00|call|gap>0.3%,780,-4.600000,0.538462,41.600000,1951.000000
2015-02-03,1.000000,781,955,2030.400000,2046.200000,0.565028,0.003000,19.430000,0.807723,16.400000,c,13:00|call|gap>0.3%,780,-0.200000,0.325472,42.400000,1989.000000
2015-02-05,1.000000,781,955,2053.400000,2059.400000,0.402118,0.003000,18.330000,0.350638,7.200000,c,13:00|call|gap>0.3%,780,-0.400000,0.094340,42.400000,2012.000000
2015-02-10,1.000000,781,955,2058.600000,2068.400000,0.616438,0.003000,18.550000,0.369183,7.600000,c,13:00|call|gap>0.3%,780,-2.600000,0.183099,42.600000,2017.000000
2015-02-12,1.000000,781,955,2082.400000,2086.800000,0.474071,0.003000,16.960000,0.220899,4.600000,c,13:00|call|gap>0.3%,780,-0.400000,0.055300,43.400000,2040.000000
2015-03-12,1.000000,781,955,2059.800000,2066.400000,0.392157,0.003000,16.870000,0.310710,6.400000,c,13:00|call|gap>0.3%,780,-1.200000,0.107477,42.800000,2018.000000
2015-03-16,1.000000,781,955,2074.000000,2080.400000,0.438297,0.003000,16.000000,0.356798,7.400000,c,13:00|call|gap>0.3%,780,-2.400000,0.102326,43.000000,2032.000000
2015-03-20,1.000000,781,955,2112.600000,2110.000000,0.593642,0.003000,14.070000,-0.198807,-4.200000,c,13:00|call|gap>0.3%,780,-4.800000,-0.105505,43.600000,2070.000000
2015-03-30,1.000000,782,955,2084.600000,2085.400000,0.602059,0.003000,15.070000,0.019188,0.400000,c,13:00|call|gap>0.3%,780,-0.600000,-0.027523,43.600000,2042.000000
2015-04-20,1.000000,784,955,2100.200000,2098.600000,0.548288,0.003000,13.890000,-0.085706,-1.800000,c,13:00|call|gap>0.3%,780,-2.800000,-0.083333,43.200000,2058.000000
2015-04-21,1.000000,781,955,2098.000000,2096.600000,0.419367,0.003000,13.300000,-0.085796,-1.800000,c,13:00|call|gap>0.3%,780,-5.400000,-0.079070,43.000000,2056.000000
2015-04-27,1.000000,781,955,2111.400000,2105.800000,0.330750,0.003000,12.290000,-0.198920,-4.200000,c,13:00|call|gap>0.3%,780,-6.400000,-0.175115,43.400000,2069.000000
2015-05-01,1.000000,781,955,2098.200000,2105.000000,0.480077,0.003000,14.550000,0.352683,7.400000,c,13:00|call|gap>0.3%,780,-1.600000,0.111111,43.200000,2056.000000
2015-05-06,1.000000,781,955,2077.200000,2074.900000,0.335410,0.003000,14.310000,0.057770,1.200000,c,13:00|call|gap>0.3%,780,-12.000000,-0.099537,43.200000,2035.000000
2015-05-08,1.000000,785,955,2115.000000,2116.200000,0.967897,0.003000,15.130000,-0.018913,-0.400000,c,13:00|call|gap>0.3%,780,-3.400000,-0.018182,44.000000,2072.000000
2015-05-14,1.000000,781,955,2117.200000,2119.800000,0.591095,0.003000,13.760000,0.132250,2.800000,c,13:00|call|gap>0.3%,780,-0.600000,0.013575,44.200000,2074.000000
2015-06-01,1.000000,781,955,2116.000000,2110.800000,0.389179,0.003000,13.840000,-0.217391,-4.600000,c,13:00|call|gap>0.3%,780,-5.800000,-0.163636,44.000000,2073.000000
2015-06-03,1.000000,781,955,2114.400000,2114.000000,0.331974,0.003000,14.240000,0.009459,0.200000,c,13:00|call|gap>0.3%,780,-2.200000,-0.055300,43.400000,2072.000000
2015-06-10,1.000000,781,955,2106.600000,2105.400000,0.442563,0.003000,14.470000,-0.132916,-2.800000,c,13:00|call|gap>0.3%,780,-3.000000,-0.073394,43.600000,2064.000000
2015-06-18,1.000000,781,955,2123.200000,2121.100000,0.318956,0.003000,14.500000,-0.047099,-1.000000,c,13:00|call|gap>0.3%,780,-4.300000,-0.092760,44.200000,2080.000000
2015-06-22,1.000000,781,955,2123.800000,2122.400000,0.706664,0.003000,13.960000,-0.028251,-0.600000,c,13:00|call|gap>0.3%,780,-2.800000,-0.077626,43.800000,2081.000000
2015-06-25,1.000000,781,955,2108.900000,2102.700000,0.308320,0.003000,13.260000,-0.374603,-7.900000,c,13:00|call|gap>0.3%,780,-8.200000,-0.186788,43.900000,2066.000000
2015-06-30,1.000000,781,955,2058.200000,2066.000000,0.894855,0.003000,18.850000,0.106890,2.200000,c,13:00|call|gap>0.3%,780,-0.400000,0.137441,42.200000,2017.000000
2015-07-01,1.000000,781,955,2068.800000,2076.200000,0.902737,0.003000,18.230000,0.377030,7.800000,c,13:00|call|gap>0.3%,780,-1.800000,0.126168,42.800000,2027.000000
2015-07-09,1.000000,781,955,2060.700000,2055.200000,1.275972,0.003000,19.660000,-0.524094,-10.800000,c,13:00|call|gap>0.3%,780,-10.800000,-0.175644,42.700000,2019.000000
2015-07-10,1.000000,781,955,2076.400000,2078.000000,1.209815,0.003000,19.970000,-0.024080,-0.500000,c,13:00|call|gap>0.3%,780,-4.000000,-0.009217,43.400000,2034.000000
2015-07-13,1.000000,782,955,2093.200000,2099.900000,0.732213,0.003000,16.830000,0.272310,5.700000,c,13:00|call|gap>0.3%,780,0.000000,0.108796,43.200000,2051.000000
2015-07-16,1.000000,781,955,2120.100000,2123.600000,0.602638,0.003000,13.230000,0.165087,3.500000,c,13:00|call|gap>0.3%,780,-0.800000,0.034014,44.100000,2077.000000
2015-07-28,1.000000,781,955,2084.400000,2091.400000,0.522699,0.003000,15.600000,0.350221,7.300000,c,13:00|call|gap>0.3%,780,-0.400000,0.115207,43.400000,2042.000000
2015-07-31,1.000000,781,955,2109.300000,2102.000000,0.313331,0.003000,12.130000,-0.289195,-6.100000,c,13:00|call|gap>0.3%,780,-9.300000,-0.214781,43.300000,2067.000000
2015-08-05,1.000000,781,955,2100.400000,2098.300000,0.554758,0.003000,13.000000,-0.076176,-1.600000,c,13:00|call|gap>0.3%,780,-5.400000,-0.094470,43.400000,2058.000000
2015-08-10,1.000000,781,955,2100.700000,2101.500000,0.635624,0.003000,13.390000,0.114248,2.400000,c,13:00|call|gap>0.3%,780,-0.400000,-0.027460,43.700000,2058.000000
2015-08-25,1.000000,781,955,1928.600000,1879.800000,3.187884,0.003000,40.740000,-3.204397,-61.800000,c,13:00|call|gap>0.3%,780,-63.800000,-1.000000,39.615768,1890.000000
2015-08-26,1.000000,781,955,1894.400000,1936.600000,2.603385,0.003000,36.020000,2.417652,45.800000,c,13:00|call|gap>0.3%,780,-7.800000,1.020121,39.403571,1856.000000
2015-08-27,1.000000,781,955,1986.500000,1981.300000,1.278219,0.003000,30.320000,0.060408,1.200000,c,13:00|call|gap>0.3%,780,-40.200000,-0.173500,41.500308,1946.000000
2015-09-02,1.000000,781,955,1932.800000,1942.800000,1.639602,0.003000,31.400000,0.786424,15.200000,c,13:00|call|gap>0.3%,780,-5.600000,0.200985,39.800650,1894.000000
2015-09-03,1.000000,781,955,1957.600000,1952.200000,0.446612,0.003000,26.090000,-0.449530,-8.800000,c,13:00|call|gap>0.3%,780,-14.400000,-0.182266,40.600022,1918.000000
2015-09-08,1.000000,781,955,1951.900000,1967.900000,1.792974,0.003000,27.800000,0.855577,16.700000,c,13:00|call|gap>0.3%,780,-3.200000,0.342296,40.900063,1912.000000
2015-09-09,1.000000,781,955,1969.800000,1938.400000,0.934674,0.003000,24.900000,-1.482384,-29.200000,c,13:00|call|gap>0.3%,780,-33.400000,-0.818627,40.800008,1930.000000
2015-09-15,1.000000,781,955,1969.600000,1979.300000,0.327684,0.003000,24.250000,0.441714,8.700000,c,13:00|call|gap>0.3%,780,-0.400000,0.189655,40.600005,1930.000000
2015-09-21,1.000000,781,955,1956.400000,1965.200000,0.562430,0.003000,22.280000,0.531589,10.400000,c,13:00|call|gap>0.3%,780,-0.800000,0.168317,40.400001,1917.000000
2015-09-25,1.000000,781,955,1947.400000,1931.200000,0.911634,0.003000,23.470000,-0.893499,-17.400000,c,13:00|call|gap>0.3%,780,-27.800000,-0.450495,40.400002,1908.000000
2015-09-30,1.000000,781,955,1899.300000,1918.800000,1.259968,0.003000,26.830000,0.952983,18.100000,c,13:00|call|gap>0.3%,780,-0.300000,0.445291,39.300040,1861.000000
2015-10-05,1.000000,781,955,1977.200000,1986.200000,0.743475,0.003000,20.940000,0.434959,8.600000,c,13:00|call|gap>0.3%,780,-1.600000,0.169903,41.200000,1937.000000
2015-10-07,1.000000,781,955,1982.900000,1992.700000,0.555892,0.003000,19.400000,0.635433,12.600000,c,13:00|call|gap>0.3%,780,-2.300000,0.190709,40.900000,1943.000000
2015-10-15,1.000000,781,955,2006.200000,2023.700000,0.406361,0.003000,18.030000,0.877280,17.600000,c,13:00|call|gap>0.3%,780,-0.100000,0.376214,41.200000,1966.000000
2015-10-22,1.000000,781,955,2052.700000,2050.800000,0.554950,0.003000,16.700000,-0.024358,-0.500000,c,13:00|call|gap>0.3%,780,-11.600000,-0.091335,42.700000,2011.000000
2015-10-23,1.000000,781,955,2068.700000,2075.600000,1.003801,0.003000,14.450000,0.323875,6.700000,c,13:00|call|gap>0.3%,780,-1.900000,0.114754,42.700000,2027.000000
2015-11-18,1.000000,781,955,2066.200000,2085.400000,0.302380,0.003000,18.840000,0.851805,17.600000,c,13:00|call|gap>0.3%,780,-2.400000,0.398148,43.200000,2024.000000
2015-11-20,1.000000,781,955,2092.600000,2088.600000,0.422711,0.003000,16.990000,-0.143362,-3.000000,c,13:00|call|gap>0.3%,780,-7.600000,-0.137615,43.600000,2050.000000
2015-12-01,1.000000,781,955,2095.400000,2102.000000,0.374676,0.003000,16.130000,0.343610,7.200000,c,13:00|call|gap>0.3%,780,-5.000000,0.105991,43.400000,2053.000000
2015-12-15,1.000000,781,955,2054.200000,2044.800000,0.840253,0.003000,22.730000,-0.477071,-9.800000,c,13:00|call|gap>0.3%,780,-12.600000,-0.270142,42.200001,2013.000000
2015-12-16,1.000000,781,955,2047.200000,2076.000000,0.635883,0.003000,20.950000,1.289566,26.400000,c,13:00|call|gap>0.3%,780,-6.000000,0.635071,42.200000,2006.000000
2015-12-21,1.000000,781,955,2012.400000,2018.400000,0.788817,0.003000,20.700000,0.407474,8.200000,c,13:00|call|gap>0.3%,780,-6.400000,0.096618,41.400000,1972.000000
2015-12-22,1.000000,781,955,2032.600000,2037.400000,0.534495,0.003000,18.700000,0.324707,6.600000,c,13:00|call|gap>0.3%,780,-2.200000,0.065728,42.600000,1991.000000
2015-12-23,1.000000,781,955,2059.800000,2065.000000,0.598274,0.003000,16.600000,0.271871,5.600000,c,13:00|call|gap>0.3%,780,-3.400000,0.074766,42.800000,2018.000000
2015-12-29,1.000000,781,955,2075.600000,2080.000000,0.651878,0.003000,16.910000,0.134901,2.800000,c,13:00|call|gap>0.3%,780,-0.400000,0.056338,42.600000,2034.000000
2016-01-08,1.000000,781,955,1945.400000,1918.600000,0.602596,0.003000,24.990000,-1.315925,-25.600000,c,13:00|call|gap>0.3%,780,-28.800000,-0.712871,40.400008,1906.000000
2016-01-11,1.000000,781,955,1915.200000,1924.000000,0.593812,0.003000,27.010000,0.323726,6.200000,c,13:00|call|gap>0.3%,780,-16.600000,0.169153,40.200035,1876.000000
2016-01-12,1.000000,781,955,1920.400000,1938.200000,0.905590,0.003000,24.300000,0.864403,16.600000,c,13:00|call|gap>0.3%,780,-8.600000,0.391089,40.400003,1881.000000
2016-01-13,1.000000,781,955,1917.800000,1889.400000,0.423335,0.003000,22.470000,-1.533007,-29.400000,c,13:00|call|gap>0.3%,780,-34.000000,-0.763819,39.800001,1879.000000
2016-01-14,1.000000,781,955,1912.000000,1919.000000,0.413048,0.003000,25.220000,0.397490,7.600000,c,13:00|call|gap>0.3%,780,0.000000,0.125000,40.000009,1873.000000
2016-01-19,1.000000,781,955,1883.400000,1884.000000,1.171709,0.003000,27.020000,-0.180525,-3.400000,c,13:00|call|gap>0.3%,780,-21.600000,-0.035534,39.400037,1845.000000
2016-01-22,1.000000,781,955,1898.800000,1903.400000,1.671847,0.003000,26.690000,0.284390,5.400000,c,13:00|call|gap>0.3%,780,-3.200000,0.065326,39.800028,1860.000000
2016-01-26,1.000000,781,955,1901.400000,1898.000000,0.415911,0.003000,24.150000,-0.021037,-0.400000,c,13:00|call|gap>0.3%,780,-8.800000,-0.137056,39.400004,1863.000000
2016-01-28,1.000000,781,955,1890.200000,1891.800000,1.000000,0.003000,23.110000,-0.021162,-0.400000,c,13:00|call|gap>0.3%,780,-7.800000,-0.010204,39.200001,1852.000000
2016-01-29,1.000000,781,955,1923.400000,1935.000000,0.476241,0.003000,22.420000,0.644692,12.400000,c,13:00|call|gap>0.3%,780,-2.600000,0.237624,40.400000,1884.000000
2016-02-03,1.000000,781,955,1891.000000,1909.600000,0.695029,0.003000,21.980000,1.025912,19.400000,c,13:00|call|gap>0.3%,780,-13.000000,0.425641,39.000000,1853.000000
2016-02-10,1.000000,781,955,1873.200000,1850.800000,0.561798,0.003000,26.540000,-1.227845,-23.000000,c,13:00|call|gap>0.3%,780,-24.600000,-0.622449,39.200025,1835.000000
2016-02-12,1.000000,781,955,1853.400000,1862.600000,1.072680,0.003000,28.140000,0.561131,10.400000,c,13:00|call|gap>0.3%,780,-4.600000,0.187497,38.400094,1816.000000
2016-02-16,1.000000,781,955,1892.000000,1892.400000,1.137461,0.003000,25.400000,0.116279,2.200000,c,13:00|call|gap>0.3%,780,-3.400000,-0.041026,39.000014,1854.000000
2016-02-17,1.000000,781,955,1925.600000,1925.600000,0.749657,0.003000,24.110000,-0.010386,-0.200000,c,13:00|call|gap>0.3%,780,-4.200000,-0.050505,39.600005,1887.000000
2016-02-22,1.000000,781,955,1940.200000,1943.600000,0.980904,0.003000,20.530000,0.195856,3.800000,c,13:00|call|gap>0.3%,780,-1.800000,0.034826,40.200000,1901.000000
2016-02-26,1.000000,781,955,1956.800000,1948.400000,0.543200,0.003000,19.110000,-0.511038,-10.000000,c,13:00|call|gap>0.3%,780,-11.800000,-0.254902,40.800000,1917.000000
2016-03-01,1.000000,781,955,1967.400000,1974.000000,0.808290,0.003000,20.550000,0.498119,9.800000,c,13:00|call|gap>0.3%,780,-0.600000,0.113861,40.400000,1928.000000
2016-03-09,1.000000,781,955,1985.000000,1985.600000,0.495250,0.003000,18.670000,0.201511,4.000000,c,13:00|call|gap>0.3%,780,-2.000000,-0.034146,41.000000,1945.000000
2016-03-11,1.000000,781,955,2016.800000,2020.800000,0.884511,0.003000,18.050000,0.267751,5.400000,c,13:00|call|gap>0.3%,780,-3.600000,0.047847,41.800000,1976.000000
2016-03-30,1.000000,781,955,2063.600000,2064.600000,0.554583,0.003000,13.820000,0.038767,0.800000,c,13:00|call|gap>0.3%,780,-3.600000,-0.023474,42.600000,2022.000000
2016-04-08,1.000000,781,955,2050.000000,2045.600000,0.695329,0.003000,16.160000,-0.087805,-1.800000,c,13:00|call|gap>0.3%,780,-8.400000,-0.152381,42.000000,2009.000000
2016-04-11,1.000000,781,955,2056.200000,2044.800000,0.351528,0.003000,15.360000,-0.680868,-14.000000,c,13:00|call|gap>0.3%,780,-14.600000,-0.317536,42.200000,2015.000000
2016-04-13,1.000000,781,955,2077.200000,2082.600000,0.504267,0.003000,14.850000,0.259965,5.400000,c,13:00|call|gap>0.3%,780,-3.000000,0.078704,43.200000,2035.000000
2016-05-02,1.000000,781,955,2073.400000,2079.400000,0.300417,0.003000,15.700000,0.347256,7.200000,c,13:00|call|gap>0.3%,780,-0.400000,0.092166,43.400000,2031.000000
2016-05-05,1.000000,781,955,2052.600000,2047.000000,0.302557,0.003000,16.050000,-0.155900,-3.200000,c,13:00|call|gap>0.3%,780,-8.400000,-0.178404,42.600000,2011.000000
2016-05-10,1.000000,781,955,2077.700000,2082.500000,0.422782,0.003000,14.570000,0.279155,5.800000,c,13:00|call|gap>0.3%,780,-1.400000,0.065574,42.700000,2036.000000
2016-05-12,1.000000,781,955,2059.400000,2063.400000,0.358458,0.003000,14.690000,0.252501,5.200000,c,13:00|call|gap>0.3%,780,-4.200000,0.047170,42.400000,2018.000000
2016-05-20,1.000000,782,955,2055.200000,2051.000000,0.353010,0.003000,16.330000,-0.155703,-3.200000,c,13:00|call|gap>0.3%,780,-7.200000,-0.146919,42.200000,2014.000000
2016-05-24,1.000000,781,955,2076.800000,2076.600000,0.507664,0.003000,15.820000,-0.067411,-1.400000,c,13:00|call|gap>0.3%,780,-4.000000,-0.051402,42.800000,2035.000000
2016-05-25,1.000000,781,955,2091.000000,2090.800000,0.404741,0.003000,14.420000,-0.066954,-1.400000,c,13:00|call|gap>0.3%,780,-2.000000,-0.051163,43.000000,2049.000000
2016-06-20,1.000000,781,955,2094.400000,2082.800000,1.101130,0.003000,19.410000,-0.515661,-10.800000,c,13:00|call|gap>0.3%,780,-12.000000,-0.313364,43.400000,2052.000000
2016-06-23,1.000000,781,955,2105.200000,2111.400000,0.853635,0.003000,21.170000,0.351511,7.400000,c,13:00|call|gap>0.3%,780,-2.400000,0.097222,43.200000,2063.000000
2016-06-28,1.000000,781,955,2021.400000,2033.600000,0.950570,0.003000,23.850000,0.662907,13.400000,c,13:00|call|gap>0.3%,780,-5.000000,0.240566,42.400002,1980.000000
2016-06-29,1.000000,781,955,2064.200000,2069.200000,0.835463,0.003000,18.750000,0.261603,5.400000,c,13:00|call|gap>0.3%,780,-2.000000,0.069444,43.200000,2022.000000
2016-07-08,1.000000,781,955,2124.400000,2130.000000,0.753242,0.003000,14.760000,0.207117,4.400000,c,13:00|call|gap>0.3%,780,0.000000,0.081081,44.400000,2081.000000
2016-07-12,1.000000,781,955,2154.000000,2152.400000,0.533658,0.003000,13.540000,-0.111421,-2.400000,c,13:00|call|gap>0.3%,780,-3.200000,-0.080000,45.000000,2110.000000
2016-07-14,1.000000,781,955,2163.600000,2165.200000,0.697026,0.003000,13.040000,-0.009244,-0.200000,c,13:00|call|gap>0.3%,780,-4.400000,-0.008969,44.600000,2120.000000
2016-07-15,1.000000,781,955,2157.200000,2160.800000,0.314320,0.003000,12.820000,0.166883,3.600000,c,13:00|call|gap>0.3%,780,-0.200000,0.036199,44.200000,2114.000000
2016-07-25,1.000000,781,955,2164.000000,2166.600000,0.369720,0.003000,12.020000,0.212569,4.600000,c,13:00|call|gap>0.3%,780,-1.000000,0.013333,45.000000,2120.000000
2016-08-05,1.000000,783,955,2180.800000,2181.600000,0.332533,0.003000,12.420000,0.064197,1.400000,c,13:00|call|gap>0.3%,780,-1.000000,-0.026786,44.800000,2137.000000
2016-08-30,1.000000,781,955,2175.400000,2176.000000,0.479307,0.003000,12.940000,0.055162,1.200000,c,13:00|call|gap>0.3%,780,-5.000000,-0.030837,45.400000,2131.000000
2016-09-02,1.000000,782,955,2175.800000,2179.600000,0.460829,0.003000,13.480000,0.183840,4.000000,c,13:00|call|gap>0.3%,780,-2.600000,0.040179,44.800000,2132.000000
2016-09-19,1.000000,781,955,2140.000000,2137.800000,0.393111,0.003000,15.370000,-0.130841,-2.800000,c,13:00|call|gap>0.3%,780,-6.200000,-0.095455,44.000000,2097.000000
2016-09-20,1.000000,781,955,2138.400000,2141.200000,0.467902,0.003000,15.530000,-0.037411,-0.800000,c,13:00|call|gap>0.3%,780,-1.200000,0.018018,44.400000,2095.000000
2016-09-21,1.000000,781,955,2141.800000,2160.800000,0.364895,0.003000,15.920000,0.887104,19.000000,c,13:00|call|gap>0.3%,780,-3.400000,0.379464,44.800000,2098.000000
2016-09-22,1.000000,781,955,2175.200000,2175.200000,0.592373,0.003000,13.300000,-0.036778,-0.800000,c,13:00|call|gap>0.3%,780,-5.400000,-0.044248,45.200000,2131.000000
2016-09-30,1.000000,781,955,2167.800000,2168.800000,0.455984,0.003000,14.020000,-0.101485,-2.200000,c,13:00|call|gap>0.3%,780,-2.600000,-0.022321,44.800000,2124.000000
2016-10-05,1.000000,781,955,2160.400000,2157.600000,0.335133,0.003000,13.630000,-0.120348,-2.600000,c,13:00|call|gap>0.3%,780,-3.200000,-0.108108,44.400000,2117.000000
2016-10-10,1.000000,781,955,2163.400000,2161.600000,0.520640,0.003000,13.480000,-0.073958,-1.600000,c,13:00|call|gap>0.3%,780,-2.600000,-0.085586,44.400000,2120.000000
2016-10-14,1.000000,784,955,2134.400000,2134.000000,0.525575,0.003000,16.690000,-0.149925,-3.200000,c,13:00|call|gap>0.3%,780,-3.200000,-0.054054,44.400000,2091.000000
2016-10-18,1.000000,781,955,2140.200000,2138.400000,0.866045,0.003000,16.210000,-0.140174,-3.000000,c,13:00|call|gap>0.3%,780,-3.000000,-0.085973,44.200000,2097.000000
2016-10-24,1.000000,782,955,2146.800000,2149.200000,0.495466,0.003000,13.340000,0.074530,1.600000,c,13:00|call|gap>0.3%,780,-0.400000,0.008929,44.800000,2103.000000
2016-10-27,1.000000,781,955,2136.600000,2131.200000,0.392964,0.003000,14.240000,-0.234017,-5.000000,c,13:00|call|gap>0.3%,780,-5.800000,-0.165919,44.600000,2093.000000
2016-11-07,1.000000,782,955,2127.000000,2129.000000,1.439954,0.003000,22.510000,0.112835,2.400000,c,13:00|call|gap>0.3%,780,-4.600000,-0.000000,44.000001,2084.000000
2016-11-10,1.000000,781,955,2168.400000,2166.400000,0.425453,0.003000,14.380000,-0.073787,-1.600000,c,13:00|call|gap>0.3%,780,-3.600000,-0.090090,44.400000,2125.000000
2016-11-30,1.000000,781,955,2207.200000,2203.000000,0.344765,0.003000,12.900000,-0.371511,-8.200000,c,13:00|call|gap>0.3%,780,-8.400000,-0.137168,45.200000,2163.000000
2016-12-05,1.000000,781,955,2204.600000,2203.800000,0.456246,0.003000,14.120000,-0.009072,-0.200000,c,13:00|call|gap>0.3%,780,-4.600000,-0.061404,45.600000,2160.000000
2016-12-13,1.000000,782,955,2273.200000,2272.200000,0.354453,0.003000,12.640000,-0.043991,-1.000000,c,13:00|call|gap>0.3%,780,-2.000000,-0.063559,47.200000,2227.000000
2016-12-28,1.000000,781,955,2252.000000,2249.400000,0.318077,0.003000,11.990000,-0.124334,-2.800000,c,13:00|call|gap>0.3%,780,-4.200000,-0.097872,47.000000,2206.000000
2017-01-03,1.000000,781,955,2246.200000,2254.400000,0.669344,0.003000,14.040000,0.445196,10.000000,c,13:00|call|gap>0.3%,780,-2.400000,0.134199,46.200000,2201.000000
2017-01-05,1.000000,781,955,2262.400000,2266.400000,0.416630,0.003000,11.850000,0.221004,5.000000,c,13:00|call|gap>0.3%,780,0.000000,0.043103,46.400000,2217.000000
2017-01-20,1.000000,781,955,2266.400000,2269.600000,0.327057,0.003000,12.780000,0.158842,3.600000,c,13:00|call|gap>0.3%,780,-2.200000,0.025862,46.400000,2221.000000
2017-01-26,1.000000,781,955,2295.400000,2296.000000,0.798526,0.003000,10.810000,0.017426,0.400000,c,13:00|call|gap>0.3%,780,-2.400000,-0.029536,47.400000,2249.000000
2017-02-03,1.000000,781,955,2295.200000,2296.200000,0.482541,0.003000,11.930000,0.017428,0.400000,c,13:00|call|gap>0.3%,780,-1.200000,-0.021186,47.200000,2249.000000
2017-02-10,1.000000,781,955,2314.800000,2315.200000,0.758699,0.003000,10.880000,0.008640,0.200000,c,13:00|call|gap>0.3%,780,-0.600000,-0.033473,47.800000,2268.000000
2017-03-01,1.000000,781,955,2397.000000,2396.600000,0.803859,0.003000,12.920000,-0.050063,-1.200000,c,13:00|call|gap>0.3%,780,-1.800000,-0.048980,49.000000,2349.000000
2017-03-10,1.000000,781,955,2366.600000,2372.400000,0.498985,0.003000,12.300000,0.278881,6.600000,c,13:00|call|gap>0.3%,780,-4.200000,0.078189,48.600000,2319.000000
2017-04-24,1.000000,781,955,2371.000000,2373.200000,1.107325,0.003000,14.630000,0.092788,2.200000,c,13:00|call|gap>0.3%,780,0.000000,0.004082,49.000000,2323.000000
2017-04-25,1.000000,781,955,2386.000000,2388.600000,0.328670,0.003000,10.840000,0.050293,1.200000,c,13:00|call|gap>0.3%,780,-0.200000,0.012245,49.000000,2338.000000
2017-05-25,1.000000,783,955,2416.000000,2415.800000,1.192676,0.003000,10.020000,-0.049669,-1.200000,c,13:00|call|gap>0.3%,780,-2.600000,-0.044000,50.000000,2367.000000
2017-06-20,1.000000,781,955,2444.200000,2437.400000,0.649511,0.003000,10.370000,-0.302758,-7.400000,c,13:00|call|gap>0.3%,780,-8.200000,-0.175299,50.200000,2395.000000
2017-06-26,1.000000,781,955,2442.400000,2438.800000,0.427280,0.003000,10.020000,-0.180151,-4.400000,c,13:00|call|gap>0.3%,780,-5.000000,-0.111111,50.400000,2393.000000
2017-06-28,1.000000,781,955,2441.200000,2441.400000,0.462963,0.003000,11.060000,-0.057349,-1.400000,c,13:00|call|gap>0.3%,780,-2.400000,-0.035857,50.200000,2392.000000
2017-06-30,1.000000,781,955,2424.800000,2427.800000,0.347251,0.003000,11.440000,-0.107225,-2.600000,c,13:00|call|gap>0.3%,780,-2.800000,0.020080,49.800000,2376.000000
2017-07-05,1.000000,781,955,2430.800000,2432.000000,0.355049,0.003000,11.220000,0.032911,0.800000,c,13:00|call|gap>0.3%,780,-2.200000,-0.016064,49.800000,2382.000000
2017-07-12,1.000000,781,955,2442.200000,2443.000000,0.470103,0.003000,10.890000,0.032757,0.800000,c,13:00|call|gap>0.3%,780,-1.400000,-0.023904,50.200000,2393.000000
2017-07-18,1.000000,781,955,2455.200000,2459.400000,0.442079,0.003000,9.820000,0.187357,4.600000,c,13:00|call|gap>0.3%,780,-1.200000,0.043825,50.200000,2406.000000
2017-07-27,1.000000,781,955,2471.600000,2471.800000,0.886251,0.003000,9.600000,0.105195,2.600000,c,13:00|call|gap>0.3%,780,-13.000000,-0.035573,50.600000,2422.000000
2017-08-15,1.000000,781,955,2463.800000,2465.400000,1.163648,0.003000,12.330000,0.024353,0.600000,c,13:00|call|gap>0.3%,780,-2.200000,-0.007874,50.800000,2414.000000
2017-08-23,1.000000,781,955,2445.400000,2445.400000,0.560270,0.003000,11.350000,-0.098143,-2.400000,c,13:00|call|gap>0.3%,780,-3.200000,-0.039683,50.400000,2396.000000
2017-08-25,1.000000,781,955,2446.600000,2445.400000,0.328084,0.003000,12.230000,-0.147143,-3.600000,c,13:00|call|gap>0.3%,780,-4.400000,-0.063241,50.600000,2397.000000
2017-08-31,1.000000,781,955,2469.400000,2471.400000,0.752249,0.003000,11.220000,0.048595,1.200000,c,13:00|call|gap>0.3%,780,-2.400000,0.000000,50.400000,2420.000000
2017-09-06,1.000000,781,955,2465.400000,2465.400000,0.309245,0.003000,12.230000,0.000000,0.000000,c,13:00|call|gap>0.3%,780,-1.000000,-0.039683,50.400000,2416.000000
2017-09-12,1.000000,781,955,2494.600000,2494.400000,1.227044,0.003000,10.730000,0.064139,1.600000,c,13:00|call|gap>0.3%,780,-3.200000,-0.042636,51.600000,2444.000000
2017-10-10,1.000000,781,955,2548.200000,2549.400000,2.195865,0.003000,10.330000,0.094184,2.400000,c,13:00|call|gap>0.3%,780,-1.000000,-0.015326,52.200000,2497.000000
2017-10-25,1.000000,781,955,2549.600000,2556.200000,0.572414,0.003000,11.160000,0.266709,6.800000,c,13:00|call|gap>0.3%,780,-1.800000,0.087452,52.600000,2498.000000
2017-10-30,1.000000,781,955,2571.200000,2573.000000,0.539147,0.003000,9.800000,-0.015557,-0.400000,c,13:00|call|gap>0.3%,780,-2.800000,-0.003759,53.200000,2519.000000
2017-11-01,1.000000,781,955,2577.800000,2577.000000,0.466781,0.003000,10.180000,-0.015517,-0.400000,c,13:00|call|gap>0.3%,780,-4.400000,-0.053030,52.800000,2526.000000
2017-11-07,1.000000,781,955,2585.800000,2587.200000,0.511985,0.003000,9.400000,0.100549,2.600000,c,13:00|call|gap>0.3%,780,-1.600000,-0.011364,52.800000,2534.000000
2017-11-17,1.000000,781,955,2582.000000,2579.400000,0.655124,0.003000,11.760000,-0.147173,-3.800000,c,13:00|call|gap>0.3%,780,-4.800000,-0.086792,53.000000,2530.000000
2017-11-28,1.000000,781,955,2619.000000,2626.200000,1.078272,0.003000,9.870000,0.305460,8.000000,c,13:00|call|gap>0.3%,780,-9.000000,0.096296,54.000000,2566.000000
2017-11-30,1.000000,781,955,2655.400000,2649.000000,0.388483,0.003000,10.700000,-0.316337,-8.400000,c,13:00|call|gap>0.3%,780,-13.400000,-0.154412,54.400000,2602.000000
2017-12-04,1.000000,781,955,2656.000000,2641.400000,0.711636,0.003000,11.430000,-0.655120,-17.400000,c,13:00|call|gap>0.3%,780,-17.400000,-0.301818,55.000000,2602.000000
2017-12-08,1.000000,784,955,2650.400000,2650.400000,0.363940,0.003000,10.160000,0.060368,1.600000,c,13:00|call|gap>0.3%,780,-3.800000,-0.036765,54.400000,2597.000000
2017-12-15,1.000000,781,955,2675.800000,2673.600000,0.429767,0.003000,10.490000,-0.044846,-1.200000,c,13:00|call|gap>0.3%,780,-4.000000,-0.076642,54.800000,2622.000000
2017-12-18,1.000000,782,955,2693.800000,2692.000000,0.583265,0.003000,9.420000,-0.059396,-1.600000,c,13:00|call|gap>0.3%,780,-3.800000,-0.068100,55.800000,2639.000000
2017-12-20,1.000000,781,955,2682.400000,2681.600000,0.387770,0.003000,10.030000,-0.074560,-2.000000,c,13:00|call|gap>0.3%,780,-2.800000,-0.050542,55.400000,2628.000000
2018-01-04,1.000000,781,955,2724.000000,2722.000000,1.365468,0.003000,9.150000,-0.088106,-2.400000,c,13:00|call|gap>0.3%,780,-2.800000,-0.071429,56.000000,2669.000000
2018-01-10,1.000000,781,955,2747.600000,2746.800000,0.749559,0.003000,10.080000,-0.036395,-1.000000,c,13:00|call|gap>0.3%,780,-5.600000,-0.049470,56.600000,2692.000000
2018-01-12,1.000000,781,955,2782.800000,2785.200000,0.830117,0.003000,9.880000,0.079057,2.200000,c,13:00|call|gap>0.3%,780,-2.800000,0.007042,56.800000,2727.000000
2018-01-16,1.000000,781,955,2788.600000,2776.600000,0.509874,0.003000,10.160000,-0.444668,-12.400000,c,13:00|call|gap>0.3%,780,-20.800000,-0.243056,57.600000,2732.000000
2018-01-17,1.000000,781,955,2797.800000,2801.600000,0.389021,0.003000,11.660000,0.185860,5.200000,c,13:00|call|gap>0.3%,780,-1.200000,0.031142,57.800000,2741.000000
2018-01-25,1.000000,781,955,2840.400000,2837.200000,0.338314,0.003000,11.470000,-0.084495,-2.400000,c,13:00|call|gap>0.3%,780,-11.000000,-0.089041,58.400000,2783.000000
2018-01-26,1.000000,781,955,2857.200000,2869.600000,0.345314,0.003000,11.580000,0.489990,14.000000,c,13:00|call|gap>0.3%,780,-0.800000,0.178694,58.200000,2800.000000
2018-01-31,1.000000,781,955,2828.400000,2824.000000,0.368533,0.003000,14.790000,-0.141423,-4.000000,c,13:00|call|gap>0.3%,780,-16.800000,-0.109589,58.400000,2771.000000
2018-02-09,1.000000,781,955,2556.200000,2625.000000,1.202949,0.003000,33.460000,2.394179,61.200000,c,13:00|call|gap>0.3%,780,-27.000000,1.279599,52.202172,2505.000000
2018-02-12,1.000000,781,955,2655.000000,2656.200000,0.802323,0.003000,29.060000,-0.075330,-2.000000,c,13:00|call|gap>0.3%,780,-10.000000,-0.014549,55.000210,2601.000000
2018-02-15,1.000000,781,955,2715.400000,2725.000000,0.674674,0.003000,19.260000,0.559770,15.200000,c,13:00|call|gap>0.3%,780,-3.800000,0.137184,55.400000,2661.000000
2018-02-22,1.000000,781,955,2719.000000,2702.000000,0.429693,0.003000,20.020000,-0.595807,-16.200000,c,13:00|call|gap>0.3%,780,-23.000000,-0.339286,56.000000,2664.000000
2018-02-23,1.000000,781,955,2724.600000,2743.200000,0.540181,0.003000,18.720000,0.807458,22.000000,c,13:00|call|gap>0.3%,780,-3.600000,0.298561,55.600000,2670.000000
2018-02-26,1.000000,781,955,2771.600000,2775.600000,0.458749,0.003000,16.490000,0.259778,7.200000,c,13:00|call|gap>0.3%,780,-2.400000,0.035336,56.600000,2716.000000
2018-02-28,1.000000,781,955,2750.000000,2720.600000,0.466574,0.003000,18.590000,-1.367273,-37.600000,c,13:00|call|gap>0.3%,780,-37.800000,-0.560714,56.000000,2695.000000
2018-03-06,1.000000,781,955,2729.200000,2723.400000,0.389591,0.003000,18.730000,-0.065953,-1.800000,c,13:00|call|gap>0.3%,780,-9.200000,-0.138790,56.200000,2674.000000
2018-03-09,1.000000,781,955,2774.400000,2783.200000,0.606193,0.003000,16.540000,0.439735,12.200000,c,13:00|call|gap>0.3%,780,-0.600000,0.118467,57.400000,2718.000000
2018-03-13,1.000000,781,955,2781.600000,2763.800000,0.488681,0.003000,15.780000,-0.589589,-16.400000,c,13:00|call|gap>0.3%,780,-23.200000,-0.343750,57.600000,2725.000000
2018-03-14,1.000000,781,955,2750.200000,2747.800000,0.365254,0.003000,16.350000,-0.029089,-0.800000,c,13:00|call|gap>0.3%,780,-6.800000,-0.078292,56.200000,2695.000000
2018-03-26,1.000000,781,955,2619.200000,2656.600000,1.618148,0.003000,24.870000,1.389737,36.400000,c,13:00|call|gap>0.3%,780,-0.400000,0.653136,54.200010,2566.000000
2018-03-27,1.000000,781,955,2664.200000,2602.600000,0.376563,0.003000,21.030000,-2.086930,-55.600000,c,13:00|call|gap>0.3%,780,-72.600000,-1.000000,55.200000,2610.000000
2018-03-29,1.000000,781,955,2631.200000,2638.200000,0.476813,0.003000,22.870000,0.235634,6.200000,c,13:00|call|gap>0.3%,780,-6.400000,0.092251,54.200001,2578.000000
2018-04-03,1.000000,781,955,2584.600000,2606.400000,0.559180,0.003000,23.620000,0.959530,24.800000,c,13:00|call|gap>0.3%,780,-9.400000,0.369403,53.600003,2532.000000
2018-04-05,1.000000,781,955,2664.400000,2661.200000,0.606015,0.003000,20.060000,-0.225191,-6.000000,c,13:00|call|gap>0.3%,780,-19.400000,-0.095588,54.400000,2611.000000
2018-04-09,1.000000,781,955,2643.200000,2615.000000,0.646601,0.003000,21.490000,-1.271186,-33.600000,c,13:00|call|gap>0.3%,780,-36.600000,-0.557196,54.200000,2590.000000
2018-04-10,1.000000,781,955,2642.800000,2653.400000,1.318210,0.003000,21.770000,0.370819,9.800000,c,13:00|call|gap>0.3%,780,-0.400000,0.156934,54.800000,2589.000000
2018-04-12,1.000000,781,955,2667.400000,2662.800000,0.560989,0.003000,20.240000,-0.277424,-7.400000,c,13:00|call|gap>0.3%,780,-15.200000,-0.121324,54.400000,2614.000000
2018-04-13,1.000000,781,955,2657.800000,2652.000000,0.578947,0.003000,18.490000,-0.195651,-5.200000,c,13:00|call|gap>0.3%,780,-16.800000,-0.142336,54.800000,2604.000000
2018-04-16,1.000000,781,955,2681.200000,2677.400000,0.708739,0.003000,17.410000,-0.238699,-6.400000,c,13:00|call|gap>0.3%,780,-8.400000,-0.105072,55.200000,2627.000000
2018-04-17,1.000000,781,955,2700.800000,2704.400000,0.740242,0.003000,16.560000,0.066647,1.800000,c,13:00|call|gap>0.3%,780,-3.000000,0.028674,55.800000,2646.000000
2018-04-24,1.000000,781,955,2638.600000,2628.400000,0.427543,0.003000,16.340000,-0.310771,-8.200000,c,13:00|call|gap>0.3%,780,-25.800000,-0.223443,54.600000,2585.000000
2018-04-26,1.000000,781,955,2658.600000,2663.200000,0.455339,0.003000,17.840000,0.165501,4.400000,c,13:00|call|gap>0.3%,780,-0.200000,0.047619,54.600000,2605.000000
2018-05-07,1.000000,781,955,2673.000000,2666.600000,0.315956,0.003000,14.770000,-0.224467,-6.000000,c,13:00|call|gap>0.3%,780,-13.800000,-0.152727,55.000000,2619.000000
2018-05-21,1.000000,781,955,2732.000000,2731.200000,0.590101,0.003000,13.420000,-0.021962,-0.600000,c,13:00|call|gap>0.3%,780,-5.200000,-0.050000,56.000000,2677.000000
2018-05-30,1.000000,781,955,2721.000000,2723.200000,0.543195,0.003000,17.020000,0.073502,2.000000,c,13:00|call|gap>0.3%,780,-1.600000,0.003571,56.000000,2666.000000
2018-06-01,1.000000,781,955,2733.200000,2731.600000,0.606464,0.003000,15.430000,-0.007317,-0.200000,c,13:00|call|gap>0.3%,780,-5.200000,-0.064057,56.200000,2678.000000
2018-06-04,1.000000,781,955,2745.800000,2745.800000,0.329308,0.003000,13.460000,0.014568,0.400000,c,13:00|call|gap>0.3%,780,-2.800000,-0.035211,56.800000,2690.000000
2018-06-14,1.000000,781,955,2781.000000,2782.800000,0.367409,0.003000,12.940000,0.115067,3.200000,c,13:00|call|gap>0.3%,780,-1.600000,-0.003509,57.000000,2725.000000
2018-06-22,1.000000,781,955,2761.200000,2758.400000,0.545613,0.003000,14.640000,-0.253513,-7.000000,c,13:00|call|gap>0.3%,780,-9.200000,-0.083916,57.200000,2705.000000
2018-06-29,1.000000,781,955,2734.000000,2723.200000,0.412493,0.003000,16.850000,-0.607169,-16.600000,c,13:00|call|gap>0.3%,780,-16.600000,-0.228571,56.000000,2679.000000
2018-07-09,1.000000,781,955,2779.400000,2782.800000,0.442285,0.003000,13.370000,0.151112,4.200000,c,13:00|call|gap>0.3%,780,-3.000000,0.024390,57.400000,2723.000000
2018-07-12,1.000000,781,955,2796.200000,2796.200000,0.490408,0.003000,13.630000,0.035763,1.000000,c,13:00|call|gap>0.3%,780,-5.600000,-0.034965,57.200000,2740.000000
2018-07-24,1.000000,781,955,2819.200000,2818.800000,0.541774,0.003000,12.620000,-0.028377,-0.800000,c,13:00|call|gap>0.3%,780,-9.600000,-0.041237,58.200000,2762.000000
2018-07-31,1.000000,781,955,2820.400000,2814.000000,0.335547,0.003000,14.260000,-0.212736,-6.000000,c,13:00|call|gap>0.3%,780,-9.200000,-0.143836,58.400000,2763.000000
2018-08-14,1.000000,781,955,2838.400000,2838.800000,0.311924,0.003000,14.780000,0.028185,0.800000,c,13:00|call|gap>0.3%,780,-1.400000,-0.027397,58.400000,2781.000000
2018-08-16,1.000000,781,955,2846.200000,2838.200000,0.567859,0.003000,14.640000,-0.175673,-5.000000,c,13:00|call|gap>0.3%,780,-8.800000,-0.171821,58.200000,2789.000000
2018-08-21,1.000000,781,955,2872.800000,2864.200000,0.435027,0.003000,12.490000,-0.355054,-10.200000,c,13:00|call|gap>0.3%,780,-11.600000,-0.180272,58.800000,2815.000000
2018-08-27,1.000000,781,955,2898.000000,2895.000000,0.445248,0.003000,11.990000,-0.034507,-1.000000,c,13:00|call|gap>0.3%,780,-3.400000,-0.084746,59.000000,2840.000000
2018-09-10,1.000000,781,955,2877.400000,2877.800000,0.403647,0.003000,14.880000,0.048655,1.400000,c,13:00|call|gap>0.3%,780,-0.800000,-0.026936,59.400000,2819.000000
2018-09-13,1.000000,782,955,2904.000000,2904.000000,0.394655,0.003000,13.140000,0.041322,1.200000,c,13:00|call|gap>0.3%,780,-3.200000,-0.033333,60.000000,2845.000000
2018-09-20,1.000000,781,955,2932.600000,2932.400000,0.453671,0.003000,11.750000,-0.020460,-0.600000,c,13:00|call|gap>0.3%,780,-2.600000,-0.036304,60.600000,2873.000000
2018-10-01,1.000000,781,955,2927.400000,2924.600000,0.521548,0.003000,12.120000,-0.088816,-2.600000,c,13:00|call|gap>0.3%,780,-9.000000,-0.079470,60.400000,2868.000000
2018-10-03,1.000000,781,955,2936.200000,2926.400000,0.396771,0.003000,12.050000,-0.354199,-10.400000,c,13:00|call|gap>0.3%,780,-15.200000,-0.196013,60.200000,2877.000000
2018-10-12,1.000000,781,955,2737.800000,2773.400000,1.627805,0.003000,24.980000,0.986193,27.000000,c,13:00|call|gap>0.3%,780,-6.800000,0.602150,55.800015,2683.000000
2018-10-16,1.000000,781,955,2794.000000,2810.400000,0.771190,0.003000,21.300000,0.465283,13.000000,c,13:00|call|gap>0.3%,780,-1.800000,0.252632,57.000000,2738.000000
2018-10-25,1.000000,781,955,2698.600000,2700.600000,0.836473,0.003000,25.230000,0.185281,5.000000,c,13:00|call|gap>0.3%,780,-9.200000,-0.000000,55.600015,2644.000000
2018-10-29,1.000000,781,955,2669.800000,2630.000000,1.349212,0.003000,24.160000,-1.146153,-30.600000,c,13:00|call|gap>0.3%,780,-70.000000,-0.762774,54.800006,2616.000000
2018-10-31,1.000000,781,955,2721.400000,2712.800000,1.059781,0.003000,23.350000,-0.470346,-12.800000,c,13:00|call|gap>0.3%,780,-14.800000,-0.187943,56.400002,2666.000000
2018-11-01,1.000000,781,955,2730.600000,2737.400000,0.310123,0.003000,21.230000,0.183110,5.000000,c,13:00|call|gap>0.3%,780,-5.600000,0.084806,56.600000,2675.000000
2018-11-02,1.000000,781,955,2700.200000,2719.400000,0.460594,0.003000,19.340000,0.674024,18.200000,c,13:00|call|gap>0.3%,780,-3.800000,0.311594,55.200000,2646.000000
2018-11-07,1.000000,781,955,2796.600000,2809.400000,0.894025,0.003000,19.910000,0.486305,13.600000,c,13:00|call|gap>0.3%,780,-5.800000,0.187500,57.600000,2740.000000
2018-11-14,1.000000,781,955,2704.800000,2701.200000,0.764593,0.003000,20.020000,-0.125702,-3.400000,c,13:00|call|gap>0.3%,780,-20.600000,-0.100358,55.800000,2650.000000
2018-11-21,1.000000,781,955,2666.000000,2650.200000,0.605969,0.003000,22.480000,-0.637659,-17.000000,c,13:00|call|gap>0.3%,780,-17.800000,-0.323636,55.000001,2612.000000
2018-11-28,1.000000,781,955,2720.200000,2742.200000,0.477398,0.003000,19.020000,0.838174,22.800000,c,13:00|call|gap>0.3%,780,-3.800000,0.355872,56.200000,2665.000000
2018-12-03,1.000000,781,955,2784.400000,2787.200000,1.640534,0.003000,18.070000,0.193938,5.400000,c,13:00|call|gap>0.3%,780,-10.000000,0.013937,57.400000,2728.000000
2018-12-11,1.000000,781,955,2637.800000,2638.000000,1.342333,0.003000,22.640000,-0.015164,-0.400000,c,13:00|call|gap>0.3%,780,-17.000000,-0.033457,53.800001,2585.000000
2018-12-12,1.000000,781,955,2683.000000,2654.200000,1.289148,0.003000,21.760000,-1.177786,-31.600000,c,13:00|call|gap>0.3%,780,-33.200000,-0.560000,55.000000,2629.000000
2018-12-13,1.000000,781,955,2645.600000,2652.000000,0.362073,0.003000,21.460000,0.151194,4.000000,c,13:00|call|gap>0.3%,780,-8.800000,0.080586,54.600000,2592.000000
2018-12-18,1.000000,781,955,2566.600000,2554.800000,0.785114,0.003000,24.520000,-0.779241,-20.000000,c,13:00|call|gap>0.3%,780,-37.800000,-0.262358,52.600008,2515.000000
2018-12-21,1.000000,781,955,2445.000000,2415.800000,0.373013,0.003000,28.380000,-1.267894,-31.000000,c,13:00|call|gap>0.3%,780,-36.800000,-0.624001,50.000163,2396.000000
2018-12-28,1.000000,781,955,2490.400000,2483.000000,0.538282,0.003000,29.960000,-0.224863,-5.600000,c,13:00|call|gap>0.3%,780,-14.800000,-0.182885,51.400356,2440.000000
2018-12-31,1.000000,781,955,2501.600000,2496.800000,0.700258,0.003000,28.340000,0.263831,6.600000,c,13:00|call|gap>0.3%,780,-16.200000,-0.131785,51.600139,2451.000000
2019-01-04,1.000000,781,955,2532.800000,2530.600000,1.430323,0.003000,25.450000,-0.047378,-1.200000,c,13:00|call|gap>0.3%,780,-11.200000,-0.081081,51.800020,2482.000000
2019-01-08,1.000000,781,955,2558.000000,2573.800000,1.004079,0.003000,21.400000,0.617670,15.800000,c,13:00|call|gap>0.3%,780,-2.400000,0.260377,53.000000,2506.000000
2019-01-09,1.000000,781,955,2593.400000,2581.600000,0.318595,0.003000,20.470000,-0.331611,-8.600000,c,13:00|call|gap>0.3%,780,-14.200000,-0.258427,53.400000,2541.000000
2019-01-18,1.000000,781,955,2672.400000,2664.600000,0.766662,0.003000,18.060000,-0.112259,-3.000000,c,13:00|call|gap>0.3%,780,-11.200000,-0.176895,55.400000,2618.000000
2019-01-23,1.000000,781,955,2625.200000,2636.000000,0.402338,0.003000,20.800000,0.495200,13.000000,c,13:00|call|gap>0.3%,780,-4.800000,0.162362,54.200000,2572.000000
2019-01-25,1.000000,781,955,2664.800000,2661.400000,0.749886,0.003000,18.890000,-0.097568,-2.600000,c,13:00|call|gap>0.3%,780,-8.000000,-0.098540,54.800000,2611.000000
2019-01-30,1.000000,781,955,2661.000000,2679.000000,0.614102,0.003000,19.130000,0.691469,18.400000,c,13:00|call|gap>0.3%,780,-5.400000,0.290909,55.000000,2607.000000
2019-02-12,1.000000,781,955,2740.800000,2744.200000,0.672033,0.003000,15.970000,0.094863,2.600000,c,13:00|call|gap>0.3%,780,-0.600000,0.024648,56.800000,2685.000000
2019-02-13,1.000000,781,955,2750.200000,2752.800000,0.328060,0.003000,15.430000,0.050905,1.400000,c,13:00|call|gap>0.3%,780,-0.400000,0.010676,56.200000,2695.000000
2019-02-15,1.000000,781,955,2768.200000,2772.600000,0.714130,0.003000,16.220000,0.252872,7.000000,c,13:00|call|gap>0.3%,780,-4.400000,0.041958,57.200000,2712.000000
2019-02-25,1.000000,781,955,2803.000000,2794.800000,0.565943,0.003000,13.510000,-0.249732,-7.000000,c,13:00|call|gap>0.3%,780,-8.200000,-0.175862,58.000000,2746.000000
2019-03-01,1.000000,781,955,2795.800000,2803.200000,0.675093,0.003000,14.780000,0.300451,8.400000,c,13:00|call|gap>0.3%,780,-0.400000,0.093426,57.800000,2739.000000
2019-03-04,1.000000,781,955,2770.400000,2789.000000,0.399401,0.003000,13.570000,0.822986,22.800000,c,13:00|call|gap>0.3%,780,-3.400000,0.289199,57.400000,2714.000000
2019-03-13,1.000000,781,955,2816.600000,2811.400000,0.379629,0.003000,13.770000,-0.191721,-5.400000,c,13:00|call|gap>0.3%,780,-7.600000,-0.125000,57.600000,2760.000000
2019-03-19,1.000000,781,955,2845.200000,2830.600000,0.395145,0.003000,13.100000,-0.344440,-9.800000,c,13:00|call|gap>0.3%,780,-20.800000,-0.285223,58.200000,2788.000000
2019-03-26,1.000000,781,955,2814.800000,2815.600000,0.707395,0.003000,16.330000,0.156317,4.400000,c,13:00|call|gap>0.3%,780,-10.400000,-0.020761,57.800000,2758.000000
2019-03-29,1.000000,781,955,2827.800000,2833.000000,0.575407,0.003000,14.430000,0.219252,6.200000,c,13:00|call|gap>0.3%,780,-3.400000,0.055363,57.800000,2771.000000
2019-04-01,1.000000,781,955,2861.400000,2868.600000,0.741002,0.003000,13.710000,0.181729,5.200000,c,13:00|call|gap>0.3%,780,-2.000000,0.089041,58.400000,2804.000000
2019-04-03,1.000000,781,955,2882.200000,2873.800000,0.474330,0.003000,13.360000,-0.326140,-9.400000,c,13:00|call|gap>0.3%,780,-17.000000,-0.175676,59.200000,2824.000000
2019-04-12,1.000000,781,955,2906.800000,2906.800000,0.616173,0.003000,13.020000,0.061924,1.800000,c,13:00|call|gap>0.3%,780,-2.800000,-0.033445,59.800000,2848.000000
2019-04-16,1.000000,782,955,2910.600000,2906.600000,0.344068,0.003000,12.320000,-0.075586,-2.200000,c,13:00|call|gap>0.3%,780,-9.000000,-0.100671,59.600000,2852.000000
2019-04-17,1.000000,781,955,2902.600000,2901.600000,0.385091,0.003000,12.180000,-0.075794,-2.200000,c,13:00|call|gap>0.3%,780,-7.200000,-0.050336,59.600000,2844.000000
2019-05-03,1.000000,781,955,2942.000000,2943.400000,0.528193,0.003000,14.420000,0.040789,1.200000,c,13:00|call|gap>0.3%,780,-1.400000,-0.010000,60.000000,2883.000000
2019-05-14,1.000000,781,955,2844.600000,2837.800000,0.362912,0.003000,20.550000,-0.386698,-11.000000,c,13:00|call|gap>0.3%,780,-12.400000,-0.150171,58.600000,2787.000000
2019-05-21,1.000000,781,955,2865.000000,2863.800000,0.648024,0.003000,16.310000,0.000000,0.000000,c,13:00|call|gap>0.3%,780,-2.000000,-0.054237,59.000000,2807.000000
2019-05-24,1.000000,781,955,2833.200000,2828.200000,0.531613,0.003000,16.920000,-0.225893,-6.400000,c,13:00|call|gap>0.3%,780,-9.000000,-0.120275,58.200000,2776.000000
2019-06-04,1.000000,781,955,2792.200000,2800.200000,0.918635,0.003000,18.860000,0.386792,10.800000,c,13:00|call|gap>0.3%,780,-3.400000,0.104895,57.200000,2736.000000
2019-06-05,1.000000,781,955,2819.800000,2826.000000,0.642169,0.003000,16.970000,0.248245,7.000000,c,13:00|call|gap>0.3%,780,-4.400000,0.072664,57.800000,2763.000000
2019-06-07,1.000000,781,955,2882.200000,2874.000000,0.407762,0.003000,15.930000,-0.305322,-8.800000,c,13:00|call|gap>0.3%,780,-9.800000,-0.172297,59.200000,2824.000000
2019-06-10,1.000000,781,955,2896.200000,2887.400000,0.605554,0.003000,16.300000,-0.324563,-9.400000,c,13:00|call|gap>0.3%,780,-9.800000,-0.182432,59.200000,2838.000000
2019-06-11,1.000000,781,955,2879.800000,2887.400000,0.713593,0.003000,15.940000,0.222238,6.400000,c,13:00|call|gap>0.3%,780,0.000000,0.095238,58.800000,2822.000000
2019-06-13,1.000000,781,955,2894.200000,2887.800000,0.347150,0.003000,15.910000,-0.027641,-0.800000,c,13:00|call|gap>0.3%,780,-11.400000,-0.141892,59.200000,2836.000000
2019-06-18,1.000000,781,955,2919.600000,2916.800000,0.657303,0.003000,15.350000,-0.034251,-1.000000,c,13:00|call|gap>0.3%,780,-5.000000,-0.080537,59.600000,2861.000000
2019-06-20,1.000000,781,955,2941.800000,2957.400000,1.018455,0.003000,14.330000,0.387518,11.400000,c,13:00|call|gap>0.3%,780,-1.400000,0.223684,60.800000,2882.000000
2019-06-26,1.000000,781,955,2923.200000,2915.600000,0.322205,0.003000,16.280000,-0.321565,-9.400000,c,13:00|call|gap>0.3%,780,-10.600000,-0.159468,60.200000,2864.000000
2019-06-28,1.000000,781,955,2937.600000,2938.600000,0.362592,0.003000,15.820000,0.034041,1.000000,c,13:00|call|gap>0.3%,780,-7.400000,-0.016502,60.600000,2878.000000
2019-07-01,1.000000,781,955,2955.400000,2964.200000,1.238685,0.003000,15.080000,0.277458,8.200000,c,13:00|call|gap>0.3%,780,-4.000000,0.112583,60.400000,2896.000000
2019-07-05,1.000000,781,955,2984.400000,2985.000000,0.316264,0.003000,12.570000,0.221150,6.600000,c,13:00|call|gap>0.3%,780,-2.200000,-0.022801,61.400000,2924.000000
2019-07-10,1.000000,781,955,2995.200000,2993.000000,0.389314,0.003000,14.090000,-0.073451,-2.200000,c,13:00|call|gap>0.3%,780,-5.200000,-0.068627,61.200000,2935.000000
2019-07-19,1.000000,781,955,2997.400000,2978.600000,0.400855,0.003000,13.530000,-0.713952,-21.400000,c,13:00|call|gap>0.3%,780,-23.000000,-0.338762,61.400000,2937.000000
2019-07-23,1.000000,781,955,2992.600000,3003.600000,0.428983,0.003000,13.530000,0.380940,11.400000,c,13:00|call|gap>0.3%,780,-0.600000,0.146104,61.600000,2932.000000
2019-08-06,1.000000,781,955,2853.000000,2875.400000,0.640620,0.003000,24.590000,0.876271,25.000000,c,13:00|call|gap>0.3%,780,-0.400000,0.345763,59.000008,2795.000000
2019-08-08,1.000000,781,955,2928.400000,2931.400000,0.513818,0.003000,19.490000,0.239038,7.000000,c,13:00|call|gap>0.3%,780,-7.200000,0.016556,60.400000,2869.000000
2019-08-15,1.000000,781,955,2845.600000,2850.800000,0.324103,0.003000,22.100000,0.007028,0.200000,c,13:00|call|gap>0.3%,780,-22.600000,0.054607,58.600001,2788.000000
2019-08-16,1.000000,781,955,2886.800000,2892.800000,0.646567,0.003000,21.180000,0.041569,1.200000,c,13:00|call|gap>0.3%,780,-3.800000,0.068027,58.800000,2829.000000
2019-08-19,1.000000,781,955,2926.800000,2925.800000,1.163435,0.003000,18.470000,-0.143501,-4.200000,c,13:00|call|gap>0.3%,780,-5.200000,-0.050167,59.800000,2868.000000
2019-08-21,1.000000,781,955,2925.000000,2923.800000,0.841495,0.003000,17.500000,-0.061538,-1.800000,c,13:00|call|gap>0.3%,780,-8.600000,-0.053333,60.000000,2866.000000
2019-08-26,1.000000,781,955,2874.400000,2872.400000,0.878426,0.003000,19.870000,0.132202,3.800000,c,13:00|call|gap>0.3%,780,-11.400000,-0.067340,59.400000,2816.000000
2019-08-27,1.000000,781,955,2861.200000,2869.800000,0.542005,0.003000,19.320000,0.195722,5.600000,c,13:00|call|gap>0.3%,780,-1.800000,0.111486,59.200000,2803.000000
2019-08-29,1.000000,781,955,2925.200000,2922.200000,0.976860,0.003000,19.350000,-0.068371,-2.000000,c,13:00|call|gap>0.3%,780,-5.200000,-0.083056,60.200000,2866.000000
2019-08-30,1.000000,781,955,2926.800000,2928.000000,0.581554,0.003000,17.880000,-0.170835,-5.000000,c,13:00|call|gap>0.3%,780,-12.200000,-0.013378,59.800000,2868.000000
2019-09-04,1.000000,781,955,2932.400000,2937.400000,0.826162,0.003000,19.660000,0.163688,4.800000,c,13:00|call|gap>0.3%,780,-4.600000,0.049669,60.400000,2873.000000
2019-09-05,1.000000,781,955,2976.200000,2977.200000,0.953289,0.003000,17.330000,-0.026880,-0.800000,c,13:00|call|gap>0.3%,780,-4.800000,-0.016340,61.200000,2916.000000
2019-09-09,1.000000,781,955,2976.600000,2978.600000,0.355920,0.003000,15.000000,0.073910,2.200000,c,13:00|call|gap>0.3%,780,-5.200000,0.000000,60.600000,2917.000000
2019-09-24,1.000000,781,955,2962.200000,2965.000000,0.381118,0.003000,14.910000,0.135035,4.000000,c,13:00|call|gap>0.3%,780,-6.000000,0.013072,61.200000,2902.000000
2019-09-27,1.000000,781,955,2954.800000,2955.800000,0.302277,0.003000,16.070000,0.196291,5.800000,c,13:00|call|gap>0.3%,780,-10.800000,-0.016447,60.800000,2895.000000
2019-10-01,1.000000,781,955,2946.600000,2940.000000,0.309202,0.003000,16.240000,-0.271499,-8.000000,c,13:00|call|gap>0.3%,780,-10.000000,-0.141914,60.600000,2887.000000
2019-10-09,1.000000,781,955,2921.400000,2919.800000,0.775194,0.003000,20.280000,-0.171151,-5.000000,c,13:00|call|gap>0.3%,780,-7.600000,-0.059603,60.400000,2862.000000
2019-10-11,1.000000,781,955,2980.400000,2970.000000,1.021520,0.003000,17.570000,-0.449604,-13.400000,c,13:00|call|gap>0.3%,780,-14.400000,-0.201954,61.400000,2920.000000
2019-10-15,1.000000,781,955,2998.800000,2994.400000,0.364348,0.003000,14.570000,-0.180072,-5.400000,c,13:00|call|gap>0.3%,780,-5.800000,-0.103560,61.800000,2938.000000
2019-10-17,1.000000,781,955,2996.600000,2995.400000,0.414938,0.003000,13.680000,-0.020023,-0.600000,c,13:00|call|gap>0.3%,780,-3.200000,-0.051948,61.600000,2936.000000
2019-10-21,1.000000,783,955,3002.200000,3004.400000,0.475935,0.003000,14.250000,0.059956,1.800000,c,13:00|call|gap>0.3%,780,-2.800000,0.003268,61.200000,2942.000000
2019-10-24,1.000000,781,955,3003.600000,3008.400000,0.319787,0.003000,14.010000,0.113197,3.400000,c,13:00|call|gap>0.3%,780,-5.000000,0.045455,61.600000,2943.000000
2019-10-28,1.000000,781,955,3034.400000,3036.200000,0.430606,0.003000,12.650000,0.052729,1.600000,c,13:00|call|gap>0.3%,780,0.000000,-0.003205,62.400000,2973.000000
2019-11-01,1.000000,781,955,3055.600000,3061.000000,0.527322,0.003000,13.220000,0.242178,7.400000,c,13:00|call|gap>0.3%,780,-0.400000,0.054313,62.600000,2994.000000
2019-11-04,1.000000,781,955,3075.800000,3075.000000,0.541952,0.003000,12.300000,-0.032512,-1.000000,c,13:00|call|gap>0.3%,780,-4.600000,-0.044586,62.800000,3014.000000
2019-11-07,1.000000,782,955,3091.600000,3079.200000,0.455670,0.003000,12.620000,-0.271704,-8.400000,c,13:00|call|gap>0.3%,780,-14.200000,-0.226415,63.600000,3029.000000
2019-11-15,1.000000,781,955,3112.400000,3115.200000,0.491115,0.003000,13.050000,0.192777,6.000000,c,13:00|call|gap>0.3%,780,-1.600000,0.012618,63.400000,3050.000000
2019-11-26,1.000000,781,955,3139.200000,3140.200000,0.772002,0.003000,11.870000,-0.031855,-1.000000,c,13:00|call|gap>0.3%,780,-5.800000,-0.015576,64.200000,3076.000000
2019-12-04,1.000000,781,955,3114.600000,3114.200000,0.381482,0.003000,15.960000,-0.044950,-1.400000,c,13:00|call|gap>0.3%,780,-2.400000,-0.037736,63.600000,3052.000000
2019-12-06,1.000000,781,955,3149.400000,3145.200000,0.673638,0.003000,14.520000,-0.127008,-4.000000,c,13:00|call|gap>0.3%,780,-5.400000,-0.096273,64.400000,3086.000000
2019-12-16,1.000000,781,955,3197.000000,3191.800000,0.637385,0.003000,12.630000,-0.162652,-5.200000,c,13:00|call|gap>0.3%,780,-5.200000,-0.110769,65.000000,3133.000000
2019-12-20,1.000000,781,955,3226.500000,3226.000000,0.330177,0.003000,12.500000,-0.083682,-2.700000,c,13:00|call|gap>0.3%,780,-3.900000,-0.037594,66.500000,3161.000000
2019-12-27,1.000000,781,955,3244.800000,3241.200000,0.831317,0.003000,12.650000,-0.110947,-3.600000,c,13:00|call|gap>0.3%,780,-9.200000,-0.083832,66.800000,3179.000000
2020-01-02,1.000000,781,955,3243.400000,3256.400000,0.513868,0.003000,13.780000,0.480977,15.600000,c,13:00|call|gap>0.3%,780,-3.000000,0.165663,66.400000,3178.000000
2020-01-09,1.000000,781,955,3269.200000,3275.200000,0.516224,0.003000,13.450000,0.208002,6.800000,c,13:00|call|gap>0.3%,780,-2.000000,0.059524,67.200000,3203.000000
2020-01-16,1.000000,781,955,3309.600000,3316.400000,0.449547,0.003000,12.420000,0.284022,9.400000,c,13:00|call|gap>0.3%,780,-1.400000,0.071006,67.600000,3243.000000
2020-01-28,1.000000,781,955,3279.900000,3283.000000,0.505424,0.003000,18.230000,-0.027440,-0.900000,c,13:00|call|gap>0.3%,780,-3.500000,0.016442,66.900000,3214.000000
2020-01-29,1.000000,781,955,3287.900000,3279.400000,0.457457,0.003000,16.280000,-0.371058,-12.200000,c,13:00|call|gap>0.3%,780,-12.500000,-0.156951,66.900000,3222.000000
2020-02-03,1.000000,781,955,3257.400000,3250.400000,0.492916,0.003000,18.840000,-0.239455,-7.800000,c,13:00|call|gap>0.3%,780,-10.000000,-0.135542,66.400000,3192.000000
2020-02-04,1.000000,781,955,3305.600000,3299.000000,1.243230,0.003000,17.970000,-0.187561,-6.200000,c,13:00|call|gap>0.3%,780,-8.400000,-0.127219,67.600000,3239.000000
2020-02-05,1.000000,781,955,3327.000000,3331.600000,0.945626,0.003000,16.050000,0.282537,9.400000,c,13:00|call|gap>0.3%,780,-2.400000,0.038235,68.000000,3260.000000
2020-02-06,1.000000,781,955,3348.000000,3347.200000,0.311713,0.003000,15.150000,-0.035842,-1.200000,c,13:00|call|gap>0.3%,780,-5.600000,-0.041176,68.000000,3281.000000
2020-02-11,1.000000,781,955,3369.200000,3360.400000,0.453244,0.003000,15.040000,-0.296806,-10.000000,c,13:00|call|gap>0.3%,780,-15.200000,-0.156069,69.200000,3301.000000
2020-02-12,1.000000,781,955,3376.800000,3381.600000,0.464396,0.003000,15.180000,0.112533,3.800000,c,13:00|call|gap>0.3%,780,-4.800000,0.040698,68.800000,3309.000000
2020-02-19,1.000000,781,955,3392.000000,3387.800000,0.314409,0.003000,14.830000,-0.141509,-4.800000,c,13:00|call|gap>0.3%,780,-5.800000,-0.089855,69.000000,3324.000000
2020-02-25,1.000000,781,955,3170.400000,3129.600000,0.471055,0.003000,25.030000,-1.293212,-41.000000,c,13:00|call|gap>0.3%,780,-51.400000,-0.654434,65.400013,3106.000000
2020-02-26,1.000000,781,955,3145.400000,3120.800000,0.456957,0.003000,27.850000,-0.921981,-29.000000,c,13:00|call|gap>0.3%,780,-36.000000,-0.413045,64.400135,3082.000000
2020-03-02,1.000000,781,955,3039.600000,3079.600000,0.695570,0.003000,40.110000,1.717331,52.200000,c,13:00|call|gap>0.3%,780,-50.000000,0.606541,62.618990,2978.000000
2020-03-04,1.000000,781,955,3080.400000,3127.400000,1.942168,0.003000,36.820000,1.577717,48.600000,c,13:00|call|gap>0.3%,780,-3.000000,0.709574,63.407593,3018.000000
2020-03-10,1.000000,781,955,2775.200000,2875.800000,3.677490,0.003000,54.460000,3.862785,107.200000,c,13:00|call|gap>0.3%,780,-18.400000,1.713674,57.412947,2719.000000
2020-03-13,1.000000,781,955,2551.000000,2658.600000,5.996437,0.003000,75.470000,6.021168,153.600000,c,13:00|call|gap>0.3%,780,-25.400000,1.932605,54.081607,2499.000000
2020-03-17,1.000000,781,955,2484.100000,2512.100000,2.328113,0.003000,82.690000,2.065134,51.300000,c,13:00|call|gap>0.3%,780,-40.200000,0.463428,52.684512,2434.000000
2020-03-20,1.000000,781,955,2382.800000,2292.600000,0.730169,0.003000,72.000000,-3.735102,-89.000000,c,13:00|call|gap>0.3%,780,-94.400000,-1.000000,49.667185,2335.000000
2020-03-24,1.000000,781,955,2402.400000,2435.400000,6.227637,0.003000,61.590000,1.565102,37.600000,c,13:00|call|gap>0.3%,780,-48.800000,0.614618,49.795060,2354.000000
2020-03-25,1.000000,781,955,2511.800000,2492.800000,0.442623,0.003000,61.670000,-1.520822,-38.200000,c,13:00|call|gap>0.3%,780,-50.600000,-0.410061,52.208745,2461.000000
2020-03-26,1.000000,781,955,2593.800000,2627.400000,1.079398,0.003000,63.950000,1.064076,27.600000,c,13:00|call|gap>0.3%,780,-41.800000,0.572773,54.298984,2541.000000
2020-03-30,1.000000,781,955,2603.800000,2625.200000,0.831298,0.003000,65.540000,0.645211,16.800000,c,13:00|call|gap>0.3%,780,-21.000000,0.346115,54.378729,2551.000000
2020-04-06,1.000000,781,955,2629.000000,2672.200000,3.912099,0.003000,46.800000,0.920502,24.200000,c,13:00|call|gap>0.3%,780,-11.000000,0.760702,54.069328,2576.000000
2020-04-07,1.000000,781,955,2733.400000,2668.000000,3.478818,0.003000,45.240000,-2.882857,-78.800000,c,13:00|call|gap>0.3%,780,-80.200000,-1.000000,56.452383,2678.000000
2020-04-08,1.000000,781,955,2716.000000,2745.500000,1.066074,0.003000,46.700000,1.038292,28.200000,c,13:00|call|gap>0.3%,780,-11.800000,0.489258,56.068178,2661.000000
2020-04-09,1.000000,781,955,2807.000000,2788.000000,1.253553,0.003000,43.350000,-0.798005,-22.400000,c,13:00|call|gap>0.3%,780,-49.600000,-0.362469,58.036419,2750.000000
2020-04-14,1.000000,781,955,2831.200000,2842.000000,1.986947,0.003000,41.170000,0.402656,11.400000,c,13:00|call|gap>0.3%,780,-4.400000,0.150736,58.223597,2774.000000
2020-04-16,1.000000,781,955,2776.400000,2797.600000,0.532374,0.003000,40.840000,0.633914,17.600000,c,13:00|call|gap>0.3%,780,-5.800000,0.334022,57.420355,2720.000000
2020-04-17,1.000000,781,955,2845.200000,2870.000000,2.247674,0.003000,40.110000,0.899761,25.600000,c,13:00|call|gap>0.3%,780,-15.600000,0.391295,58.219142,2788.000000
2020-04-22,1.000000,781,955,2790.400000,2802.800000,1.975851,0.003000,45.410000,0.186353,5.200000,c,13:00|call|gap>0.3%,780,-4.200000,0.180026,57.456356,2734.000000
2020-04-23,1.000000,781,955,2815.200000,2795.400000,0.447131,0.003000,41.980000,-0.760159,-21.400000,c,13:00|call|gap>0.3%,780,-23.800000,-0.374860,58.226947,2758.000000
2020-04-24,1.000000,781,955,2805.000000,2832.800000,0.608490,0.003000,41.380000,1.048128,29.400000,c,13:00|call|gap>0.3%,780,-3.300000,0.444246,58.023339,2748.000000
2020-04-27,1.000000,781,955,2874.600000,2879.600000,0.747954,0.003000,35.930000,0.041745,1.200000,c,13:00|call|gap>0.3%,780,-8.200000,0.051087,58.605980,2817.000000
2020-04-28,1.000000,781,955,2878.000000,2864.000000,1.387440,0.003000,33.290000,-0.514246,-14.800000,c,13:00|call|gap>0.3%,780,-18.800000,-0.271213,59.002113,2820.000000
2020-04-29,1.000000,781,955,2946.600000,2939.800000,2.015228,0.003000,33.570000,-0.312224,-9.200000,c,13:00|call|gap>0.3%,780,-15.800000,-0.145247,60.602314,2887.000000
2020-05-05,1.000000,781,955,2890.200000,2871.400000,1.034701,0.003000,35.970000,-0.823472,-23.800000,c,13:00|call|gap>0.3%,780,-27.600000,-0.351415,59.205767,2832.000000
2020-05-06,1.000000,781,955,2870.800000,2851.400000,0.687273,0.003000,33.610000,-0.822071,-23.600000,c,13:00|call|gap>0.3%,780,-24.600000,-0.363972,58.802427,2813.000000
2020-05-07,1.000000,781,955,2896.600000,2877.800000,1.218741,0.003000,34.120000,-0.552372,-16.000000,c,13:00|call|gap>0.3%,780,-21.000000,-0.349024,59.602818,2838.000000
2020-05-08,1.000000,781,955,2923.500000,2929.600000,1.197667,0.003000,31.440000,0.160766,4.700000,c,13:00|call|gap>0.3%,780,-11.900000,0.068889,59.501047,2865.000000
2020-05-12,1.000000,781,955,2927.800000,2879.000000,0.426796,0.003000,27.570000,-2.021996,-59.200000,c,13:00|call|gap>0.3%,780,-59.200000,-0.849498,59.800111,2869.000000
