S,vix,k,mins_to_close,kind,K,price,intrinsic,time_value
4000.000000,15,1.000000,60,c,3920.000000,80.000000,80.000000,0.000000
4000.000000,15,1.000000,60,p,4080.000000,80.000000,80.000000,0.000000
4000.000000,15,1.000000,30,c,3920.000000,80.000000,80.000000,0.000000
4000.000000,15,1.000000,30,p,4080.000000,80.000000,80.000000,0.000000
4000.000000,15,1.000000,180,c,3920.000000,80.000000,80.000000,0.000000
4000.000000,15,1.000000,180,p,4080.000000,80.000000,80.000000,0.000000
4000.000000,15,1.300000,60,c,3920.000000,80.000000,80.000000,0.000000
4000.000000,15,1.300000,60,p,4080.000000,80.000000,80.000000,0.000000
4000.000000,15,1.300000,30,c,3920.000000,80.000000,80.000000,0.000000
4000.000000,15,1.300000,30,p,4080.000000,80.000000,80.000000,0.000000
4000.000000,15,1.300000,180,c,3920.000000,80.000000,80.000000,0.000000
4000.000000,15,1.300000,180,p,4080.000000,80.000000,80.000000,0.000000
4000.000000,15,1.600000,60,c,3920.000000,80.000000,80.000000,-0.000000
4000.000000,15,1.600000,60,p,4080.000000,80.000000,80.000000,0.000000
4000.000000,15,1.600000,30,c,3920.000000,80.000000,80.000000,0.000000
4000.000000,15,1.600000,30,p,4080.000000,80.000000,80.000000,0.000000
4000.000000,15,1.600000,180,c,3920.000000,80.000010,80.000000,0.000010
4000.000000,15,1.600000,180,p,4080.000000,80.000015,80.000000,0.000015
4000.000000,20,1.000000,60,c,3920.000000,80.000000,80.000000,0.000000
4000.000000,20,1.000000,60,p,4080.000000,80.000000,80.000000,0.000000
4000.000000,20,1.000000,30,c,3920.000000,80.000000,80.000000,0.000000
4000.000000,20,1.000000,30,p,4080.000000,80.000000,80.000000,0.000000
4000.000000,20,1.000000,180,c,3920.000000,80.000000,80.000000,0.000000
4000.000000,20,1.000000,180,p,4080.000000,80.000000,80.000000,0.000000
4000.000000,20,1.300000,60,c,3920.000000,80.000000,80.000000,0.000000
4000.000000,20,1.300000,60,p,4080.000000,80.000000,80.000000,0.000000
4000.000000,20,1.300000,30,c,3920.000000,80.000000,80.000000,0.000000
4000.000000,20,1.300000,30,p,4080.000000,80.000000,80.000000,0.000000
4000.000000,20,1.300000,180,c,3920.000000,80.000055,80.000000,0.000055
4000.000000,20,1.300000,180,p,4080.000000,80.000083,80.000000,0.000083
4000.000000,20,1.600000,60,c,3920.000000,80.000000,80.000000,0.000000
4000.000000,20,1.600000,60,p,4080.000000,80.000000,80.000000,0.000000
4000.000000,20,1.600000,30,c,3920.000000,80.000000,80.000000,0.000000
4000.000000,20,1.600000,30,p,4080.000000,80.000000,80.000000,0.000000
4000.000000,20,1.600000,180,c,3920.000000,80.001943,80.000000,0.001943
4000.000000,20,1.600000,180,p,4080.000000,80.002574,80.000000,0.002574
4000.000000,30,1.000000,60,c,3920.000000,80.000000,80.000000,0.000000
4000.000000,30,1.000000,60,p,4080.000000,80.000000,80.000000,0.000000
4000.000000,30,1.000000,30,c,3920.000000,80.000000,80.000000,0.000000
4000.000000,30,1.000000,30,p,4080.000000,80.000000,80.000000,0.000000
4000.000000,30,1.000000,180,c,3920.000000,80.000733,80.000000,0.000733
4000.000000,30,1.000000,180,p,4080.000000,80.001003,80.000000,0.001003
4000.000000,30,1.300000,60,c,3920.000000,80.000002,80.000000,0.000002
4000.000000,30,1.300000,60,p,4080.000000,80.000003,80.000000,0.000003
4000.000000,30,1.300000,30,c,3920.000000,80.000000,80.000000,0.000000
4000.000000,30,1.300000,30,p,4080.000000,80.000000,80.000000,0.000000
4000.000000,30,1.300000,180,c,3920.000000,80.021808,80.000000,0.021808
4000.000000,30,1.300000,180,p,4080.000000,80.026763,80.000000,0.026763
4000.000000,30,1.600000,60,c,3920.000000,80.000190,80.000000,0.000190
4000.000000,30,1.600000,60,p,4080.000000,80.000271,80.000000,0.000271
4000.000000,30,1.600000,30,c,3920.000000,80.000000,80.000000,0.000000
4000.000000,30,1.600000,30,p,4080.000000,80.000000,80.000000,0.000000
4000.000000,30,1.600000,180,c,3920.000000,80.138796,80.000000,0.138796
4000.000000,30,1.600000,180,p,4080.000000,80.161274,80.000000,0.161274
4000.000000,40,1.000000,60,c,3920.000000,80.000004,80.000000,0.000004
4000.000000,40,1.000000,60,p,4080.000000,80.000006,80.000000,0.000006
4000.000000,40,1.000000,30,c,3920.000000,80.000000,80.000000,0.000000
4000.000000,40,1.000000,30,p,4080.000000,80.000000,80.000000,0.000000
4000.000000,40,1.000000,180,c,3920.000000,80.028230,80.000000,0.028230
4000.000000,40,1.000000,180,p,4080.000000,80.034372,80.000000,0.034372
4000.000000,40,1.300000,60,c,3920.000000,80.000742,80.000000,0.000742
4000.000000,40,1.300000,60,p,4080.000000,80.001015,80.000000,0.001015
4000.000000,40,1.300000,30,c,3920.000000,80.000000,80.000000,0.000000
4000.000000,40,1.300000,30,p,4080.000000,80.000001,80.000000,0.000001
4000.000000,40,1.300000,180,c,3920.000000,80.246875,80.000000,0.246875
4000.000000,40,1.300000,180,p,4080.000000,80.282301,80.000000,0.282301
4000.000000,40,1.600000,60,c,3920.000000,80.012141,80.000000,0.012141
4000.000000,40,1.600000,60,p,4080.000000,80.015172,80.000000,0.015172
4000.000000,40,1.600000,30,c,3920.000000,80.000061,80.000000,0.000061
4000.000000,40,1.600000,30,p,4080.000000,80.000091,80.000000,0.000091
4000.000000,40,1.600000,180,c,3920.000000,80.845673,80.000000,0.845673
4000.000000,40,1.600000,180,p,4080.000000,80.936505,80.000000,0.936505
4000.000000,60,1.000000,60,c,3920.000000,80.005624,80.000000,0.005624
4000.000000,60,1.000000,60,p,4080.000000,80.007201,80.000000,0.007201
4000.000000,60,1.000000,30,c,3920.000000,80.000015,80.000000,0.000015
4000.000000,60,1.000000,30,p,4080.000000,80.000024,80.000000,0.000024
4000.000000,60,1.000000,180,c,3920.000000,80.597518,80.000000,0.597518
4000.000000,60,1.000000,180,p,4080.000000,80.667486,80.000000,0.667486
4000.000000,60,1.300000,60,c,3920.000000,80.083442,80.000000,0.083442
4000.000000,60,1.300000,60,p,4080.000000,80.098379,80.000000,0.098379
4000.000000,60,1.300000,30,c,3920.000000,80.001811,80.000000,0.001811
4000.000000,60,1.300000,30,p,4080.000000,80.002404,80.000000,0.002404
4000.000000,60,1.300000,180,c,3920.000000,82.097645,80.000000,2.097645
4000.000000,60,1.300000,180,p,4080.000000,82.274041,80.000000,2.274041
4000.000000,60,1.600000,60,c,3920.000000,80.373919,80.000000,0.373919
4000.000000,60,1.600000,60,p,4080.000000,80.422827,80.000000,0.422827
4000.000000,60,1.600000,30,c,3920.000000,80.022945,80.000000,0.022945
4000.000000,60,1.600000,30,p,4080.000000,80.028114,80.000000,0.028114
4000.000000,60,1.600000,180,c,3920.000000,84.482735,80.000000,4.482735
4000.000000,60,1.600000,180,p,4080.000000,84.783580,80.000000,4.783580
4000.000000,83,1.000000,60,c,3920.000000,80.137045,80.000000,0.137045
4000.000000,83,1.000000,60,p,4080.000000,80.159295,80.000000,0.159295
4000.000000,83,1.000000,30,c,3920.000000,80.004242,80.000000,0.004242
4000.000000,83,1.000000,30,p,4080.000000,80.005480,80.000000,0.005480
4000.000000,83,1.000000,180,c,3920.000000,82.680206,80.000000,2.680206
4000.000000,83,1.000000,180,p,4080.000000,82.890189,80.000000,2.890189
4000.000000,83,1.300000,60,c,3920.000000,80.733899,80.000000,0.733899
4000.000000,83,1.300000,60,p,4080.000000,80.815592,80.000000,0.815592
4000.000000,83,1.300000,30,c,3920.000000,80.069176,80.000000,0.069176
4000.000000,83,1.300000,30,p,4080.000000,80.082006,80.000000,0.082006
4000.000000,83,1.300000,180,c,3920.000000,86.441152,80.000000,6.441152
4000.000000,83,1.300000,180,p,4080.000000,86.827033,80.000000,6.827033
4000.000000,83,1.600000,60,c,3920.000000,81.954320,80.000000,1.954320
4000.000000,83,1.600000,60,p,4080.000000,82.121993,80.000000,2.121993
4000.000000,83,1.600000,30,c,3920.000000,80.325204,80.000000,0.325204
4000.000000,83,1.600000,30,p,4080.000000,80.369110,80.000000,0.369110
4000.000000,83,1.600000,180,c,3920.000000,91.249496,80.000000,11.249496
4000.000000,83,1.600000,180,p,4080.000000,91.812703,80.000000,11.812703
