label,cagr,vol,sharpe,sortino,maxdd,calmar,exposure,window,n_days,start,end
S1_MEANREV,0.079411,0.102085,0.799545,0.383582,-0.178934,0.443799,0.104453,BASELINE 2006-2017-11 full,2987,2006-01-03,2017-11-10
S2_TSMOM,0.042090,0.101916,0.455601,0.606071,-0.168144,0.250321,0.959491,BASELINE 2006-2017-11 full,2987,2006-01-03,2017-11-10
S3_XSMOM,0.025640,0.103258,0.296838,0.411608,-0.280786,0.091314,0.959826,BASELINE 2006-2017-11 full,2987,2006-01-03,2017-11-10
S5_VOLMGD,0.049207,0.100830,0.526909,0.682496,-0.264116,0.186308,0.959826,BASELINE 2006-2017-11 full,2987,2006-01-03,2017-11-10
S6_STREV,-0.011489,0.105059,-0.057517,-0.081934,-0.305724,-0.037579,0.959826,BASELINE 2006-2017-11 full,2987,2006-01-03,2017-11-10
S8_BAB,0.049144,0.101489,0.523526,0.765335,-0.460182,0.106793,0.979257,BASELINE 2006-2017-11 full,2989,2006-01-03,2017-11-10
S12_GAPUP,0.055800,0.102050,0.583039,0.369801,-0.194696,0.286598,0.262136,BASELINE 2006-2017-11 full,2987,2006-01-03,2017-11-10
S13_VOLTS,0.028228,0.051727,0.564033,0.765472,-0.057067,0.494646,0.940778,BASELINE 2006-2017-11 full,2212,2009-01-30,2017-11-10
EQUAL_8,0.042901,0.050784,0.852619,1.102399,-0.067132,0.639055,0.979257,BASELINE 2006-2017-11 full,2989,2006-01-03,2017-11-10
BUCKET_A,0.063293,0.058133,1.084786,1.189845,-0.079621,0.794927,0.781386,BASELINE 2006-2017-11 full,2987,2006-01-03,2017-11-10
BUCKET_B,0.034051,0.062530,0.566827,0.714997,-0.126985,0.268153,0.979257,BASELINE 2006-2017-11 full,2989,2006-01-03,2017-11-10
TWO_BUCKET_50_50,0.049180,0.049381,0.996965,1.283627,-0.059692,0.823897,0.979257,BASELINE 2006-2017-11 full,2989,2006-01-03,2017-11-10
S1_MEANREV,0.066583,0.093572,0.735674,0.262188,-0.178934,0.372109,0.063534,BASELINE train <2012,1511,2006-01-03,2011-12-30
S2_TSMOM,0.028246,0.100339,0.327821,0.448753,-0.168144,0.167989,0.920582,BASELINE train <2012,1511,2006-01-03,2011-12-30
S3_XSMOM,-0.020542,0.102129,-0.152095,-0.198007,-0.244808,-0.083911,0.920582,BASELINE train <2012,1511,2006-01-03,2011-12-30
S5_VOLMGD,0.025888,0.098327,0.309125,0.406914,-0.264116,0.098018,0.920582,BASELINE train <2012,1511,2006-01-03,2011-12-30
S6_STREV,0.012766,0.104758,0.173476,0.225918,-0.153635,0.083092,0.920582,BASELINE train <2012,1511,2006-01-03,2011-12-30
S8_BAB,-0.006731,0.104346,-0.012502,-0.017071,-0.460182,-0.014627,0.959022,BASELINE train <2012,1513,2006-01-03,2011-12-30
S12_GAPUP,0.113718,0.113598,1.004331,0.776686,-0.102843,1.105749,0.292522,BASELINE train <2012,1511,2006-01-03,2011-12-30
S13_VOLTS,0.031012,0.049218,0.645108,0.943844,-0.044078,0.703565,0.834239,BASELINE train <2012,736,2009-01-30,2011-12-30
EQUAL_8,0.033599,0.052995,0.650100,0.812589,-0.067132,0.500486,0.959022,BASELINE train <2012,1513,2006-01-03,2011-12-30
BUCKET_A,0.084872,0.064853,1.288522,1.296863,-0.069917,1.213896,0.572469,BASELINE train <2012,1511,2006-01-03,2011-12-30
BUCKET_B,0.010964,0.063252,0.204061,0.243846,-0.126985,0.086340,0.959022,BASELINE train <2012,1513,2006-01-03,2011-12-30
TWO_BUCKET_50_50,0.047915,0.052463,0.918376,1.163913,-0.059692,0.802713,0.959022,BASELINE train <2012,1513,2006-01-03,2011-12-30
S1_MEANREV,0.092702,0.110148,0.859835,0.508379,-0.161195,0.575095,0.146341,BASELINE test 2012-2017-11,1476,2012-01-03,2017-11-10
S2_TSMOM,0.056455,0.103533,0.582367,0.756925,-0.149095,0.378650,0.999322,BASELINE test 2012-2017-11,1476,2012-01-03,2017-11-10
S3_XSMOM,0.075173,0.104352,0.746806,1.108279,-0.194785,0.385927,1.000000,BASELINE test 2012-2017-11,1476,2012-01-03,2017-11-10
S5_VOLMGD,0.073628,0.103342,0.739293,0.945895,-0.126012,0.584291,1.000000,BASELINE test 2012-2017-11,1476,2012-01-03,2017-11-10
S6_STREV,-0.035717,0.105379,-0.292589,-0.458416,-0.305724,-0.116826,1.000000,BASELINE test 2012-2017-11,1476,2012-01-03,2017-11-10
S8_BAB,0.109684,0.098387,1.107202,1.776706,-0.187998,0.583435,1.000000,BASELINE test 2012-2017-11,1476,2012-01-03,2017-11-10
S12_GAPUP,-0.000374,0.088585,0.040792,0.020447,-0.189169,-0.001977,0.231030,BASELINE test 2012-2017-11,1476,2012-01-03,2017-11-10
S13_VOLTS,0.026843,0.052950,0.526757,0.699547,-0.057067,0.470369,0.993902,BASELINE test 2012-2017-11,1476,2012-01-03,2017-11-10
EQUAL_8,0.052523,0.048423,1.081461,1.460110,-0.052197,1.006262,1.000000,BASELINE test 2012-2017-11,1476,2012-01-03,2017-11-10
BUCKET_A,0.041646,0.050319,0.836088,0.953660,-0.079621,0.523059,0.995257,BASELINE test 2012-2017-11,1476,2012-01-03,2017-11-10
BUCKET_B,0.058265,0.061769,0.947813,1.274339,-0.074672,0.780278,1.000000,BASELINE test 2012-2017-11,1476,2012-01-03,2017-11-10
TWO_BUCKET_50_50,0.050478,0.046026,1.093037,1.435771,-0.046403,1.087818,1.000000,BASELINE test 2012-2017-11,1476,2012-01-03,2017-11-10
S1_MEANREV,0.074859,0.103825,0.747241,0.335703,-0.178934,0.418360,0.097738,EXTENDED (each sleeve to its data end),5085,2006-01-03,2026-03-20
S2_TSMOM,0.042090,0.101916,0.455601,0.606071,-0.168144,0.250321,0.959491,EXTENDED (each sleeve to its data end),2987,2006-01-03,2017-11-10
S3_XSMOM,0.025640,0.103258,0.296838,0.411608,-0.280786,0.091314,0.959826,EXTENDED (each sleeve to its data end),2987,2006-01-03,2017-11-10
S5_VOLMGD,0.059655,0.103197,0.613286,0.768160,-0.264116,0.225866,0.976401,EXTENDED (each sleeve to its data end),5085,2006-01-03,2026-03-20
S6_STREV,-0.011489,0.105059,-0.057517,-0.081934,-0.305724,-0.037579,0.959826,EXTENDED (each sleeve to its data end),2987,2006-01-03,2017-11-10
S8_BAB,0.012661,0.097161,0.178120,0.260203,-0.460182,0.027513,0.987812,EXTENDED (each sleeve to its data end),5087,2006-01-03,2026-03-20
S12_GAPUP,0.049661,0.104799,0.514664,0.352067,-0.194696,0.255070,0.270816,EXTENDED (each sleeve to its data end),3615,2006-01-03,2020-05-13
S13_VOLTS,0.028228,0.051727,0.564033,0.765472,-0.057067,0.494646,0.940778,EXTENDED (each sleeve to its data end),2212,2009-01-30,2017-11-10
EQUAL_8,0.040005,0.052708,0.770617,0.975330,-0.083516,0.479009,0.987812,EXTENDED (each sleeve to its data end),5087,2006-01-03,2026-03-20
BUCKET_A,0.058996,0.078288,0.771383,0.637265,-0.154583,0.381648,0.530187,EXTENDED (each sleeve to its data end),5085,2006-01-03,2026-03-20
BUCKET_B,0.028453,0.060725,0.492440,0.618770,-0.139996,0.203241,0.987812,EXTENDED (each sleeve to its data end),5087,2006-01-03,2026-03-20
TWO_BUCKET_50_50,0.044571,0.055225,0.817285,0.987812,-0.083516,0.533682,0.987812,EXTENDED (each sleeve to its data end),5087,2006-01-03,2026-03-20
S1_MEANREV,0.068411,0.106275,0.675891,0.278923,-0.154583,0.442551,0.088179,POST-BASELINE 2017-11-13 →,2098,2017-11-13,2026-03-20
S2_TSMOM,,,,,,,,POST-BASELINE 2017-11-13 →,0,,
S3_XSMOM,,,,,,,,POST-BASELINE 2017-11-13 →,0,,
S5_VOLMGD,0.074709,0.106494,0.730143,0.880187,-0.134955,0.553587,1.000000,POST-BASELINE 2017-11-13 →,2098,2017-11-13,2026-03-20
S6_STREV,,,,,,,,POST-BASELINE 2017-11-13 →,0,,
S8_BAB,-0.037136,0.090564,-0.372498,-0.542066,-0.330950,-0.112210,1.000000,POST-BASELINE 2017-11-13 →,2098,2017-11-13,2026-03-20
S12_GAPUP,0.020950,0.117068,0.234711,0.220252,-0.157586,0.132942,0.312102,POST-BASELINE 2017-11-13 →,628,2017-11-13,2020-05-13
S13_VOLTS,,,,,,,,POST-BASELINE 2017-11-13 →,0,,
EQUAL_8,0.035893,0.055346,0.664870,0.825585,-0.083516,0.429775,1.000000,POST-BASELINE 2017-11-13 →,2098,2017-11-13,2026-03-20
BUCKET_A,0.052909,0.100235,0.564537,0.293654,-0.154583,0.342270,0.172545,POST-BASELINE 2017-11-13 →,2098,2017-11-13,2026-03-20
BUCKET_B,0.020529,0.058068,0.379046,0.473451,-0.139996,0.146640,1.000000,POST-BASELINE 2017-11-13 →,2098,2017-11-13,2026-03-20
TWO_BUCKET_50_50,0.038040,0.062627,0.627500,0.729878,-0.083516,0.455482,1.000000,POST-BASELINE 2017-11-13 →,2098,2017-11-13,2026-03-20
