date,EQUAL_8,BUCKET_A,BUCKET_B,TWO_BUCKET_50_50
2006,0.062257,0.036740,0.072464,0.054602
2007,0.008985,0.125232,-0.037514,0.043859
2008,0.008091,0.145937,-0.047048,0.049445
2009,0.047110,0.088300,0.024285,0.056292
2010,0.050615,-0.011367,0.087805,0.038219
2011,0.029792,0.116218,-0.022497,0.046860
2012,0.065624,0.004324,0.102404,0.053364
2013,0.143943,0.059435,0.194647,0.127041
2014,0.001690,0.002318,0.001313,0.001815
2015,0.023138,0.035732,0.015582,0.025657
2016,0.006992,0.064149,-0.027302,0.018423
2017,0.082568,0.078555,0.092631,0.085593
2018,-0.034201,-0.010126,-0.058277,-0.034201
2019,0.099916,0.129776,0.070056,0.099916
2020,0.080506,0.112158,0.041342,0.076750
2021,0.045986,0.072202,0.032878,0.052540
2022,0.008105,-0.000514,0.012415,0.005951
2023,0.025810,0.021925,0.027753,0.024839
2024,0.051513,0.036450,0.059044,0.047747
2025,0.030909,0.117616,-0.012444,0.052586
2026,-0.019418,-0.006480,-0.025887,-0.016183
