candidate,family,window,delta,n,mean_net_pts,recovered_minus_delta,p_boot_day,excess_over_control_pct,dsr,survives_all_six,theoretical_mde_at_n,notes
U1,flatten,HOLDOUT,0.000000,144,-3.282639,0.000000,1.000000,-2.960285,0.128371,False,9.261939,"cond3(BH-FDR)=REAL/frozen=False -- flatten U1's own scoring path counts and FDR-tests this trial on the SELECTION window (out/trials.csv), not HOLDOUT; a HOLDOUT-only injection (A50's own scope) cannot touch it, so cond3 cannot respond to delta and is not meaningfully re-runnable here (reported as the real, unmodified value, per A50's own instruction for a control whose pool would also need injecting). ex-FDR 5-of-6 do not all pass at this delta (net- p_day- ctrl- dsr- n-). excess_over_control_pct is in SPX points here (this family's own condition-4 comparison, report.py's own check), not percent."
U1,flatten,HOLDOUT,0.250000,144,-3.032639,0.000000,1.000000,-2.710285,0.162989,False,9.261939,"cond3(BH-FDR)=REAL/frozen=False -- flatten U1's own scoring path counts and FDR-tests this trial on the SELECTION window (out/trials.csv), not HOLDOUT; a HOLDOUT-only injection (A50's own scope) cannot touch it, so cond3 cannot respond to delta and is not meaningfully re-runnable here (reported as the real, unmodified value, per A50's own instruction for a control whose pool would also need injecting). ex-FDR 5-of-6 do not all pass at this delta (net- p_day- ctrl- dsr- n-). excess_over_control_pct is in SPX points here (this family's own condition-4 comparison, report.py's own check), not percent."
U1,flatten,HOLDOUT,0.500000,144,-2.782639,0.000000,1.000000,-2.460285,0.202241,False,9.261939,"cond3(BH-FDR)=REAL/frozen=False -- flatten U1's own scoring path counts and FDR-tests this trial on the SELECTION window (out/trials.csv), not HOLDOUT; a HOLDOUT-only injection (A50's own scope) cannot touch it, so cond3 cannot respond to delta and is not meaningfully re-runnable here (reported as the real, unmodified value, per A50's own instruction for a control whose pool would also need injecting). ex-FDR 5-of-6 do not all pass at this delta (net- p_day- ctrl- dsr- n-). excess_over_control_pct is in SPX points here (this family's own condition-4 comparison, report.py's own check), not percent."
U1,flatten,HOLDOUT,1.000000,144,-2.282639,0.000000,1.000000,-1.960285,0.285310,False,9.261939,"cond3(BH-FDR)=REAL/frozen=False -- flatten U1's own scoring path counts and FDR-tests this trial on the SELECTION window (out/trials.csv), not HOLDOUT; a HOLDOUT-only injection (A50's own scope) cannot touch it, so cond3 cannot respond to delta and is not meaningfully re-runnable here (reported as the real, unmodified value, per A50's own instruction for a control whose pool would also need injecting). ex-FDR 5-of-6 do not all pass at this delta (net- p_day- ctrl- dsr- n-). excess_over_control_pct is in SPX points here (this family's own condition-4 comparison, report.py's own check), not percent."
U1,flatten,HOLDOUT,2.000000,144,-1.282639,0.000000,1.000000,-0.960285,0.326541,False,9.261939,"cond3(BH-FDR)=REAL/frozen=False -- flatten U1's own scoring path counts and FDR-tests this trial on the SELECTION window (out/trials.csv), not HOLDOUT; a HOLDOUT-only injection (A50's own scope) cannot touch it, so cond3 cannot respond to delta and is not meaningfully re-runnable here (reported as the real, unmodified value, per A50's own instruction for a control whose pool would also need injecting). ex-FDR 5-of-6 do not all pass at this delta (net- p_day- ctrl- dsr- n-). excess_over_control_pct is in SPX points here (this family's own condition-4 comparison, report.py's own check), not percent."
U1,flatten,HOLDOUT,4.000000,144,0.717361,0.000000,0.344750,1.039715,0.280075,False,9.261939,"cond3(BH-FDR)=REAL/frozen=False -- flatten U1's own scoring path counts and FDR-tests this trial on the SELECTION window (out/trials.csv), not HOLDOUT; a HOLDOUT-only injection (A50's own scope) cannot touch it, so cond3 cannot respond to delta and is not meaningfully re-runnable here (reported as the real, unmodified value, per A50's own instruction for a control whose pool would also need injecting). ex-FDR 5-of-6 do not all pass at this delta (net+ p_day- ctrl+ dsr- n-). excess_over_control_pct is in SPX points here (this family's own condition-4 comparison, report.py's own check), not percent."
U1,flatten,HOLDOUT,8.000000,144,4.717361,0.000000,0.064750,5.039715,0.190131,False,9.261939,"cond3(BH-FDR)=REAL/frozen=False -- flatten U1's own scoring path counts and FDR-tests this trial on the SELECTION window (out/trials.csv), not HOLDOUT; a HOLDOUT-only injection (A50's own scope) cannot touch it, so cond3 cannot respond to delta and is not meaningfully re-runnable here (reported as the real, unmodified value, per A50's own instruction for a control whose pool would also need injecting). ex-FDR 5-of-6 do not all pass at this delta (net+ p_day- ctrl+ dsr- n-). excess_over_control_pct is in SPX points here (this family's own condition-4 comparison, report.py's own check), not percent."
short|R1|bos_off,fvg,HOLDOUT,0.000000,959,0.026263,0.000000,0.480250,1.198802,0.000003,False,0.398462,"cond3(BH-FDR)=REAL/frozen=False -- fvg short|R1|bos_off's own scoring path counts and FDR-tests this trial on the SELECTION window (out/trials.csv), not HOLDOUT; a HOLDOUT-only injection (A50's own scope) cannot touch it, so cond3 cannot respond to delta and is not meaningfully re-runnable here (reported as the real, unmodified value, per A50's own instruction for a control whose pool would also need injecting). ex-FDR 5-of-6 do not all pass at this delta (net+ p_day- ctrl+ dsr- n+). excess_over_control_pct is in SPX points here (this family's own condition-4 comparison, report.py's own check), not percent."
short|R1|bos_off,fvg,HOLDOUT,0.250000,959,0.276263,0.000000,0.048000,1.448802,0.000103,False,0.398462,"cond3(BH-FDR)=REAL/frozen=False -- fvg short|R1|bos_off's own scoring path counts and FDR-tests this trial on the SELECTION window (out/trials.csv), not HOLDOUT; a HOLDOUT-only injection (A50's own scope) cannot touch it, so cond3 cannot respond to delta and is not meaningfully re-runnable here (reported as the real, unmodified value, per A50's own instruction for a control whose pool would also need injecting). ex-FDR 5-of-6 do not all pass at this delta (net+ p_day+ ctrl+ dsr- n+). excess_over_control_pct is in SPX points here (this family's own condition-4 comparison, report.py's own check), not percent."
short|R1|bos_off,fvg,HOLDOUT,0.500000,959,0.526263,0.000000,0.000000,1.698802,0.001319,False,0.398462,"cond3(BH-FDR)=REAL/frozen=False -- fvg short|R1|bos_off's own scoring path counts and FDR-tests this trial on the SELECTION window (out/trials.csv), not HOLDOUT; a HOLDOUT-only injection (A50's own scope) cannot touch it, so cond3 cannot respond to delta and is not meaningfully re-runnable here (reported as the real, unmodified value, per A50's own instruction for a control whose pool would also need injecting). ex-FDR 5-of-6 do not all pass at this delta (net+ p_day+ ctrl+ dsr- n+). excess_over_control_pct is in SPX points here (this family's own condition-4 comparison, report.py's own check), not percent."
short|R1|bos_off,fvg,HOLDOUT,1.000000,959,1.026263,0.000000,0.000000,2.198802,0.038845,False,0.398462,"cond3(BH-FDR)=REAL/frozen=False -- fvg short|R1|bos_off's own scoring path counts and FDR-tests this trial on the SELECTION window (out/trials.csv), not HOLDOUT; a HOLDOUT-only injection (A50's own scope) cannot touch it, so cond3 cannot respond to delta and is not meaningfully re-runnable here (reported as the real, unmodified value, per A50's own instruction for a control whose pool would also need injecting). ex-FDR 5-of-6 do not all pass at this delta (net+ p_day+ ctrl+ dsr- n+). excess_over_control_pct is in SPX points here (this family's own condition-4 comparison, report.py's own check), not percent."
short|R1|bos_off,fvg,HOLDOUT,2.000000,959,2.026263,0.000000,0.000000,3.198802,0.604707,False,0.398462,"cond3(BH-FDR)=REAL/frozen=False -- fvg short|R1|bos_off's own scoring path counts and FDR-tests this trial on the SELECTION window (out/trials.csv), not HOLDOUT; a HOLDOUT-only injection (A50's own scope) cannot touch it, so cond3 cannot respond to delta and is not meaningfully re-runnable here (reported as the real, unmodified value, per A50's own instruction for a control whose pool would also need injecting). ex-FDR 5-of-6 do not all pass at this delta (net+ p_day+ ctrl+ dsr- n+). excess_over_control_pct is in SPX points here (this family's own condition-4 comparison, report.py's own check), not percent."
short|R1|bos_off,fvg,HOLDOUT,4.000000,959,4.026263,-0.000000,0.000000,5.198802,0.995216,False,0.398462,"cond3(BH-FDR)=REAL/frozen=False -- fvg short|R1|bos_off's own scoring path counts and FDR-tests this trial on the SELECTION window (out/trials.csv), not HOLDOUT; a HOLDOUT-only injection (A50's own scope) cannot touch it, so cond3 cannot respond to delta and is not meaningfully re-runnable here (reported as the real, unmodified value, per A50's own instruction for a control whose pool would also need injecting). ex-FDR 5-of-6 PASS at this delta (net+ p_day+ ctrl+ dsr+ n+). excess_over_control_pct is in SPX points here (this family's own condition-4 comparison, report.py's own check), not percent."
short|R1|bos_off,fvg,HOLDOUT,8.000000,959,8.026263,0.000000,0.000000,9.198802,0.999987,False,0.398462,"cond3(BH-FDR)=REAL/frozen=False -- fvg short|R1|bos_off's own scoring path counts and FDR-tests this trial on the SELECTION window (out/trials.csv), not HOLDOUT; a HOLDOUT-only injection (A50's own scope) cannot touch it, so cond3 cannot respond to delta and is not meaningfully re-runnable here (reported as the real, unmodified value, per A50's own instruction for a control whose pool would also need injecting). ex-FDR 5-of-6 PASS at this delta (net+ p_day+ ctrl+ dsr+ n+). excess_over_control_pct is in SPX points here (this family's own condition-4 comparison, report.py's own check), not percent."
T1,gapliq,HOLDOUT,0.000000,158,2.201582,0.000000,0.259250,3.273047,0.435419,False,8.959698,"cond3(BH-FDR)=REAL/frozen=False -- gapliq T1's own scoring path counts and FDR-tests this trial on the SELECTION window (out/trials.csv), not HOLDOUT; a HOLDOUT-only injection (A50's own scope) cannot touch it, so cond3 cannot respond to delta and is not meaningfully re-runnable here (reported as the real, unmodified value, per A50's own instruction for a control whose pool would also need injecting). ex-FDR 5-of-6 do not all pass at this delta (net+ p_day- ctrl+ dsr- n-). excess_over_control_pct is in SPX points here (this family's own condition-4 comparison, report.py's own check), not percent."
T1,gapliq,HOLDOUT,0.250000,158,2.451582,0.000000,0.237250,3.523047,0.430491,False,8.959698,"cond3(BH-FDR)=REAL/frozen=False -- gapliq T1's own scoring path counts and FDR-tests this trial on the SELECTION window (out/trials.csv), not HOLDOUT; a HOLDOUT-only injection (A50's own scope) cannot touch it, so cond3 cannot respond to delta and is not meaningfully re-runnable here (reported as the real, unmodified value, per A50's own instruction for a control whose pool would also need injecting). ex-FDR 5-of-6 do not all pass at this delta (net+ p_day- ctrl+ dsr- n-). excess_over_control_pct is in SPX points here (this family's own condition-4 comparison, report.py's own check), not percent."
T1,gapliq,HOLDOUT,0.500000,158,2.701582,0.000000,0.218750,3.773047,0.425242,False,8.959698,"cond3(BH-FDR)=REAL/frozen=False -- gapliq T1's own scoring path counts and FDR-tests this trial on the SELECTION window (out/trials.csv), not HOLDOUT; a HOLDOUT-only injection (A50's own scope) cannot touch it, so cond3 cannot respond to delta and is not meaningfully re-runnable here (reported as the real, unmodified value, per A50's own instruction for a control whose pool would also need injecting). ex-FDR 5-of-6 do not all pass at this delta (net+ p_day- ctrl+ dsr- n-). excess_over_control_pct is in SPX points here (this family's own condition-4 comparison, report.py's own check), not percent."
T1,gapliq,HOLDOUT,1.000000,158,3.201582,0.000000,0.184500,4.273047,0.414088,False,8.959698,"cond3(BH-FDR)=REAL/frozen=False -- gapliq T1's own scoring path counts and FDR-tests this trial on the SELECTION window (out/trials.csv), not HOLDOUT; a HOLDOUT-only injection (A50's own scope) cannot touch it, so cond3 cannot respond to delta and is not meaningfully re-runnable here (reported as the real, unmodified value, per A50's own instruction for a control whose pool would also need injecting). ex-FDR 5-of-6 do not all pass at this delta (net+ p_day- ctrl+ dsr- n-). excess_over_control_pct is in SPX points here (this family's own condition-4 comparison, report.py's own check), not percent."
T1,gapliq,HOLDOUT,2.000000,158,4.201582,0.000000,0.112750,5.273047,0.390371,False,8.959698,"cond3(BH-FDR)=REAL/frozen=False -- gapliq T1's own scoring path counts and FDR-tests this trial on the SELECTION window (out/trials.csv), not HOLDOUT; a HOLDOUT-only injection (A50's own scope) cannot touch it, so cond3 cannot respond to delta and is not meaningfully re-runnable here (reported as the real, unmodified value, per A50's own instruction for a control whose pool would also need injecting). ex-FDR 5-of-6 do not all pass at this delta (net+ p_day- ctrl+ dsr- n-). excess_over_control_pct is in SPX points here (this family's own condition-4 comparison, report.py's own check), not percent."
T1,gapliq,HOLDOUT,4.000000,158,6.201582,0.000000,0.038000,7.273047,0.341644,False,8.959698,"cond3(BH-FDR)=REAL/frozen=False -- gapliq T1's own scoring path counts and FDR-tests this trial on the SELECTION window (out/trials.csv), not HOLDOUT; a HOLDOUT-only injection (A50's own scope) cannot touch it, so cond3 cannot respond to delta and is not meaningfully re-runnable here (reported as the real, unmodified value, per A50's own instruction for a control whose pool would also need injecting). ex-FDR 5-of-6 do not all pass at this delta (net+ p_day+ ctrl+ dsr- n-). excess_over_control_pct is in SPX points here (this family's own condition-4 comparison, report.py's own check), not percent."
T1,gapliq,HOLDOUT,8.000000,158,10.201582,0.000000,0.001750,11.273047,0.251012,False,8.959698,"cond3(BH-FDR)=REAL/frozen=False -- gapliq T1's own scoring path counts and FDR-tests this trial on the SELECTION window (out/trials.csv), not HOLDOUT; a HOLDOUT-only injection (A50's own scope) cannot touch it, so cond3 cannot respond to delta and is not meaningfully re-runnable here (reported as the real, unmodified value, per A50's own instruction for a control whose pool would also need injecting). ex-FDR 5-of-6 do not all pass at this delta (net+ p_day+ ctrl+ dsr- n-). excess_over_control_pct is in SPX points here (this family's own condition-4 comparison, report.py's own check), not percent."
15:00|both|vixmove_exp,pre_registered,HOLDOUT,0.000000,274,-0.143431,0.000000,1.000000,0.002277,0.363546,False,3.290258,"cond3(BH-FDR) RECOMPUTED: this candidate's own scoring path counts and FDR-tests it on HOLDOUT itself (out/trials.csv 'HOLDOUT 15:00|both|vixmove_exp' row); the injected p_boot_month was substituted into a copy of the real 48-trial pool and BH-FDR (stats.bh_fdr) re-run fresh. Own cond2 gate uses p_boot_month=1.0000 (own scoring path; the p_boot_day column above is reported for cross-candidate comparability only). ex-FDR 5-of-6 do not all pass (net- p_month- ctrl+ psr- n+). excess_over_control_pct is in PERCENT here (this candidate's own condition-4 check), matching out/holdout_pooled.csv's own column."
15:00|both|vixmove_exp,pre_registered,HOLDOUT,0.250000,274,0.106569,0.000000,1.000000,0.008187,0.438944,False,3.290258,"cond3(BH-FDR) RECOMPUTED: this candidate's own scoring path counts and FDR-tests it on HOLDOUT itself (out/trials.csv 'HOLDOUT 15:00|both|vixmove_exp' row); the injected p_boot_month was substituted into a copy of the real 48-trial pool and BH-FDR (stats.bh_fdr) re-run fresh. Own cond2 gate uses p_boot_month=1.0000 (own scoring path; the p_boot_day column above is reported for cross-candidate comparability only). ex-FDR 5-of-6 do not all pass (net+ p_month- ctrl+ psr- n+). excess_over_control_pct is in PERCENT here (this candidate's own condition-4 check), matching out/holdout_pooled.csv's own column."
15:00|both|vixmove_exp,pre_registered,HOLDOUT,0.500000,274,0.356569,0.000000,0.481250,0.014097,0.516542,False,3.290258,"cond3(BH-FDR) RECOMPUTED: this candidate's own scoring path counts and FDR-tests it on HOLDOUT itself (out/trials.csv 'HOLDOUT 15:00|both|vixmove_exp' row); the injected p_boot_month was substituted into a copy of the real 48-trial pool and BH-FDR (stats.bh_fdr) re-run fresh. Own cond2 gate uses p_boot_month=0.4835 (own scoring path; the p_boot_day column above is reported for cross-candidate comparability only). ex-FDR 5-of-6 do not all pass (net+ p_month- ctrl+ psr- n+). excess_over_control_pct is in PERCENT here (this candidate's own condition-4 check), matching out/holdout_pooled.csv's own column."
15:00|both|vixmove_exp,pre_registered,HOLDOUT,1.000000,274,0.856569,0.000000,0.327500,0.025917,0.666626,False,3.290258,"cond3(BH-FDR) RECOMPUTED: this candidate's own scoring path counts and FDR-tests it on HOLDOUT itself (out/trials.csv 'HOLDOUT 15:00|both|vixmove_exp' row); the injected p_boot_month was substituted into a copy of the real 48-trial pool and BH-FDR (stats.bh_fdr) re-run fresh. Own cond2 gate uses p_boot_month=0.3473 (own scoring path; the p_boot_day column above is reported for cross-candidate comparability only). ex-FDR 5-of-6 do not all pass (net+ p_month- ctrl+ psr- n+). excess_over_control_pct is in PERCENT here (this candidate's own condition-4 check), matching out/holdout_pooled.csv's own column."
15:00|both|vixmove_exp,pre_registered,HOLDOUT,2.000000,274,1.856569,0.000000,0.113500,0.049557,0.885209,False,3.290258,"cond3(BH-FDR) RECOMPUTED: this candidate's own scoring path counts and FDR-tests it on HOLDOUT itself (out/trials.csv 'HOLDOUT 15:00|both|vixmove_exp' row); the injected p_boot_month was substituted into a copy of the real 48-trial pool and BH-FDR (stats.bh_fdr) re-run fresh. Own cond2 gate uses p_boot_month=0.1452 (own scoring path; the p_boot_day column above is reported for cross-candidate comparability only). ex-FDR 5-of-6 do not all pass (net+ p_month- ctrl+ psr- n+). excess_over_control_pct is in PERCENT here (this candidate's own condition-4 check), matching out/holdout_pooled.csv's own column."
15:00|both|vixmove_exp,pre_registered,HOLDOUT,4.000000,274,3.856569,0.000000,0.003500,0.096836,0.996441,False,3.290258,"cond3(BH-FDR) RECOMPUTED: this candidate's own scoring path counts and FDR-tests it on HOLDOUT itself (out/trials.csv 'HOLDOUT 15:00|both|vixmove_exp' row); the injected p_boot_month was substituted into a copy of the real 48-trial pool and BH-FDR (stats.bh_fdr) re-run fresh. Own cond2 gate uses p_boot_month=0.0063 (own scoring path; the p_boot_day column above is reported for cross-candidate comparability only). ex-FDR 5-of-6 PASS (net+ p_month+ ctrl+ psr+ n+). excess_over_control_pct is in PERCENT here (this candidate's own condition-4 check), matching out/holdout_pooled.csv's own column."
15:00|both|vixmove_exp,pre_registered,HOLDOUT,8.000000,274,7.856569,0.000000,0.000000,0.191395,1.000000,True,3.290258,"cond3(BH-FDR) RECOMPUTED: this candidate's own scoring path counts and FDR-tests it on HOLDOUT itself (out/trials.csv 'HOLDOUT 15:00|both|vixmove_exp' row); the injected p_boot_month was substituted into a copy of the real 48-trial pool and BH-FDR (stats.bh_fdr) re-run fresh. Own cond2 gate uses p_boot_month=0.0000 (own scoring path; the p_boot_day column above is reported for cross-candidate comparability only). ex-FDR 5-of-6 PASS (net+ p_month+ ctrl+ psr+ n+). excess_over_control_pct is in PERCENT here (this candidate's own condition-4 check), matching out/holdout_pooled.csv's own column."
