family,source,window,candidate,n,mean_net_pts,sd_net_pts,se_net_pts,t,mde_at_n,mde_at_200,n_req_1pt,n_req_2pt,span_years,signals_per_year,years_to_200,years_to_n_req_1pt,years_to_n_req_2pt,premium_pts,mde_at_200_pct_of_premium,mean_pct_of_premium,note
flatten,out/flatten_candidates_trades.csv,CONTEXT,U1,254,-2.304724,16.283168,1.021697,-2.255781,2.540423,2.862912,1640,410,6.817248,37.258434,5.367912,44.016880,11.004220,152.828000,1.873290,-1.508051,
flatten,out/flatten_candidates_trades.csv,CONTEXT,U2,326,-0.723926,9.529848,0.527809,-1.371568,1.312385,1.675541,562,141,6.959617,46.841660,4.269703,11.997867,3.010141,152.828000,1.096357,-0.473687,
flatten,out/flatten_candidates_trades.csv,CONTEXT,U3,247,-2.174494,13.192313,0.839407,-2.590513,2.087164,2.319477,1076,269,6.795346,36.348409,5.502304,29.602396,7.400599,152.828000,1.517704,-1.422837,
flatten,out/flatten_candidates_trades.csv,HOLDOUT,U1,144,-3.282639,44.699132,3.724928,-0.881262,9.261939,7.859016,12353,3089,5.993155,24.027410,8.323827,514.121169,128.561507,152.828000,5.142393,-2.147930,
flatten,out/flatten_candidates_trades.csv,HOLDOUT,U2,299,-1.082274,33.650814,1.946077,-0.556131,4.838871,5.916497,7001,1751,6.028747,49.595708,4.032607,141.161407,35.305474,152.828000,3.871344,-0.708165,
flatten,out/flatten_candidates_trades.csv,HOLDOUT,U3,166,-1.269578,31.592041,2.452018,-0.517769,6.096881,5.554523,6171,1543,5.976728,27.774393,7.200877,222.183073,55.554769,152.828000,3.634493,-0.830724,
flatten,out/flatten_candidates_trades.csv,SELECTION,U1,102,1.668627,33.469818,3.314006,0.503508,8.240192,5.884674,6926,1732,7.219713,14.127986,14.156299,490.232637,122.593550,152.828000,3.850521,1.091834,
flatten,out/flatten_candidates_trades.csv,SELECTION,U2,343,-1.171720,15.373823,0.830108,-1.411527,2.064044,2.703031,1462,366,7.342916,46.711689,4.281584,31.298376,7.835298,152.828000,1.768675,-0.766692,
flatten,out/flatten_candidates_trades.csv,SELECTION,U3,105,0.296190,29.216990,2.851286,0.103880,7.089652,5.136941,5278,1320,7.184120,14.615568,13.684039,361.121789,90.314657,152.828000,3.361256,0.193806,
fvg,out/fvg_candidates_trades.csv,CONTEXT,long|R1|bos_off,791,-0.311812,1.483999,0.052765,-5.909448,0.131199,0.260917,14,4,7.964408,99.316861,2.013757,0.140963,0.040275,152.828000,0.170726,-0.204028,
fvg,out/fvg_candidates_trades.csv,CONTEXT,long|R1|bos_on,399,-0.387966,1.473194,0.073752,-5.260420,0.183382,0.259017,14,4,7.928816,50.322773,3.974344,0.278204,0.079487,152.828000,0.169483,-0.253858,
fvg,out/fvg_candidates_trades.csv,CONTEXT,long|R2|bos_off,789,-0.537677,2.490216,0.088654,-6.064896,0.220436,0.437831,39,10,7.964408,99.065744,2.018861,0.393678,0.100943,152.828000,0.286486,-0.351819,
fvg,out/fvg_candidates_trades.csv,CONTEXT,long|R2|bos_on,399,-0.489455,2.523387,0.126327,-3.874497,0.314110,0.443663,40,10,7.928816,50.322773,3.974344,0.794869,0.198717,152.828000,0.290302,-0.320265,
fvg,out/fvg_candidates_trades.csv,CONTEXT,short|R1|bos_off,857,-0.395662,1.277914,0.043653,-9.063867,0.108541,0.224683,11,3,7.980835,107.382247,1.862505,0.102438,0.027938,152.828000,0.147017,-0.258894,
fvg,out/fvg_candidates_trades.csv,CONTEXT,short|R1|bos_on,489,-0.394514,1.275914,0.057699,-6.837474,0.143467,0.224332,11,3,7.980835,61.271784,3.264145,0.179528,0.048962,152.828000,0.146787,-0.258143,
fvg,out/fvg_candidates_trades.csv,CONTEXT,short|R2|bos_off,853,-0.600028,2.100574,0.071922,-8.342728,0.178833,0.369324,28,7,7.980835,106.881046,1.871239,0.261973,0.065493,152.828000,0.241660,-0.392617,
fvg,out/fvg_candidates_trades.csv,CONTEXT,short|R2|bos_on,488,-0.507175,2.224733,0.100709,-5.036050,0.250410,0.391153,31,8,7.980835,61.146484,3.270834,0.506979,0.130833,152.828000,0.255943,-0.331860,
fvg,out/fvg_candidates_trades.csv,HOLDOUT,long|R1|bos_off,700,-0.227603,4.883024,0.184561,-1.233214,0.458906,0.858535,148,37,6.124572,114.293697,1.749878,1.294910,0.323727,152.828000,0.561765,-0.148928,
fvg,out/fvg_candidates_trades.csv,HOLDOUT,long|R1|bos_on,282,-0.565786,4.437226,0.264233,-2.141241,0.657009,0.780154,122,31,6.116359,46.105864,4.337843,2.646084,0.672366,152.828000,0.510479,-0.370211,
fvg,out/fvg_candidates_trades.csv,HOLDOUT,long|R2|bos_off,696,-0.722221,7.199403,0.272893,-2.646537,0.678541,1.265801,321,81,6.124572,113.640590,1.759935,2.824695,0.712773,152.828000,0.828252,-0.472571,
fvg,out/fvg_candidates_trades.csv,HOLDOUT,long|R2|bos_on,282,-1.143401,6.054948,0.360567,-3.171120,0.896540,1.064583,227,57,6.116359,46.105864,4.337843,4.923452,1.236285,152.828000,0.696589,-0.748162,
fvg,out/fvg_candidates_trades.csv,HOLDOUT,short|R1|bos_off,959,0.026263,4.962636,0.160252,0.163883,0.398462,0.872532,153,39,6.121834,156.652393,1.276712,0.976685,0.248959,152.828000,0.570924,0.017184,
fvg,out/fvg_candidates_trades.csv,HOLDOUT,short|R1|bos_on,493,-0.003946,4.536090,0.204295,-0.019314,0.507975,0.797537,128,32,6.094456,80.893194,2.472396,1.582333,0.395583,152.828000,0.521853,-0.002582,
fvg,out/fvg_candidates_trades.csv,HOLDOUT,short|R2|bos_off,958,-0.662107,7.074808,0.228577,-2.896651,0.568350,1.243895,310,78,6.121834,156.489043,1.278045,1.980969,0.498437,152.828000,0.813918,-0.433237,
fvg,out/fvg_candidates_trades.csv,HOLDOUT,short|R2|bos_on,493,-0.575596,6.722520,0.302767,-1.901119,0.752823,1.181956,280,70,6.094456,80.893194,2.472396,3.461354,0.865339,152.828000,0.773389,-0.376630,
fvg,out/fvg_candidates_trades.csv,SELECTION,long|R1|bos_off,664,-0.230874,2.702609,0.104882,-2.201285,0.260785,0.475174,46,12,7.353867,90.292628,2.215020,0.509455,0.132901,152.828000,0.310921,-0.151068,
fvg,out/fvg_candidates_trades.csv,SELECTION,long|R1|bos_on,308,-0.321003,2.690858,0.153326,-2.093601,0.381241,0.473108,45,12,7.331964,42.007842,4.761016,1.071229,0.285661,152.828000,0.309569,-0.210042,
fvg,out/fvg_candidates_trades.csv,SELECTION,long|R2|bos_off,661,-0.673689,4.151862,0.161489,-4.171741,0.401538,0.729982,107,27,7.353867,89.884680,2.225073,1.190414,0.300385,152.828000,0.477649,-0.440815,
fvg,out/fvg_candidates_trades.csv,SELECTION,long|R2|bos_on,307,-0.727409,4.304847,0.245691,-2.960670,0.610903,0.756880,115,29,7.331964,41.871453,4.776524,2.746501,0.692596,152.828000,0.495249,-0.475966,
fvg,out/fvg_candidates_trades.csv,SELECTION,short|R1|bos_off,859,-0.399968,2.125595,0.072524,-5.514947,0.180330,0.373723,28,7,7.353867,116.809289,1.712193,0.239707,0.059927,152.828000,0.244538,-0.261711,
fvg,out/fvg_candidates_trades.csv,SELECTION,short|R1|bos_on,461,-0.503526,1.890409,0.088045,-5.718955,0.218922,0.332372,23,6,7.340178,62.805017,3.184459,0.366213,0.095534,152.828000,0.217481,-0.329472,
fvg,out/fvg_candidates_trades.csv,SELECTION,short|R2|bos_off,856,-0.704505,3.155855,0.107865,-6.531361,0.268203,0.554863,62,16,7.353867,116.401340,1.718193,0.532640,0.137455,152.828000,0.363064,-0.460979,
fvg,out/fvg_candidates_trades.csv,SELECTION,short|R2|bos_on,460,-0.709607,2.921367,0.136209,-5.209673,0.338681,0.513636,53,14,7.340178,62.668780,3.191382,0.845716,0.223397,152.828000,0.336087,-0.464317,
gapliq,out/gapliq_candidates_trades.csv,CONTEXT,T1,284,-3.187324,15.919947,0.944675,-3.373990,2.348911,2.799050,1567,392,6.926762,41.000395,4.878002,38.219144,9.560883,152.828000,1.831504,-2.085563,
gapliq,out/gapliq_candidates_trades.csv,CONTEXT,T2,284,-2.450000,17.758930,1.053799,-2.324922,2.620244,3.122381,1950,488,6.926762,41.000395,4.878002,47.560517,11.902324,152.828000,2.043069,-1.603109,
gapliq,out/gapliq_candidates_trades.csv,CONTEXT,T3,273,-3.672527,15.472863,0.936460,-3.921712,2.328485,2.720444,1481,371,6.814511,40.061571,4.992315,36.968096,9.260745,152.828000,1.780069,-2.403046,
gapliq,out/gapliq_candidates_trades.csv,HOLDOUT,T1,158,2.201582,45.293702,3.603373,0.610978,8.959698,7.963553,12684,3171,5.979466,26.423764,7.568944,480.022457,120.005614,152.828000,5.210795,1.440562,
gapliq,out/gapliq_candidates_trades.csv,HOLDOUT,T2,158,0.116772,50.858013,4.046046,0.028861,10.060392,8.941872,15992,3998,5.979466,26.423764,7.568944,605.212799,151.303200,152.828000,5.850939,0.076408,
gapliq,out/gapliq_candidates_trades.csv,HOLDOUT,T3,154,1.892208,48.010546,3.868800,0.489094,9.619674,8.441230,14251,3563,6.080767,25.325754,7.897099,562.707823,140.686827,152.828000,5.523353,1.238129,
gapliq,out/gapliq_candidates_trades.csv,SELECTION,T1,121,-2.412397,27.726127,2.520557,-0.957089,6.267302,4.874817,4753,1189,7.148528,16.926561,11.815749,280.801285,70.244630,152.828000,3.189740,-1.578504,
gapliq,out/gapliq_candidates_trades.csv,SELECTION,T2,121,-0.901653,28.556263,2.596024,-0.347321,6.454948,5.020771,5042,1261,7.148528,16.926561,11.815749,297.875043,74.498300,152.828000,3.285243,-0.589979,
gapliq,out/gapliq_candidates_trades.csv,SELECTION,T3,132,-8.594697,34.232526,2.979559,-2.884553,7.408598,6.018774,7246,1812,7.060917,18.694455,10.698359,387.601560,96.927136,152.828000,3.938266,-5.623771,
pre_registered,out/holdout_d4_1300_call_gapgt0.3pct_s1_cash_k1.0.csv,HOLDOUT,13:00|call|gap>0.3%,452,-1.903650,25.394759,1.194469,-1.593721,2.970017,4.464915,3988,997,6.113621,73.933274,2.705142,53.940530,13.485133,152.828000,2.921529,-1.245616,
pre_registered,out/holdout_d4_1500_both_vixmove_exp_s1_cash_k1.0.csv,HOLDOUT,15:00|both|vixmove_exp,274,-0.143431,21.903887,1.323262,-0.108392,3.290258,3.851149,2967,742,6.001369,45.656250,4.380561,64.985626,16.251882,152.828000,2.519923,-0.093851,
reconcile,out/reconcile_trades_selection.csv,SELECTION,13:00|call|gap>0.3%,423,-0.137825,16.912799,0.822328,-0.167603,2.044699,2.973614,1769,443,7.334702,57.671053,3.467944,30.673968,7.681497,152.828000,1.945726,-0.090183,
reconcile,out/reconcile_trades_selection.csv,SELECTION,15:00|both|mag,371,-0.033154,16.933378,0.879137,-0.037712,2.185953,2.977232,1773,444,7.225188,51.348143,3.894980,34.528999,8.646856,152.828000,1.948093,-0.021693,
reconcile,out/reconcile_trades_selection.csv,SELECTION,15:00|both|vixmove_exp,145,3.115172,25.819734,2.144212,1.452828,5.331530,4.539634,4122,1031,5.577002,25.999632,7.692417,158.540707,39.654408,152.828000,2.970420,2.038352,
reconcile,out/reconcile_trades_selection.csv,SELECTION,15:00|both|vixmove_fixed,92,5.271739,31.091886,3.241553,1.626300,8.060040,5.466585,5977,1495,5.571526,16.512531,12.112014,361.967533,90.537303,152.828000,3.576953,3.449459,
reconcile,out/reconcile_trades_selection.csv,SELECTION,15:00|both|vixmove_lit,251,2.168127,20.477188,1.292509,1.677457,3.213790,3.600306,2593,649,7.074606,35.479005,5.637137,73.085476,18.292508,152.828000,2.355789,1.418672,
reconcile,out/reconcile_trades_selection.csv,SELECTION,15:00|put|mag,189,0.323810,17.562845,1.277509,0.253469,3.176494,3.087905,1908,477,7.225188,26.158488,7.645702,72.939995,18.234999,152.828000,2.020510,0.211878,
reconcile,out/reconcile_trades_selection.csv,SELECTION,15:00|put|vixmove_exp,58,1.739655,27.282801,3.582407,0.485611,8.907565,4.796871,4602,1151,5.577002,10.399853,19.231042,442.506266,110.674644,152.828000,3.138738,1.138309,
reconcile,out/reconcile_trades_selection.csv,SELECTION,15:00|put|vixmove_fixed,42,2.411905,30.886426,4.765879,0.506078,11.850238,5.430461,5898,1475,4.720055,8.898202,22.476451,662.830547,165.763828,152.828000,3.553316,1.578183,
reconcile,out/reconcile_trades_selection.csv,SELECTION,15:00|put|vixmove_lit,101,2.110891,21.895072,2.178641,0.968903,5.417136,3.849599,2964,741,6.918549,14.598437,13.700097,203.035436,50.758859,152.828000,2.518909,1.381220,
reconcile,out/reconcile_trades_selection.csv,SELECTION,15:30|both|mag,371,0.066846,14.258644,0.740272,0.090300,1.840667,2.506959,1257,315,7.225188,51.348143,3.894980,24.479950,6.134594,152.828000,1.640380,0.043740,
reconcile,out/reconcile_trades_selection.csv,SELECTION,15:30|both|vixmove_exp,146,2.382192,22.143004,1.832568,1.299920,4.556634,3.893190,3032,758,5.582478,26.153261,7.647230,115.932004,28.983001,152.828000,2.547433,1.558740,
reconcile,out/reconcile_trades_selection.csv,SELECTION,15:30|both|vixmove_fixed,92,3.880435,26.207701,2.732342,1.420187,6.793899,4.607846,4247,1062,5.571526,16.512531,12.112014,257.198613,64.314793,152.828000,3.015054,2.539086,
reconcile,out/reconcile_trades_selection.csv,SELECTION,15:30|both|vixmove_lit,252,1.425397,17.443970,1.098867,1.297152,2.732305,3.067005,1882,471,7.074606,35.620356,5.614767,52.834958,13.222776,152.828000,2.006834,0.932680,
reconcile,out/reconcile_trades_selection.csv,SELECTION,15:30|put|mag,182,0.770879,15.771244,1.169042,0.659411,2.906794,2.772905,1538,385,7.225188,25.189655,7.939767,61.056810,15.284052,152.828000,1.814396,0.504410,
reconcile,out/reconcile_trades_selection.csv,SELECTION,15:30|put|vixmove_exp,62,1.541935,23.684764,3.007968,0.512617,7.479237,4.164263,3469,868,5.582478,11.106179,18.007993,312.348634,78.154689,152.828000,2.724804,1.008935,
reconcile,out/reconcile_trades_selection.csv,SELECTION,15:30|put|vixmove_fixed,43,1.116279,26.353783,4.018914,0.277756,9.992929,4.633531,4294,1074,4.720055,9.110064,21.953743,471.346863,117.891600,152.828000,3.031860,0.730415,
reconcile,out/reconcile_trades_selection.csv,SELECTION,15:30|put|vixmove_lit,104,1.770192,19.101527,1.873059,0.945081,4.657314,3.358437,2256,564,6.918549,15.032054,13.304902,150.079292,37.519823,152.828000,2.197527,1.158291,
