signal,date,entry_mod,kind,strike,entry_close,entry_bar_mod,exit_close,exit_bar_mod,entry_fallback,exit_fallback,raw_pnl_dollars,pct_raw,model_pct
15:00|both|vixmove_exp,2024-08-05,902,p,526.000000,9.330000,902,9.200000,959,False,False,-0.130000,-1.393355,-11.193340
15:00|both|vixmove_exp,2024-08-06,901,c,517.000000,9.930000,903,5.410000,958,True,True,-4.520000,-45.518630,-48.616237
15:00|both|vixmove_exp,2024-08-08,901,c,519.000000,10.440000,905,11.720000,959,True,False,1.280000,12.260536,6.124314
15:00|both|vixmove_exp,2024-08-13,901,c,531.000000,10.180000,909,11.120000,959,True,False,0.940000,9.233792,4.644809
15:00|both|vixmove_exp,2024-09-09,901,c,534.000000,11.680000,938,12.030000,941,True,True,0.350000,2.996575,13.508772
15:00|both|vixmove_exp,2024-10-08,901,c,561.000000,11.590000,901,12.370000,959,False,False,0.780000,6.729940,3.833049
15:00|both|vixmove_exp,2024-10-14,901,c,572.000000,12.420000,920,12.640000,951,True,True,0.220000,1.771337,1.442110
15:00|both|vixmove_exp,2024-10-31,901,p,582.000000,11.150000,902,13.080000,959,True,False,1.930000,17.309417,19.897523
15:00|both|vixmove_exp,2024-11-05,901,c,563.000000,12.600000,914,13.090000,957,True,True,0.490000,3.888889,13.704319
15:00|both|vixmove_exp,2024-11-06,901,c,579.000000,11.630000,901,11.890000,959,False,False,0.260000,2.235598,3.559603
15:00|both|vixmove_exp,2024-12-20,901,c,581.000000,11.570000,903,9.670000,959,True,False,-1.900000,-16.421780,-14.438064
15:00|both|vixmove_exp,2025-03-05,901,c,572.000000,11.180000,917,11.470000,944,True,True,0.290000,2.593918,-3.839733
15:00|both|vixmove_exp,2025-03-06,901,p,583.000000,11.380000,901,10.540000,959,False,False,-0.840000,-7.381371,-9.723386
15:00|both|vixmove_exp,2025-03-13,901,p,565.000000,9.880000,903,13.490000,959,True,False,3.610000,36.538462,22.791519
15:00|both|vixmove_exp,2025-03-14,901,c,551.000000,10.630000,901,12.350000,959,False,False,1.720000,16.180621,8.003518
15:00|both|vixmove_exp,2025-03-17,901,c,558.000000,11.000000,905,9.040000,959,True,False,-1.960000,-17.818182,-17.504333
15:00|both|vixmove_exp,2025-03-18,901,p,572.000000,10.530000,918,11.170000,956,True,True,0.640000,6.077873,0.608167
15:00|both|vixmove_exp,2025-03-19,901,c,557.000000,11.470000,901,10.370000,953,False,True,-1.100000,-9.590235,-14.857386
15:00|both|vixmove_exp,2025-04-03,901,p,552.000000,10.230000,901,14.790000,959,False,False,4.560000,44.574780,36.322870
15:00|both|vixmove_exp,2025-04-04,901,p,518.000000,11.370000,901,12.320000,959,False,False,0.950000,8.355321,15.502392
15:00|both|vixmove_exp,2025-04-09,901,c,508.000000,23.400000,901,35.910000,959,False,False,12.510000,53.461538,114.731556
15:00|both|vixmove_exp,2025-04-10,901,p,538.000000,9.600000,902,13.070000,959,True,False,3.470000,36.145833,29.324009
15:00|both|vixmove_exp,2025-04-11,901,c,522.000000,10.720000,901,12.150000,959,False,False,1.430000,13.339552,10.803319
15:00|both|vixmove_exp,2025-04-14,901,c,530.000000,11.330000,901,8.810000,959,False,False,-2.520000,-22.241836,-20.601238
15:00|both|vixmove_exp,2025-04-16,901,p,534.000000,10.790000,901,8.410000,959,False,False,-2.380000,-22.057461,-23.919043
15:00|both|vixmove_exp,2025-04-21,901,p,520.000000,10.520000,901,5.880000,959,False,False,-4.640000,-44.106464,-43.339587
15:00|both|vixmove_exp,2025-04-22,901,c,516.000000,10.810000,902,10.910000,959,True,False,0.100000,0.925069,-0.544959
15:00|both|vixmove_exp,2025-04-23,901,c,526.000000,10.700000,901,9.800000,959,False,False,-0.900000,-8.411215,-13.901761
15:00|both|vixmove_exp,2025-04-24,901,c,535.000000,10.640000,902,11.740000,959,True,False,1.100000,10.338346,5.105634
15:00|both|vixmove_exp,2025-05-01,901,c,550.000000,11.470000,901,7.990000,959,False,False,-3.480000,-30.340017,-26.829268
15:00|both|vixmove_exp,2025-05-02,901,c,555.000000,11.720000,901,12.000000,959,False,False,0.280000,2.389078,-1.950806
15:00|both|vixmove_exp,2025-05-08,901,c,556.000000,12.330000,904,8.630000,959,True,False,-3.700000,-30.008110,-24.047417
15:00|both|vixmove_exp,2025-05-12,901,c,570.000000,11.360000,901,13.180000,959,False,False,1.820000,16.021127,12.999579
15:00|both|vixmove_exp,2025-06-16,901,c,590.000000,11.920000,910,11.900000,959,True,False,-0.020000,-0.167785,0.873362
15:00|both|vixmove_exp,2025-06-23,901,c,587.000000,12.380000,902,13.210000,959,True,False,0.830000,6.704362,8.988764
15:00|both|vixmove_exp,2025-08-04,901,c,617.000000,13.000000,901,13.960000,959,False,False,0.960000,7.384615,7.816092
15:00|both|vixmove_exp,2025-10-20,901,c,658.000000,13.940000,903,13.790000,955,True,True,-0.150000,-1.076040,-3.979740
15:00|both|vixmove_exp,2025-11-20,901,p,671.000000,14.500000,904,18.550000,959,True,False,4.050000,27.931034,38.863976
15:00|both|vixmove_exp,2025-11-21,901,c,649.000000,12.750000,921,9.470000,959,True,False,-3.280000,-25.725490,-19.924812
15:00|both|vixmove_exp,2025-11-24,901,c,655.000000,14.200000,905,14.000000,957,True,True,-0.200000,-1.408451,2.143385
15:00|both|vixmove_exp,2025-11-25,901,c,661.000000,13.490000,921,14.290000,958,True,True,0.800000,5.930319,4.996379
15:00|both|vixmove_exp,2026-01-21,901,c,674.000000,13.230000,908,11.120000,958,True,True,-2.110000,-15.948602,-19.801980
15:00|both|vixmove_exp,2026-02-06,901,c,676.000000,13.500000,905,15.410000,959,True,False,1.910000,14.148148,9.733237
15:00|both|vixmove_exp,2026-03-03,901,p,695.000000,13.780000,935,15.520000,953,True,True,1.740000,12.626996,3.957597
15:00|both|vixmove_exp,2026-03-04,901,c,673.000000,13.530000,907,13.530000,945,True,True,0.000000,0.000000,-11.368421
15:00|both|vixmove_exp,2026-03-05,901,p,691.000000,14.430000,904,9.520000,959,True,False,-4.910000,-34.026334,-31.317108
15:00|both|vixmove_exp,2026-03-06,901,p,689.000000,13.670000,901,16.410000,959,False,False,2.740000,20.043892,19.956537
15:00|both|vixmove_exp,2026-03-12,901,p,681.000000,13.420000,906,14.700000,959,True,False,1.280000,9.538003,11.552347
15:00|both|vixmove_exp,2026-03-16,901,c,656.000000,13.380000,929,12.790000,953,True,True,-0.590000,-4.409567,-6.556196
15:00|both|vixmove_exp,2026-03-18,901,p,677.000000,12.850000,908,15.350000,959,True,False,2.500000,19.455253,15.373134
15:00|both|vixmove_exp,2026-03-20,901,p,661.000000,12.520000,901,12.690000,959,False,False,0.170000,1.357827,-0.988593
15:00|both|vixmove_exp,2026-03-23,901,c,645.000000,13.540000,901,10.820000,959,False,False,-2.720000,-20.088626,-24.278934
15:00|both|vixmove_exp,2026-03-26,901,p,660.000000,12.760000,901,14.710000,959,False,False,1.950000,15.282132,16.282584
15:00|both|vixmove_exp,2026-03-27,901,p,648.000000,12.650000,901,13.240000,959,False,False,0.590000,4.664032,9.503976
15:00|both|vixmove_exp,2026-03-31,901,c,636.000000,13.050000,901,14.510000,959,False,False,1.460000,11.187739,8.296296
15:00|both|vixmove_exp,2026-04-07,901,p,667.000000,13.240000,906,9.000000,954,True,True,-4.240000,-32.024169,-41.203178
15:00|both|vixmove_exp,2026-04-08,901,c,659.000000,14.550000,902,16.420000,958,True,True,1.870000,12.852234,22.302158
15:00|both|vixmove_exp,2026-06-11,901,c,722.000000,13.400000,906,15.420000,951,True,True,2.020000,15.074627,9.256757
15:00|both|vixmove_exp,2026-07-30,901,c,726.000000,15.150000,904,16.080000,959,True,False,0.930000,6.138614,3.853821
13:00|call|gap>0.3%,2024-02-01,781,c,478.000000,9.160000,782,10.340000,950,True,True,1.180000,12.882096,18.984772
13:00|call|gap>0.3%,2024-02-07,781,c,487.000000,10.990000,781,10.700000,954,False,True,-0.290000,-2.638763,6.467181
13:00|call|gap>0.3%,2024-02-14,781,c,486.000000,10.860000,829,11.630000,935,True,True,0.770000,7.090239,23.725490
13:00|call|gap>0.3%,2024-02-22,781,c,496.000000,10.530000,784,11.570000,959,True,False,1.040000,9.876543,10.278578
13:00|call|gap>0.3%,2024-02-23,781,c,498.000000,10.400000,784,10.230000,959,True,False,-0.170000,-1.634615,-7.051585
13:00|call|gap>0.3%,2024-02-29,781,c,497.000000,10.700000,870,12.640000,957,True,True,1.940000,18.130841,6.954436
13:00|call|gap>0.3%,2024-03-06,781,c,501.000000,8.010000,902,8.710000,952,True,True,0.700000,8.739076,-15.242718
13:00|call|gap>0.3%,2024-03-07,781,c,504.000000,10.590000,781,11.000000,957,False,True,0.410000,3.871577,4.856200
13:00|call|gap>0.3%,2024-03-12,781,c,504.000000,9.850000,788,13.070000,956,True,True,3.220000,32.690355,19.234360
13:00|call|gap>0.3%,2024-03-18,781,c,503.000000,10.810000,881,10.900000,930,True,True,0.090000,0.832562,-6.603774
13:00|call|gap>0.3%,2024-03-21,781,c,513.000000,10.500000,787,9.260000,959,True,False,-1.240000,-11.809524,-14.218233
13:00|call|gap>0.3%,2024-03-27,781,c,510.000000,10.340000,781,13.100000,959,False,False,2.760000,26.692456,25.508318
13:00|call|gap>0.3%,2024-04-04,781,c,513.000000,9.650000,823,0.200000,959,True,False,-9.450000,-97.927461,-94.293603
13:00|call|gap>0.3%,2024-04-09,781,c,507.000000,9.730000,831,10.900000,947,True,True,1.170000,12.024666,22.636103
13:00|call|gap>0.3%,2024-04-15,781,c,500.000000,10.010000,784,4.560000,959,True,False,-5.450000,-54.445554,-48.459384
13:00|call|gap>0.3%,2024-04-17,781,c,491.000000,10.680000,877,12.350000,887,True,True,1.670000,15.636704,3.645312
13:00|call|gap>0.3%,2024-04-22,781,c,488.000000,10.270000,781,12.510000,930,False,True,2.240000,21.811100,11.821697
13:00|call|gap>0.3%,2024-04-23,781,c,495.000000,10.070000,791,10.080000,958,True,True,0.010000,0.099305,3.773585
13:00|call|gap>0.3%,2024-04-26,781,c,499.000000,10.490000,782,9.410000,957,True,True,-1.080000,-10.295520,-13.131790
13:00|call|gap>0.3%,2024-04-29,781,c,500.000000,9.710000,792,9.770000,957,True,True,0.060000,0.617920,1.003344
13:00|call|gap>0.3%,2024-05-02,781,c,492.000000,11.500000,796,13.200000,930,True,True,1.700000,14.782609,24.748684
13:00|call|gap>0.3%,2024-05-03,781,c,500.000000,10.700000,781,11.350000,959,False,False,0.650000,6.074766,4.602510
13:00|call|gap>0.3%,2024-05-06,781,c,504.000000,10.470000,794,12.150000,956,True,True,1.680000,16.045845,16.651163
13:00|call|gap>0.3%,2024-05-10,781,c,510.000000,10.240000,789,11.050000,959,True,False,0.810000,7.910156,1.407129
13:00|call|gap>0.3%,2024-05-13,781,c,511.000000,9.550000,785,9.950000,959,True,False,0.400000,4.188482,-0.572246
13:00|call|gap>0.3%,2024-05-15,781,c,518.000000,10.930000,795,11.790000,958,True,True,0.860000,7.868253,11.006585
13:00|call|gap>0.3%,2024-05-23,781,c,519.000000,10.620000,782,6.400000,942,True,True,-4.220000,-39.736347,-34.892423
13:00|call|gap>0.3%,2024-05-24,782,c,519.000000,10.550000,803,10.100000,956,True,True,-0.450000,-4.265403,-0.454133
13:00|call|gap>0.3%,2024-06-03,782,c,513.000000,10.650000,796,12.910000,902,True,True,2.260000,21.220657,39.537081
13:00|call|gap>0.3%,2024-06-05,781,c,522.000000,10.710000,782,12.000000,939,True,True,1.290000,12.044818,18.308592
13:00|call|gap>0.3%,2024-06-12,781,c,532.000000,10.920000,795,9.380000,959,True,False,-1.540000,-14.102564,-15.018315
13:00|call|gap>0.3%,2024-06-13,781,c,530.000000,11.250000,782,13.060000,957,True,True,1.810000,16.088889,12.579763
13:00|call|gap>0.3%,2024-07-15,781,c,551.000000,10.880000,799,9.910000,957,True,True,-0.970000,-8.915441,-4.671280
13:00|call|gap>0.3%,2024-07-22,781,c,543.000000,10.700000,782,11.960000,952,True,True,1.260000,11.775701,8.579088
13:00|call|gap>0.3%,2024-07-26,781,c,536.000000,10.340000,788,7.000000,955,True,True,-3.340000,-32.301741,-21.552111
13:00|call|gap>0.3%,2024-07-31,781,c,539.000000,11.740000,789,12.350000,956,True,True,0.610000,5.195911,-1.044388
13:00|call|gap>0.3%,2024-08-01,781,c,537.000000,6.720000,782,6.000000,958,True,True,-0.720000,-10.714286,-5.985916
13:00|call|gap>0.3%,2024-08-06,781,c,517.000000,10.900000,783,5.410000,958,True,True,-5.490000,-50.366972,-49.633790
13:00|call|gap>0.3%,2024-08-07,781,c,515.000000,10.300000,781,3.250000,957,False,True,-7.050000,-68.446602,-61.857243
13:00|call|gap>0.3%,2024-08-08,781,c,517.000000,11.200000,781,12.700000,958,False,True,1.500000,13.392857,22.604490
13:00|call|gap>0.3%,2024-08-13,781,c,530.000000,10.840000,783,11.900000,958,True,True,1.060000,9.778598,9.397690
13:00|call|gap>0.3%,2024-08-15,781,c,541.000000,10.550000,790,11.600000,959,True,False,1.050000,9.952607,11.538461
13:00|call|gap>0.3%,2024-08-22,781,c,547.000000,10.420000,781,8.440000,955,False,True,-1.980000,-19.001919,-10.782609
13:00|call|gap>0.3%,2024-08-23,781,c,548.000000,11.680000,801,13.500000,949,True,True,1.820000,15.582192,25.559379
13:00|call|gap>0.3%,2024-08-29,781,c,552.000000,10.700000,788,6.630000,946,True,True,-4.070000,-38.037383,-40.315513
13:00|call|gap>0.3%,2024-08-30,781,c,548.000000,11.330000,786,15.750000,955,True,True,4.420000,39.011474,37.233134
13:00|call|gap>0.3%,2024-09-09,781,c,537.000000,9.370000,831,8.870000,932,True,True,-0.500000,-5.336179,-10.571695
13:00|call|gap>0.3%,2024-09-17,781,c,551.000000,11.100000,782,11.920000,956,True,True,0.820000,7.387387,8.212146
13:00|call|gap>0.3%,2024-09-19,781,c,560.000000,11.520000,782,11.110000,959,True,False,-0.410000,-3.559028,-4.807283
13:00|call|gap>0.3%,2024-09-26,781,c,560.000000,10.000000,799,11.960000,955,True,True,1.960000,19.600000,8.568980
13:00|call|gap>0.3%,2024-10-04,781,c,560.000000,11.190000,805,12.870000,959,True,False,1.680000,15.013405,16.219618
13:00|call|gap>0.3%,2024-10-08,781,c,560.000000,11.190000,812,13.390000,950,True,True,2.200000,19.660411,11.307601
13:00|call|gap>0.3%,2024-10-17,781,c,573.000000,11.570000,823,9.440000,950,True,True,-2.130000,-18.409680,-18.302849
13:00|call|gap>0.3%,2024-10-18,781,c,573.000000,11.980000,794,11.490000,959,True,False,-0.490000,-4.090150,-2.561966
13:00|call|gap>0.3%,2024-10-24,781,c,567.000000,12.250000,784,12.460000,956,True,True,0.210000,1.714286,2.816292
13:00|call|gap>0.3%,2024-10-25,781,c,570.000000,11.900000,788,9.200000,959,True,False,-2.700000,-22.689076,-24.665562
13:00|call|gap>0.3%,2024-10-28,781,c,569.000000,12.630000,937,12.370000,949,True,True,-0.260000,-2.058591,-2.967888
13:00|call|gap>0.3%,2024-11-01,781,c,562.000000,10.720000,787,9.800000,929,True,True,-0.920000,-8.582090,-17.916250
13:00|call|gap>0.3%,2024-11-06,781,c,577.000000,12.500000,782,14.280000,958,True,True,1.780000,14.240000,14.367287
13:00|call|gap>0.3%,2024-11-07,781,c,583.000000,12.020000,788,12.540000,959,True,False,0.520000,4.326123,2.450783
13:00|call|gap>0.3%,2024-11-21,781,c,582.000000,12.640000,813,12.100000,952,True,True,-0.540000,-4.272152,-1.657236
13:00|call|gap>0.3%,2024-11-25,781,c,585.000000,12.490000,832,12.440000,954,True,True,-0.050000,-0.400320,6.388206
13:00|call|gap>0.3%,2024-12-04,781,c,594.000000,10.930000,811,12.420000,856,True,True,1.490000,13.632205,10.105093
13:00|call|gap>0.3%,2024-12-11,781,c,596.000000,12.100000,791,11.590000,955,True,True,-0.510000,-4.214876,-5.704971
13:00|call|gap>0.3%,2024-12-13,781,c,591.000000,12.140000,785,13.680000,949,True,True,1.540000,12.685338,9.685134
13:00|call|gap>0.3%,2024-12-19,781,c,576.000000,13.660000,808,11.710000,910,True,True,-1.950000,-14.275256,-17.795581
13:00|call|gap>0.3%,2025-01-03,781,c,579.000000,11.560000,785,12.900000,928,True,True,1.340000,11.591696,11.166249
13:00|call|gap>0.3%,2025-01-06,781,c,586.000000,11.210000,798,9.100000,959,True,False,-2.110000,-18.822480,-17.676349
13:00|call|gap>0.3%,2025-01-07,781,c,580.000000,11.880000,815,8.760000,955,True,True,-3.120000,-26.262626,-20.082136
13:00|call|gap>0.3%,2025-01-14,781,c,569.000000,12.000000,796,11.440000,930,True,True,-0.560000,-4.666667,15.319845
13:00|call|gap>0.3%,2025-01-15,781,c,580.000000,11.640000,783,12.840000,959,True,False,1.200000,10.309278,10.785939
13:00|call|gap>0.3%,2025-01-17,781,c,587.000000,12.050000,786,10.570000,959,True,False,-1.480000,-12.282158,-8.986928
13:00|call|gap>0.3%,2025-01-22,781,c,595.000000,12.270000,782,11.540000,955,True,True,-0.730000,-5.949470,-8.518369
13:00|call|gap>0.3%,2025-01-30,781,c,591.000000,12.600000,786,15.100000,935,True,True,2.500000,19.841270,10.416666
13:00|call|gap>0.3%,2025-01-31,781,c,597.000000,11.970000,782,4.910000,955,True,True,-7.060000,-58.980785,-57.669203
13:00|call|gap>0.3%,2025-02-06,784,c,594.000000,11.700000,793,10.940000,930,True,True,-0.760000,-6.495726,2.907916
13:00|call|gap>0.3%,2025-02-10,781,c,592.000000,12.930000,845,13.180000,915,True,True,0.250000,1.933488,1.662708
13:00|call|gap>0.3%,2025-02-27,781,c,582.000000,11.720000,785,4.730000,930,True,True,-6.990000,-59.641638,-74.812973
13:00|call|gap>0.3%,2025-03-03,781,c,580.000000,11.670000,781,3.870000,959,False,False,-7.800000,-66.838046,-63.396548
13:00|call|gap>0.3%,2025-03-12,781,c,548.000000,11.550000,786,10.580000,936,True,True,-0.970000,-8.398268,-4.676181
13:00|call|gap>0.3%,2025-03-14,781,c,551.000000,11.630000,782,12.350000,959,True,False,0.720000,6.190886,4.420413
13:00|call|gap>0.3%,2025-03-19,781,c,554.000000,10.470000,786,12.870000,959,True,False,2.400000,22.922636,15.829896
13:00|call|gap>0.3%,2025-03-24,781,c,562.000000,11.140000,782,12.520000,959,True,False,1.380000,12.387792,8.398238
13:00|call|gap>0.3%,2025-04-08,781,c,507.000000,3.820000,781,0.010000,959,False,False,-3.810000,-99.738220,-99.035535
13:00|call|gap>0.3%,2025-04-14,781,c,528.000000,8.600000,783,11.000000,955,True,True,2.400000,27.906977,18.229126
13:00|call|gap>0.3%,2025-04-17,781,c,520.000000,10.340000,781,6.300000,959,False,False,-4.040000,-39.071567,-36.758483
13:00|call|gap>0.3%,2025-04-22,781,c,517.000000,11.020000,782,10.390000,957,True,True,-0.630000,-5.716878,-8.607865
13:00|call|gap>0.3%,2025-04-23,781,c,527.000000,11.970000,792,9.590000,959,True,False,-2.380000,-19.883041,-23.617902
13:00|call|gap>0.3%,2025-05-01,781,c,549.000000,12.450000,788,10.020000,956,True,True,-2.430000,-19.518072,-14.582876
13:00|call|gap>0.3%,2025-05-02,781,c,556.000000,11.630000,783,10.510000,958,True,True,-1.120000,-9.630267,-7.774912
13:00|call|gap>0.3%,2025-05-08,781,c,558.000000,11.760000,788,6.970000,959,True,False,-4.790000,-40.731293,-41.527210
13:00|call|gap>0.3%,2025-05-12,781,c,570.000000,11.150000,781,13.180000,959,False,False,2.030000,18.206278,14.982464
13:00|call|gap>0.3%,2025-05-29,781,c,578.000000,12.350000,782,12.170000,948,True,True,-0.180000,-1.457490,-1.807741
13:00|call|gap>0.3%,2025-06-06,781,c,586.000000,11.610000,795,13.480000,958,True,True,1.870000,16.106804,9.197725
13:00|call|gap>0.3%,2025-06-16,781,c,591.000000,11.770000,790,11.310000,957,True,True,-0.460000,-3.908241,-0.367461
13:00|call|gap>0.3%,2025-06-24,781,c,595.000000,11.840000,781,12.010000,959,False,False,0.170000,1.435811,-0.325513
13:00|call|gap>0.3%,2025-06-30,781,c,604.000000,12.630000,782,14.580000,959,True,False,1.950000,15.439430,8.046875
13:00|call|gap>0.3%,2025-07-09,781,c,609.000000,13.250000,827,14.180000,908,True,True,0.930000,7.018868,15.832049
13:00|call|gap>0.3%,2025-07-15,781,c,611.000000,12.930000,811,11.520000,959,True,False,-1.410000,-10.904872,-11.260905
13:00|call|gap>0.3%,2025-07-23,781,c,619.000000,13.500000,835,14.290000,947,True,True,0.790000,5.851852,17.747572
13:00|call|gap>0.3%,2025-07-31,781,c,625.000000,12.290000,783,5.930000,955,True,True,-6.360000,-51.749390,-43.640518
13:00|call|gap>0.3%,2025-08-04,781,c,618.000000,12.290000,787,12.770000,956,True,True,0.480000,3.905614,6.098433
13:00|call|gap>0.3%,2025-08-07,781,c,619.000000,12.740000,781,12.290000,945,False,True,-0.450000,-3.532182,4.456606
13:00|call|gap>0.3%,2025-08-12,781,c,629.000000,13.180000,841,13.750000,959,True,False,0.570000,4.324734,7.370820
13:00|call|gap>0.3%,2025-08-13,781,c,630.000000,12.870000,791,14.920000,956,True,True,2.050000,15.928516,12.688822
13:00|call|gap>0.3%,2025-08-22,781,c,632.000000,13.230000,781,12.810000,944,False,True,-0.420000,-3.174603,1.680672
13:00|call|gap>0.3%,2025-09-03,781,c,629.000000,13.330000,790,14.100000,959,True,False,0.770000,5.776444,12.087489
13:00|call|gap>0.3%,2025-09-05,781,c,633.000000,13.020000,783,13.800000,948,True,True,0.780000,5.990783,7.159005
13:00|call|gap>0.3%,2025-09-10,781,c,640.000000,13.220000,788,12.360000,955,True,True,-0.860000,-6.505295,-5.263158
13:00|call|gap>0.3%,2025-09-11,781,c,644.000000,13.030000,785,13.980000,958,True,True,0.950000,7.290867,3.308824
13:00|call|gap>0.3%,2025-09-15,781,c,647.000000,13.240000,790,12.950000,951,True,True,-0.290000,-2.190332,5.514706
13:00|call|gap>0.3%,2025-09-18,781,c,651.000000,12.900000,786,11.550000,956,True,True,-1.350000,-10.465116,-13.877701
13:00|call|gap>0.3%,2025-09-29,781,c,650.000000,13.550000,860,13.440000,952,True,True,-0.110000,-0.811808,4.659763
13:00|call|gap>0.3%,2025-10-06,781,c,658.000000,14.110000,829,13.780000,948,True,True,-0.330000,-2.338767,-0.366704
13:00|call|gap>0.3%,2025-10-13,781,c,651.000000,12.150000,798,12.520000,953,True,True,0.370000,3.045267,-8.817274
13:00|call|gap>0.3%,2025-10-15,781,c,650.000000,12.890000,781,13.530000,954,False,True,0.640000,4.965089,16.008797
13:00|call|gap>0.3%,2025-10-20,781,c,658.000000,13.640000,808,13.790000,955,True,True,0.150000,1.099707,0.145361
13:00|call|gap>0.3%,2025-10-24,781,c,664.000000,13.970000,784,12.920000,959,True,False,-1.050000,-7.516106,-6.761567
13:00|call|gap>0.3%,2025-10-27,781,c,670.000000,13.730000,785,15.420000,954,True,True,1.690000,12.308813,10.493827
13:00|call|gap>0.3%,2025-10-31,781,c,667.000000,13.250000,784,15.430000,959,True,False,2.180000,16.452830,9.907997
13:00|call|gap>0.3%,2025-11-03,781,c,670.000000,13.810000,783,13.060000,946,True,True,-0.750000,-5.430847,-3.535356
13:00|call|gap>0.3%,2025-11-10,781,c,666.000000,13.700000,782,15.510000,959,True,False,1.810000,13.211679,11.997048
13:00|call|gap>0.3%,2025-11-20,781,c,653.000000,5.590000,781,0.320000,959,False,False,-5.270000,-94.275492,-40.317217
13:00|call|gap>0.3%,2025-11-21,781,c,647.000000,12.750000,784,12.140000,959,True,False,-0.610000,-4.784314,-6.161804
13:00|call|gap>0.3%,2025-11-24,781,c,656.000000,13.300000,797,13.050000,958,True,True,-0.250000,-1.879699,-3.128012
13:00|call|gap>0.3%,2025-11-26,781,c,668.000000,13.480000,783,12.060000,959,True,False,-1.420000,-10.534125,-11.901316
13:00|call|gap>0.3%,2025-12-18,781,c,665.000000,14.050000,810,11.840000,959,True,False,-2.210000,-15.729537,-13.685347
13:00|call|gap>0.3%,2025-12-19,781,c,667.000000,13.800000,805,13.610000,959,True,False,-0.190000,-1.376812,-0.319944
13:00|call|gap>0.3%,2025-12-22,781,c,671.000000,13.530000,805,13.880000,950,True,True,0.350000,2.586844,-3.382664
13:00|call|gap>0.3%,2026-01-02,781,c,668.000000,13.010000,844,14.550000,954,True,True,1.540000,11.837048,13.884892
13:00|call|gap>0.3%,2026-01-05,781,c,675.000000,13.680000,785,13.000000,947,True,True,-0.680000,-4.970760,-6.136928
13:00|call|gap>0.3%,2026-01-15,781,c,680.000000,14.520000,786,11.640000,945,True,True,-2.880000,-19.834711,-13.525027
13:00|call|gap>0.3%,2026-01-22,781,c,677.000000,13.630000,795,11.750000,958,True,True,-1.880000,-13.793103,-14.662862
13:00|call|gap>0.3%,2026-02-06,781,c,675.000000,14.420000,782,15.680000,959,True,False,1.260000,8.737864,10.626098
13:00|call|gap>0.3%,2026-02-11,781,c,679.000000,13.290000,788,13.620000,947,True,True,0.330000,2.483070,-7.569446
13:00|call|gap>0.3%,2026-02-12,781,c,674.000000,9.180000,782,8.000000,946,True,True,-1.180000,-12.854031,-12.175795
13:00|call|gap>0.3%,2026-02-25,781,c,679.000000,13.570000,783,14.230000,947,True,True,0.660000,4.863670,2.744520
13:00|call|gap>0.3%,2026-03-13,781,c,650.000000,13.430000,781,12.290000,959,False,False,-1.140000,-8.488459,-8.455543
13:00|call|gap>0.3%,2026-03-16,781,c,656.000000,13.180000,785,12.790000,953,True,True,-0.390000,-2.959029,-3.933815
13:00|call|gap>0.3%,2026-03-17,781,c,658.000000,13.110000,781,13.090000,946,False,True,-0.020000,-0.152555,-3.986274
13:00|call|gap>0.3%,2026-03-23,781,c,643.000000,13.180000,790,12.620000,959,True,False,-0.560000,-4.248862,-3.817291
13:00|call|gap>0.3%,2026-03-25,781,c,645.000000,12.570000,784,11.430000,959,True,False,-1.140000,-9.069212,-8.183396
13:00|call|gap>0.3%,2026-03-30,781,c,623.000000,12.610000,786,9.400000,957,True,True,-3.210000,-25.455987,-27.624472
13:00|call|gap>0.3%,2026-03-31,781,c,634.000000,14.060000,783,16.490000,959,True,False,2.430000,17.283073,21.719787
13:00|call|gap>0.3%,2026-04-01,781,c,645.000000,13.380000,786,10.440000,959,True,False,-2.940000,-21.973094,-19.942339
13:00|call|gap>0.3%,2026-04-08,781,c,663.000000,13.300000,781,12.670000,959,False,False,-0.630000,-4.736842,-1.678870
13:00|call|gap>0.3%,2026-04-17,781,c,698.000000,14.060000,786,12.130000,958,True,True,-1.930000,-13.726885,-13.019394
13:00|call|gap>0.3%,2026-04-22,781,c,695.000000,15.130000,792,16.230000,958,True,True,1.100000,7.270324,14.071015
13:00|call|gap>0.3%,2026-04-24,781,c,699.000000,14.380000,792,14.850000,959,True,False,0.470000,3.268428,1.422748
13:00|call|gap>0.3%,2026-04-30,781,c,701.000000,14.400000,791,18.290000,951,True,True,3.890000,27.013889,24.721427
13:00|call|gap>0.3%,2026-05-01,781,c,708.000000,14.240000,787,13.980000,947,True,True,-0.260000,-1.825843,-11.572499
13:00|call|gap>0.3%,2026-05-05,781,c,709.000000,14.230000,789,15.100000,950,True,True,0.870000,6.113844,1.584013
13:00|call|gap>0.3%,2026-05-06,781,c,716.000000,15.550000,793,18.570000,955,True,True,3.020000,19.421222,20.067565
13:00|call|gap>0.3%,2026-05-08,781,c,722.000000,15.440000,820,15.280000,959,True,False,-0.160000,-1.036269,3.187250
13:00|call|gap>0.3%,2026-05-22,781,c,733.000000,14.650000,789,12.540000,943,True,True,-2.110000,-14.402730,-12.896826
13:00|call|gap>0.3%,2026-06-08,781,c,727.000000,13.770000,783,12.970000,932,True,True,-0.800000,-5.809731,-15.213238
13:00|call|gap>0.3%,2026-06-09,781,c,722.000000,5.580000,781,15.060000,959,False,False,9.480000,169.892473,66.910769
13:00|call|gap>0.3%,2026-06-11,781,c,712.000000,13.670000,783,22.570000,862,True,True,8.900000,65.106072,72.745044
13:00|call|gap>0.3%,2026-06-12,781,c,727.000000,15.610000,788,14.650000,956,True,True,-0.960000,-6.149904,-0.393981
13:00|call|gap>0.3%,2026-06-15,781,c,741.000000,14.950000,782,13.520000,959,True,False,-1.430000,-9.565217,-7.045013
13:00|call|gap>0.3%,2026-06-18,781,c,732.000000,15.500000,785,15.940000,958,True,True,0.440000,2.838710,1.194416
13:00|call|gap>0.3%,2026-06-25,781,c,718.000000,14.610000,784,14.490000,922,True,True,-0.120000,-0.821355,2.610432
13:00|call|gap>0.3%,2026-06-29,781,c,724.000000,15.940000,796,16.790000,959,True,False,0.850000,5.332497,13.002671
13:00|call|gap>0.3%,2026-07-20,781,c,730.000000,14.270000,796,11.820000,955,True,True,-2.450000,-17.168886,-19.642867
13:00|call|gap>0.3%,2026-07-27,781,c,723.000000,15.310000,892,15.460000,905,True,True,0.150000,0.979752,11.515544
13:00|call|gap>0.3%,2026-07-30,781,c,725.000000,14.850000,782,17.060000,959,True,False,2.210000,14.882155,11.887580
13:00|call|gap>0.3%,2026-07-31,781,c,730.000000,15.200000,783,17.480000,959,True,False,2.280000,15.000000,12.345678
13:00|call|gap>0.3%,2026-08-03,781,c,741.000000,15.770000,800,16.760000,959,True,False,0.990000,6.277743,9.961686
13:00|call|gap>0.3%,2026-08-04,781,c,755.000000,16.240000,785,16.210000,959,True,False,-0.030000,-0.184729,3.203075
13:00|call|gap>0.3%,2026-08-05,781,c,756.000000,15.450000,787,15.530000,950,True,True,0.080000,0.517799,-13.433773
13:00|call|gap>0.3%,2026-08-07,781,c,756.000000,16.110000,784,16.800000,952,True,True,0.690000,4.283054,7.241379
13:00|call|gap>0.3%,2026-08-12,781,c,758.000000,14.970000,781,14.760000,947,False,True,-0.210000,-1.402806,-3.123994
13:00|call|gap>0.3%,2026-08-19,781,c,755.000000,14.900000,783,14.980000,930,True,True,0.080000,0.536913,-5.688429
13:00|call|gap>0.3%,2026-08-21,781,c,751.000000,15.290000,784,15.520000,945,True,True,0.230000,1.504251,-4.965920
13:00|call|gap>0.3%,2026-08-25,781,c,750.000000,15.600000,782,15.080000,925,True,True,-0.520000,-3.333333,0.126823
13:00|call|gap>0.3%,2026-08-27,781,c,757.000000,14.670000,824,13.850000,952,True,True,-0.820000,-5.589639,-5.897436
13:00|call|gap>0.3%,2026-09-03,781,c,757.000000,15.430000,791,16.370000,936,True,True,0.940000,6.092029,2.658228
13:00|call|gap>0.3%,2026-09-11,781,c,750.000000,15.710000,790,14.620000,956,True,True,-1.090000,-6.938256,-10.364503
T1,2024-02-13,600,c,484.000000,9.990000,621,9.010000,948,True,True,-0.980000,-9.809810,2.995148
T1,2024-04-02,600,c,506.000000,11.320000,622,12.750000,940,True,True,1.430000,12.632509,12.582756
T1,2024-04-10,600,c,503.000000,11.700000,609,11.980000,957,True,True,0.280000,2.393162,5.067923
T1,2024-04-12,600,c,505.000000,10.060000,601,5.430000,956,True,True,-4.630000,-46.023857,-39.811394
T1,2024-04-25,600,c,488.000000,10.000000,600,15.040000,952,False,True,5.040000,50.400000,52.738971
T1,2024-05-29,600,c,516.000000,10.510000,616,10.850000,930,True,True,0.340000,3.235014,-1.984315
T1,2024-07-24,600,c,535.000000,9.840000,679,6.080000,958,True,True,-3.760000,-38.211382,-48.512238
T1,2024-08-02,600,c,524.000000,7.220000,614,7.860000,919,True,True,0.640000,8.864266,-13.897935
T1,2024-08-05,600,c,509.000000,10.580000,600,8.300000,958,False,True,-2.280000,-21.550095,-21.684599
T1,2024-10-31,600,c,562.000000,11.630000,600,7.940000,958,False,True,-3.690000,-31.728289,-44.030330
T1,2024-12-30,600,c,573.000000,15.190000,670,14.780000,709,True,True,-0.410000,-2.699144,28.582786
T1,2025-01-13,600,c,566.000000,12.840000,645,15.500000,959,True,False,2.660000,20.716511,31.805630
T1,2025-01-27,600,c,587.000000,9.300000,779,9.750000,897,True,True,0.450000,4.838710,7.890178
T1,2025-02-03,600,c,580.000000,11.650000,603,19.960000,887,True,True,8.310000,71.330472,48.691878
T1,2025-02-12,600,c,589.000000,11.590000,617,14.100000,808,True,True,2.510000,21.656601,18.524001
T1,2025-03-04,600,c,563.000000,12.700000,604,13.510000,954,True,True,0.810000,6.377953,13.148152
T1,2025-03-06,600,c,564.000000,12.720000,604,8.700000,953,True,True,-4.020000,-31.603774,-22.653248
T1,2025-03-20,600,c,556.000000,11.520000,600,9.730000,952,False,True,-1.790000,-15.538194,-16.761367
T1,2025-03-21,600,c,548.000000,11.060000,603,12.000000,687,True,True,0.940000,8.499096,39.504543
T1,2025-03-31,600,c,539.000000,12.250000,602,19.390000,952,True,True,7.140000,58.285714,75.222821
T1,2025-04-02,600,c,548.000000,11.150000,600,17.510000,954,False,True,6.360000,57.040359,47.444223
T1,2025-04-03,600,c,534.000000,9.980000,608,3.030000,959,True,False,-6.950000,-69.639279,-65.744207
T1,2025-04-04,600,c,512.000000,11.350000,604,0.010000,959,True,False,-11.340000,-99.911894,-100.000000
T1,2025-04-07,600,c,487.000000,12.950000,600,17.300000,959,False,False,4.350000,33.590734,66.622569
T1,2025-04-10,600,c,518.000000,12.770000,600,8.170000,957,False,True,-4.600000,-36.021926,-35.700353
T1,2025-04-16,600,c,520.000000,10.530000,600,5.790000,959,False,False,-4.740000,-45.014245,-42.089047
T1,2025-04-21,600,c,507.000000,9.950000,603,7.030000,956,True,True,-2.920000,-29.346734,-28.898971
T1,2025-04-30,600,c,532.000000,11.630000,601,23.640000,955,True,True,12.010000,103.267412,99.289828
T1,2025-05-05,600,c,553.000000,10.920000,600,10.270000,956,False,True,-0.650000,-5.952381,-2.645188
T1,2025-05-06,600,c,546.000000,14.410000,624,14.510000,927,True,True,0.100000,0.693963,12.082737
T1,2025-05-19,600,c,579.000000,12.350000,600,15.530000,959,False,False,3.180000,25.748988,30.913090
T1,2025-05-21,600,c,578.000000,12.470000,601,5.800000,955,True,True,-6.670000,-53.488372,-58.285910
T1,2025-05-23,600,c,565.000000,12.200000,602,14.110000,959,True,False,1.910000,15.655738,18.418702
T1,2025-06-13,600,c,587.000000,10.950000,610,9.580000,950,True,True,-1.370000,-12.511416,-14.550273
T1,2025-08-01,600,c,608.000000,12.950000,600,13.870000,959,False,False,0.920000,7.104247,10.816220
T1,2025-10-14,600,c,644.000000,12.840000,600,18.350000,937,False,True,5.510000,42.912773,41.429995
T1,2025-11-04,600,c,665.000000,13.790000,600,11.340000,945,False,True,-2.450000,-17.766497,-24.745900
T1,2025-11-14,600,c,655.000000,12.950000,601,16.760000,956,True,True,3.810000,29.420849,27.248589
T1,2026-02-05,600,c,666.000000,13.500000,602,11.530000,959,True,False,-1.970000,-14.592593,-16.562042
T1,2026-02-27,600,c,669.000000,14.300000,600,16.170000,944,False,True,1.870000,13.076923,21.352958
T1,2026-03-02,600,c,668.000000,14.580000,600,18.370000,959,False,False,3.790000,25.994513,30.592344
T1,2026-03-03,600,c,659.000000,11.650000,624,20.410000,951,True,True,8.760000,75.193133,52.583651
T1,2026-03-06,600,c,659.000000,12.170000,610,13.490000,955,True,True,1.320000,10.846343,-0.130757
T1,2026-03-09,600,c,651.000000,14.410000,603,27.000000,937,True,True,12.590000,87.369882,100.944463
T1,2026-03-12,600,c,656.000000,13.320000,600,10.510000,950,False,True,-2.810000,-21.096096,-27.852144
T1,2026-03-19,600,c,646.000000,12.250000,610,14.130000,946,True,True,1.880000,15.346939,5.019512
T1,2026-03-26,600,c,641.000000,13.530000,617,4.250000,958,True,True,-9.280000,-68.588322,-69.363932
T1,2026-04-02,600,c,637.000000,12.760000,600,18.760000,959,False,False,6.000000,47.021944,45.606060
T1,2026-05-15,600,c,724.000000,15.700000,603,14.910000,956,True,True,-0.790000,-5.031847,-1.243985
T1,2026-06-23,600,c,723.000000,14.270000,600,11.530000,945,False,True,-2.740000,-19.201121,-26.261164
T1,2026-07-17,600,c,731.000000,14.310000,604,12.340000,943,True,True,-1.970000,-13.766597,-15.140474
T1,2026-07-23,600,c,725.000000,15.610000,607,11.930000,940,True,True,-3.680000,-23.574632,-14.808205
T2,2024-02-13,571,c,484.000000,10.470000,571,9.010000,948,False,True,-1.460000,-13.944604,-1.788351
T2,2024-04-02,571,c,513.000000,5.250000,571,5.550000,949,False,True,0.300000,5.714286,5.409119
T2,2024-04-10,571,c,505.000000,8.730000,575,8.890000,931,True,True,0.160000,1.832761,12.020698
T2,2024-04-12,571,c,504.000000,10.250000,571,6.540000,958,False,True,-3.710000,-36.195122,-35.940535
T2,2024-04-25,571,c,491.000000,7.700000,574,11.410000,818,True,True,3.710000,48.181818,42.170946
T2,2024-05-29,571,c,517.000000,8.840000,573,9.860000,852,True,True,1.020000,11.538462,2.488467
T2,2024-07-17,571,c,550.000000,9.590000,572,7.150000,959,True,False,-2.440000,-25.443170,-21.036603
T2,2024-07-24,571,c,540.000000,9.310000,571,1.220000,959,False,False,-8.090000,-86.895811,-71.107189
T2,2024-08-02,571,c,526.000000,9.280000,571,7.000000,959,False,False,-2.280000,-24.568966,-19.933078
T2,2024-08-05,571,c,500.000000,14.190000,571,16.400000,936,False,True,2.210000,15.574348,57.253526
T2,2024-10-31,571,c,564.000000,10.570000,572,5.350000,959,True,False,-5.220000,-49.385052,-53.423403
T2,2024-12-30,571,c,578.000000,9.510000,571,12.200000,807,False,True,2.690000,28.286015,8.003833
T2,2025-01-13,571,c,565.000000,10.900000,571,15.250000,912,False,True,4.350000,39.908257,48.654443
T2,2025-01-27,571,c,586.000000,11.790000,571,10.960000,835,False,True,-0.830000,-7.039864,16.385329
T2,2025-02-03,571,c,581.000000,12.160000,571,16.500000,654,False,True,4.340000,35.690789,35.330804
T2,2025-02-12,571,c,588.000000,10.690000,571,14.190000,706,False,True,3.500000,32.740879,38.676116
T2,2025-03-04,571,c,568.000000,11.550000,571,11.950000,943,False,True,0.400000,3.463203,-16.398438
T2,2025-03-06,571,c,564.000000,11.970000,571,8.700000,953,False,True,-3.270000,-27.318296,-17.925505
T2,2025-03-20,571,c,552.000000,11.360000,571,13.340000,931,False,True,1.980000,17.429577,20.804896
T2,2025-03-21,571,c,547.000000,12.870000,573,14.900000,755,True,True,2.030000,15.773116,42.339548
T2,2025-03-31,571,c,540.000000,10.400000,571,19.840000,959,False,False,9.440000,90.769231,80.462524
T2,2025-04-02,571,c,545.000000,12.290000,574,20.100000,952,True,True,7.810000,63.547600,77.434629
T2,2025-04-03,571,c,536.000000,11.160000,571,1.390000,959,False,False,-9.770000,-87.544803,-83.891664
T2,2025-04-04,571,c,513.000000,9.290000,581,0.010000,959,True,False,-9.280000,-99.892357,-100.000000
T2,2025-04-07,571,c,480.000000,12.800000,571,24.400000,958,False,True,11.600000,90.625000,148.099745
T2,2025-04-10,571,c,521.000000,12.620000,571,3.640000,959,False,False,-8.980000,-71.156894,-62.763600
T2,2025-04-16,571,c,521.000000,12.560000,573,4.700000,959,True,False,-7.860000,-62.579618,-65.867604
T2,2025-04-21,571,c,511.000000,9.900000,573,3.380000,959,True,False,-6.520000,-65.858586,-67.959059
T2,2025-04-30,571,c,535.000000,11.330000,574,20.990000,956,True,True,9.660000,85.260371,73.868496
T2,2025-05-05,571,c,551.000000,11.560000,571,12.570000,953,False,True,1.010000,8.737024,9.234793
T2,2025-05-06,571,c,547.000000,12.060000,575,13.700000,932,True,True,1.640000,13.598673,1.561443
T2,2025-05-19,571,c,578.000000,11.080000,571,16.470000,951,False,True,5.390000,48.646209,49.245848
T2,2025-05-21,571,c,579.000000,10.130000,571,4.700000,958,False,True,-5.430000,-53.603159,-54.350557
T2,2025-05-23,571,c,565.000000,11.550000,571,14.110000,959,False,False,2.560000,22.164502,24.655958
T2,2025-06-13,571,c,588.000000,12.140000,572,8.290000,956,True,True,-3.850000,-31.713344,-27.322459
T2,2025-08-01,571,c,613.000000,11.540000,572,8.820000,953,True,True,-2.720000,-23.570191,-28.566995
T2,2025-10-14,571,c,642.000000,14.550000,573,19.730000,942,True,True,5.180000,35.601375,38.707429
T2,2025-11-04,571,c,665.000000,11.220000,571,11.340000,945,False,True,0.120000,1.069519,-5.777343
T2,2025-11-14,571,c,651.000000,12.810000,574,21.360000,945,True,True,8.550000,66.744731,53.037676
T2,2026-02-05,571,c,666.000000,14.460000,571,11.530000,959,False,False,-2.930000,-20.262794,-14.353647
T2,2026-02-27,571,c,670.000000,13.410000,571,16.440000,959,False,False,3.030000,22.595078,21.521481
T2,2026-03-02,571,c,667.000000,13.370000,571,19.320000,959,False,False,5.950000,44.502618,44.305859
T2,2026-03-03,571,c,663.000000,13.600000,571,17.210000,959,False,False,3.610000,26.544118,28.400769
T2,2026-03-06,571,c,659.000000,13.540000,574,13.490000,955,True,True,-0.050000,-0.369276,-0.990778
T2,2026-03-09,571,c,654.000000,13.450000,571,22.750000,929,False,True,9.300000,69.144981,83.982894
T2,2026-03-12,571,c,657.000000,14.140000,574,9.000000,957,True,True,-5.140000,-36.350778,-29.244927
T2,2026-03-19,571,c,643.000000,13.060000,571,19.010000,916,False,True,5.950000,45.558959,27.458154
T2,2026-03-26,571,c,640.000000,11.850000,571,4.890000,959,False,False,-6.960000,-58.734177,-50.177933
T2,2026-04-02,571,c,634.000000,13.190000,571,21.690000,957,False,True,8.500000,64.442760,62.566108
T2,2026-05-15,571,c,726.000000,14.350000,572,13.830000,946,True,True,-0.520000,-3.623693,-11.113297
T2,2026-06-23,571,c,718.000000,15.730000,571,17.110000,955,False,True,1.380000,8.773045,-0.167585
T2,2026-07-17,571,c,728.000000,14.670000,571,14.880000,920,False,True,0.210000,1.431493,5.127658
T2,2026-07-23,571,c,725.000000,14.680000,571,11.930000,940,False,True,-2.750000,-18.732970,-11.431670
T3,2024-02-22,600,p,514.000000,7.800000,774,6.000000,944,True,True,-1.800000,-23.076923,-23.619241
T3,2024-03-06,600,p,520.000000,11.080000,614,10.890000,931,True,True,-0.190000,-1.714801,0.842626
T3,2024-04-04,600,p,534.000000,11.030000,618,11.640000,827,True,True,0.610000,5.530372,91.901863
T3,2024-04-15,600,p,525.000000,12.600000,611,20.000000,955,True,True,7.400000,58.730159,96.806683
T3,2024-05-02,600,p,512.000000,9.740000,634,6.460000,927,True,True,-3.280000,-33.675565,-32.461460
T3,2024-05-03,600,p,521.000000,10.500000,600,9.600000,920,False,True,-0.900000,-8.571429,-4.384416
T3,2024-06-12,600,p,553.000000,9.610000,663,10.650000,824,True,True,1.040000,10.822060,11.956009
T3,2024-07-22,600,p,563.000000,10.730000,604,8.470000,930,True,True,-2.260000,-21.062442,-21.508687
T3,2024-07-26,600,p,554.000000,10.890000,600,11.150000,955,False,True,0.260000,2.387511,-9.415732
T3,2024-07-31,600,p,560.000000,10.750000,602,8.850000,920,True,True,-1.900000,-17.674419,-13.557772
T3,2024-08-07,600,p,542.000000,10.630000,601,20.500000,933,True,True,9.870000,92.850423,117.309985
T3,2024-08-08,600,p,536.000000,10.710000,601,6.640000,956,True,True,-4.070000,-38.001867,-49.794369
T3,2024-08-15,600,p,561.000000,10.280000,647,8.000000,927,True,True,-2.280000,-22.178988,-25.567651
T3,2024-09-09,600,p,556.000000,9.930000,612,10.420000,938,True,True,0.490000,4.934542,-11.088923
T3,2024-09-19,600,p,580.000000,10.100000,603,9.140000,957,True,True,-0.960000,-9.504950,-10.784619
T3,2024-09-26,600,p,586.000000,12.910000,605,13.230000,624,True,True,0.320000,2.478699,14.028641
T3,2024-10-04,600,p,582.000000,11.910000,603,10.790000,902,True,True,-1.120000,-9.403862,-24.153336
T3,2024-11-06,600,p,598.000000,10.140000,636,6.850000,930,True,True,-3.290000,-32.445759,-38.058852
T3,2024-12-19,600,p,602.000000,11.450000,600,15.540000,959,False,False,4.090000,35.720524,36.012398
T3,2025-01-15,600,p,604.000000,11.960000,604,13.760000,691,True,True,1.800000,15.050167,-4.554248
T3,2025-01-17,600,p,608.000000,10.950000,608,9.580000,919,True,True,-1.370000,-12.511416,-8.054355
T3,2025-03-12,600,p,570.000000,10.960000,600,10.880000,958,False,True,-0.080000,-0.729927,1.263028
T3,2025-03-14,600,p,568.000000,11.660000,600,5.060000,952,False,True,-6.600000,-56.603774,-53.900629
T3,2025-03-24,600,p,586.000000,13.170000,615,12.740000,626,True,True,-0.430000,-3.264996,-12.234415
T3,2025-04-08,600,p,534.000000,11.900000,600,38.420000,959,False,False,26.520000,222.857143,232.098675
T3,2025-04-14,600,p,551.000000,10.740000,600,11.610000,955,False,True,0.870000,8.100559,11.573380
T3,2025-04-22,600,p,533.000000,10.700000,605,5.800000,959,True,False,-4.900000,-45.794393,-44.995343
T3,2025-04-23,600,p,554.000000,10.960000,600,19.060000,927,False,True,8.100000,73.905109,69.466833
T3,2025-05-01,600,p,571.000000,11.410000,600,8.990000,930,False,True,-2.420000,-21.209465,10.878556
T3,2025-05-02,600,p,575.000000,11.660000,600,8.500000,958,False,True,-3.160000,-27.101201,-27.378855
T3,2025-05-08,600,p,576.000000,11.440000,603,10.940000,958,True,True,-0.500000,-4.370629,-5.589036
T3,2025-05-12,600,p,590.000000,11.470000,601,7.680000,958,True,True,-3.790000,-33.042720,-36.034748
T3,2025-05-29,600,p,603.000000,13.960000,609,13.960000,954,True,True,0.000000,0.000000,9.284206
T3,2025-06-06,600,p,613.000000,13.150000,602,13.220000,884,True,True,0.070000,0.532319,8.847915
T3,2025-06-24,600,p,616.000000,9.940000,709,8.280000,949,True,True,-1.660000,-16.700201,-20.807067
T3,2025-07-31,600,p,652.000000,13.120000,631,18.240000,840,True,True,5.120000,39.024390,57.311350
T3,2025-10-13,600,p,676.000000,15.150000,629,12.840000,958,True,True,-2.310000,-15.247525,-0.296231
T3,2025-10-15,600,p,680.000000,11.300000,602,14.870000,959,True,False,3.570000,31.592920,25.480203
T3,2025-10-24,600,p,690.000000,12.180000,607,12.100000,941,True,True,-0.080000,-0.656814,1.828658
T3,2025-10-27,600,p,695.000000,12.100000,655,9.890000,949,True,True,-2.210000,-18.264463,-16.596577
T3,2025-10-31,600,p,697.000000,13.300000,651,12.600000,681,True,True,-0.700000,-5.263158,8.084649
T3,2025-11-10,600,p,692.000000,13.380000,614,10.360000,895,True,True,-3.020000,-22.571001,-20.048882
T3,2025-11-20,600,p,688.000000,14.920000,610,32.920000,852,True,True,18.000000,120.643432,161.848533
T3,2025-12-18,600,p,692.000000,13.870000,603,15.020000,959,True,False,1.150000,8.291276,12.901696
T3,2026-03-16,600,p,684.000000,13.570000,602,14.540000,929,True,True,0.970000,7.148121,9.527082
T3,2026-03-23,600,p,673.000000,13.100000,603,15.700000,932,True,True,2.600000,19.847328,34.355976
T3,2026-03-25,600,p,669.000000,12.250000,604,12.770000,945,True,True,0.520000,4.244898,-5.818575
T3,2026-03-30,600,p,648.000000,12.500000,600,15.830000,959,False,False,3.330000,26.640000,25.779407
T3,2026-03-31,600,p,656.000000,13.500000,600,6.000000,958,False,True,-7.500000,-55.555556,-55.482052
T3,2026-04-08,600,p,688.000000,12.900000,615,13.230000,860,True,True,0.330000,2.558140,-8.780624
T3,2026-04-22,600,p,722.000000,12.560000,607,11.620000,945,True,True,-0.940000,-7.484076,-10.750312
T3,2026-06-08,600,p,756.000000,14.680000,601,16.450000,945,True,True,1.770000,12.057221,12.517266
T3,2026-06-15,600,p,768.000000,11.730000,726,12.200000,827,True,True,0.470000,4.006820,-9.661616
T3,2026-06-18,600,p,760.000000,15.230000,604,12.560000,954,True,True,-2.670000,-17.531188,-10.660516
T3,2026-06-25,600,p,745.000000,12.960000,602,12.410000,955,True,True,-0.550000,-4.243827,-18.763191
T3,2026-06-29,600,p,751.000000,14.650000,600,10.110000,959,False,False,-4.540000,-30.989761,-29.911116
T3,2026-07-27,600,p,757.000000,16.100000,611,20.840000,799,True,True,4.740000,29.440994,20.032208
T3,2026-07-30,600,p,753.000000,15.360000,610,11.000000,959,True,False,-4.360000,-28.385417,-20.646906
T3,2026-09-11,600,p,781.000000,15.730000,631,15.370000,839,True,True,-0.360000,-2.288620,10.993510
