signal,cost_label,added_cost_dollars,n,n_skipped_missing,win,mean_pct_of_premium,median_pct,worst_pct,model_mean_pct,label,p_boot_day,sharpe_calday,note,spec
15:00|both|vixmove_exp,+$0.00,0.000000,61,0,62.295082,1.702822,2.996575,-45.518630,1.233216,model pessimistic here,0.242000,0.417124,"sub-window, not a verdict","FIXED (pre-registration, A41): calibration -- for every session in the option file and each of {09:31,10:00,13:00,15:00,15:30} ET, the nearest-to-2%-ITM call/put's real 1-minute bar close (exact-minute match on the branch's session-builder frame, /10 to dollars) divided by pipeline.options.price at k=1 x prior-close VIX = implied k; median/IQR by VIX tercile (over the file's own sessions) and by minute, plus the missing (no-bar) share, in a second block of the same csv. Re-evaluation -- every option leg already priced by the model on sessions >= 2024-02-01 (the two pre-registered D4 holdout signals, any POST-SELECTION row with a per-trade file, A39 T1/T2/T3) is re-priced with real bars: entry = the option's exact-minute bar close at the trade's own entry minute (next later bar's open if missing), exit = the exact 15:59 bar close (last bar at/before 15:59 if missing); a trade with neither is skipped and counted in n_skipped_missing. Strike = nearest LISTED strike that day to the unrounded 2% ITM model target. Costs: +$0.00/+$0.10/+$0.20 flat, three rows per signal. model_mean_pct is pipeline.options.trade's own number on the exact same re-priced trades (k=1.0 for the D1 winner/POST-SELECTION rows, k=1.3 for the 13:00 gap-up call and A39 T1/T2/T3, matching each signal's existing convention elsewhere in this codebase), never the D4 sensitivity sweep. label: 'model optimistic here' if real < model, 'model pessimistic here' if real > model. Every row carries note='sub-window, not a verdict': nothing here is promoted, added to pipeline/trials.py's family, or scored against BH-FDR -- the trial count does not grow (re-pricings of counted trials, not new trials). On ANY exception (including the option file being absent) this unit writes header-only outputs and exits 0, exactly like pipeline.units.letf (A38) -- never a `.error` file -- this candidate must never fail `make all` before its data exists."
15:00|both|vixmove_exp,+$0.10,0.100000,61,0,59.016393,0.870489,2.140411,-46.525680,1.233216,model optimistic here,0.360250,0.213627,"sub-window, not a verdict","FIXED (pre-registration, A41): calibration -- for every session in the option file and each of {09:31,10:00,13:00,15:00,15:30} ET, the nearest-to-2%-ITM call/put's real 1-minute bar close (exact-minute match on the branch's session-builder frame, /10 to dollars) divided by pipeline.options.price at k=1 x prior-close VIX = implied k; median/IQR by VIX tercile (over the file's own sessions) and by minute, plus the missing (no-bar) share, in a second block of the same csv. Re-evaluation -- every option leg already priced by the model on sessions >= 2024-02-01 (the two pre-registered D4 holdout signals, any POST-SELECTION row with a per-trade file, A39 T1/T2/T3) is re-priced with real bars: entry = the option's exact-minute bar close at the trade's own entry minute (next later bar's open if missing), exit = the exact 15:59 bar close (last bar at/before 15:59 if missing); a trade with neither is skipped and counted in n_skipped_missing. Strike = nearest LISTED strike that day to the unrounded 2% ITM model target. Costs: +$0.00/+$0.10/+$0.20 flat, three rows per signal. model_mean_pct is pipeline.options.trade's own number on the exact same re-priced trades (k=1.0 for the D1 winner/POST-SELECTION rows, k=1.3 for the 13:00 gap-up call and A39 T1/T2/T3, matching each signal's existing convention elsewhere in this codebase), never the D4 sensitivity sweep. label: 'model optimistic here' if real < model, 'model pessimistic here' if real > model. Every row carries note='sub-window, not a verdict': nothing here is promoted, added to pipeline/trials.py's family, or scored against BH-FDR -- the trial count does not grow (re-pricings of counted trials, not new trials). On ANY exception (including the option file being absent) this unit writes header-only outputs and exits 0, exactly like pipeline.units.letf (A38) -- never a `.error` file -- this candidate must never fail `make all` before its data exists."
15:00|both|vixmove_exp,+$0.20,0.200000,61,0,57.377049,0.038157,1.284247,-47.532729,1.233216,model optimistic here,0.495000,0.009365,"sub-window, not a verdict","FIXED (pre-registration, A41): calibration -- for every session in the option file and each of {09:31,10:00,13:00,15:00,15:30} ET, the nearest-to-2%-ITM call/put's real 1-minute bar close (exact-minute match on the branch's session-builder frame, /10 to dollars) divided by pipeline.options.price at k=1 x prior-close VIX = implied k; median/IQR by VIX tercile (over the file's own sessions) and by minute, plus the missing (no-bar) share, in a second block of the same csv. Re-evaluation -- every option leg already priced by the model on sessions >= 2024-02-01 (the two pre-registered D4 holdout signals, any POST-SELECTION row with a per-trade file, A39 T1/T2/T3) is re-priced with real bars: entry = the option's exact-minute bar close at the trade's own entry minute (next later bar's open if missing), exit = the exact 15:59 bar close (last bar at/before 15:59 if missing); a trade with neither is skipped and counted in n_skipped_missing. Strike = nearest LISTED strike that day to the unrounded 2% ITM model target. Costs: +$0.00/+$0.10/+$0.20 flat, three rows per signal. model_mean_pct is pipeline.options.trade's own number on the exact same re-priced trades (k=1.0 for the D1 winner/POST-SELECTION rows, k=1.3 for the 13:00 gap-up call and A39 T1/T2/T3, matching each signal's existing convention elsewhere in this codebase), never the D4 sensitivity sweep. label: 'model optimistic here' if real < model, 'model pessimistic here' if real > model. Every row carries note='sub-window, not a verdict': nothing here is promoted, added to pipeline/trials.py's family, or scored against BH-FDR -- the trial count does not grow (re-pricings of counted trials, not new trials). On ANY exception (including the option file being absent) this unit writes header-only outputs and exits 0, exactly like pipeline.units.letf (A38) -- never a `.error` file -- this candidate must never fail `make all` before its data exists."
13:00|call|gap>0.3%,+$0.00,0.000000,183,2,49.180328,-1.837789,0.000000,-99.738220,-2.083040,model pessimistic here,1.000000,-0.594733,"sub-window, not a verdict","FIXED (pre-registration, A41): calibration -- for every session in the option file and each of {09:31,10:00,13:00,15:00,15:30} ET, the nearest-to-2%-ITM call/put's real 1-minute bar close (exact-minute match on the branch's session-builder frame, /10 to dollars) divided by pipeline.options.price at k=1 x prior-close VIX = implied k; median/IQR by VIX tercile (over the file's own sessions) and by minute, plus the missing (no-bar) share, in a second block of the same csv. Re-evaluation -- every option leg already priced by the model on sessions >= 2024-02-01 (the two pre-registered D4 holdout signals, any POST-SELECTION row with a per-trade file, A39 T1/T2/T3) is re-priced with real bars: entry = the option's exact-minute bar close at the trade's own entry minute (next later bar's open if missing), exit = the exact 15:59 bar close (last bar at/before 15:59 if missing); a trade with neither is skipped and counted in n_skipped_missing. Strike = nearest LISTED strike that day to the unrounded 2% ITM model target. Costs: +$0.00/+$0.10/+$0.20 flat, three rows per signal. model_mean_pct is pipeline.options.trade's own number on the exact same re-priced trades (k=1.0 for the D1 winner/POST-SELECTION rows, k=1.3 for the 13:00 gap-up call and A39 T1/T2/T3, matching each signal's existing convention elsewhere in this codebase), never the D4 sensitivity sweep. label: 'model optimistic here' if real < model, 'model pessimistic here' if real > model. Every row carries note='sub-window, not a verdict': nothing here is promoted, added to pipeline/trials.py's family, or scored against BH-FDR -- the trial count does not grow (re-pricings of counted trials, not new trials). On ANY exception (including the option file being absent) this unit writes header-only outputs and exits 0, exactly like pipeline.units.letf (A38) -- never a `.error` file -- this candidate must never fail `make all` before its data exists."
13:00|call|gap>0.3%,+$0.10,0.100000,183,2,46.448087,-2.685628,-0.800493,-102.356021,-2.083040,model optimistic here,1.000000,-0.866423,"sub-window, not a verdict","FIXED (pre-registration, A41): calibration -- for every session in the option file and each of {09:31,10:00,13:00,15:00,15:30} ET, the nearest-to-2%-ITM call/put's real 1-minute bar close (exact-minute match on the branch's session-builder frame, /10 to dollars) divided by pipeline.options.price at k=1 x prior-close VIX = implied k; median/IQR by VIX tercile (over the file's own sessions) and by minute, plus the missing (no-bar) share, in a second block of the same csv. Re-evaluation -- every option leg already priced by the model on sessions >= 2024-02-01 (the two pre-registered D4 holdout signals, any POST-SELECTION row with a per-trade file, A39 T1/T2/T3) is re-priced with real bars: entry = the option's exact-minute bar close at the trade's own entry minute (next later bar's open if missing), exit = the exact 15:59 bar close (last bar at/before 15:59 if missing); a trade with neither is skipped and counted in n_skipped_missing. Strike = nearest LISTED strike that day to the unrounded 2% ITM model target. Costs: +$0.00/+$0.10/+$0.20 flat, three rows per signal. model_mean_pct is pipeline.options.trade's own number on the exact same re-priced trades (k=1.0 for the D1 winner/POST-SELECTION rows, k=1.3 for the 13:00 gap-up call and A39 T1/T2/T3, matching each signal's existing convention elsewhere in this codebase), never the D4 sensitivity sweep. label: 'model optimistic here' if real < model, 'model pessimistic here' if real > model. Every row carries note='sub-window, not a verdict': nothing here is promoted, added to pipeline/trials.py's family, or scored against BH-FDR -- the trial count does not grow (re-pricings of counted trials, not new trials). On ANY exception (including the option file being absent) this unit writes header-only outputs and exits 0, exactly like pipeline.units.letf (A38) -- never a `.error` file -- this candidate must never fail `make all` before its data exists."
13:00|call|gap>0.3%,+$0.20,0.200000,183,2,44.808743,-3.533467,-1.441813,-104.973822,-2.083040,model optimistic here,1.000000,-1.135474,"sub-window, not a verdict","FIXED (pre-registration, A41): calibration -- for every session in the option file and each of {09:31,10:00,13:00,15:00,15:30} ET, the nearest-to-2%-ITM call/put's real 1-minute bar close (exact-minute match on the branch's session-builder frame, /10 to dollars) divided by pipeline.options.price at k=1 x prior-close VIX = implied k; median/IQR by VIX tercile (over the file's own sessions) and by minute, plus the missing (no-bar) share, in a second block of the same csv. Re-evaluation -- every option leg already priced by the model on sessions >= 2024-02-01 (the two pre-registered D4 holdout signals, any POST-SELECTION row with a per-trade file, A39 T1/T2/T3) is re-priced with real bars: entry = the option's exact-minute bar close at the trade's own entry minute (next later bar's open if missing), exit = the exact 15:59 bar close (last bar at/before 15:59 if missing); a trade with neither is skipped and counted in n_skipped_missing. Strike = nearest LISTED strike that day to the unrounded 2% ITM model target. Costs: +$0.00/+$0.10/+$0.20 flat, three rows per signal. model_mean_pct is pipeline.options.trade's own number on the exact same re-priced trades (k=1.0 for the D1 winner/POST-SELECTION rows, k=1.3 for the 13:00 gap-up call and A39 T1/T2/T3, matching each signal's existing convention elsewhere in this codebase), never the D4 sensitivity sweep. label: 'model optimistic here' if real < model, 'model pessimistic here' if real > model. Every row carries note='sub-window, not a verdict': nothing here is promoted, added to pipeline/trials.py's family, or scored against BH-FDR -- the trial count does not grow (re-pricings of counted trials, not new trials). On ANY exception (including the option file being absent) this unit writes header-only outputs and exits 0, exactly like pipeline.units.letf (A38) -- never a `.error` file -- this candidate must never fail `make all` before its data exists."
T1,+$0.00,0.000000,53,0,52.830189,3.392565,2.393162,-99.911894,3.273379,model pessimistic here,0.263250,0.373936,"sub-window, not a verdict","FIXED (pre-registration, A41): calibration -- for every session in the option file and each of {09:31,10:00,13:00,15:00,15:30} ET, the nearest-to-2%-ITM call/put's real 1-minute bar close (exact-minute match on the branch's session-builder frame, /10 to dollars) divided by pipeline.options.price at k=1 x prior-close VIX = implied k; median/IQR by VIX tercile (over the file's own sessions) and by minute, plus the missing (no-bar) share, in a second block of the same csv. Re-evaluation -- every option leg already priced by the model on sessions >= 2024-02-01 (the two pre-registered D4 holdout signals, any POST-SELECTION row with a per-trade file, A39 T1/T2/T3) is re-priced with real bars: entry = the option's exact-minute bar close at the trade's own entry minute (next later bar's open if missing), exit = the exact 15:59 bar close (last bar at/before 15:59 if missing); a trade with neither is skipped and counted in n_skipped_missing. Strike = nearest LISTED strike that day to the unrounded 2% ITM model target. Costs: +$0.00/+$0.10/+$0.20 flat, three rows per signal. model_mean_pct is pipeline.options.trade's own number on the exact same re-priced trades (k=1.0 for the D1 winner/POST-SELECTION rows, k=1.3 for the 13:00 gap-up call and A39 T1/T2/T3, matching each signal's existing convention elsewhere in this codebase), never the D4 sensitivity sweep. label: 'model optimistic here' if real < model, 'model pessimistic here' if real > model. Every row carries note='sub-window, not a verdict': nothing here is promoted, added to pipeline/trials.py's family, or scored against BH-FDR -- the trial count does not grow (re-pricings of counted trials, not new trials). On ANY exception (including the option file being absent) this unit writes header-only outputs and exits 0, exactly like pipeline.units.letf (A38) -- never a `.error` file -- this candidate must never fail `make all` before its data exists."
T1,+$0.10,0.100000,53,0,50.943396,2.544890,1.538462,-100.792952,3.273379,model optimistic here,0.322250,0.280827,"sub-window, not a verdict","FIXED (pre-registration, A41): calibration -- for every session in the option file and each of {09:31,10:00,13:00,15:00,15:30} ET, the nearest-to-2%-ITM call/put's real 1-minute bar close (exact-minute match on the branch's session-builder frame, /10 to dollars) divided by pipeline.options.price at k=1 x prior-close VIX = implied k; median/IQR by VIX tercile (over the file's own sessions) and by minute, plus the missing (no-bar) share, in a second block of the same csv. Re-evaluation -- every option leg already priced by the model on sessions >= 2024-02-01 (the two pre-registered D4 holdout signals, any POST-SELECTION row with a per-trade file, A39 T1/T2/T3) is re-priced with real bars: entry = the option's exact-minute bar close at the trade's own entry minute (next later bar's open if missing), exit = the exact 15:59 bar close (last bar at/before 15:59 if missing); a trade with neither is skipped and counted in n_skipped_missing. Strike = nearest LISTED strike that day to the unrounded 2% ITM model target. Costs: +$0.00/+$0.10/+$0.20 flat, three rows per signal. model_mean_pct is pipeline.options.trade's own number on the exact same re-priced trades (k=1.0 for the D1 winner/POST-SELECTION rows, k=1.3 for the 13:00 gap-up call and A39 T1/T2/T3, matching each signal's existing convention elsewhere in this codebase), never the D4 sensitivity sweep. label: 'model optimistic here' if real < model, 'model pessimistic here' if real > model. Every row carries note='sub-window, not a verdict': nothing here is promoted, added to pipeline/trials.py's family, or scored against BH-FDR -- the trial count does not grow (re-pricings of counted trials, not new trials). On ANY exception (including the option file being absent) this unit writes header-only outputs and exits 0, exactly like pipeline.units.letf (A38) -- never a `.error` file -- this candidate must never fail `make all` before its data exists."
T1,+$0.20,0.200000,53,0,50.943396,1.697215,0.683761,-101.674009,3.273379,model optimistic here,0.380750,0.187425,"sub-window, not a verdict","FIXED (pre-registration, A41): calibration -- for every session in the option file and each of {09:31,10:00,13:00,15:00,15:30} ET, the nearest-to-2%-ITM call/put's real 1-minute bar close (exact-minute match on the branch's session-builder frame, /10 to dollars) divided by pipeline.options.price at k=1 x prior-close VIX = implied k; median/IQR by VIX tercile (over the file's own sessions) and by minute, plus the missing (no-bar) share, in a second block of the same csv. Re-evaluation -- every option leg already priced by the model on sessions >= 2024-02-01 (the two pre-registered D4 holdout signals, any POST-SELECTION row with a per-trade file, A39 T1/T2/T3) is re-priced with real bars: entry = the option's exact-minute bar close at the trade's own entry minute (next later bar's open if missing), exit = the exact 15:59 bar close (last bar at/before 15:59 if missing); a trade with neither is skipped and counted in n_skipped_missing. Strike = nearest LISTED strike that day to the unrounded 2% ITM model target. Costs: +$0.00/+$0.10/+$0.20 flat, three rows per signal. model_mean_pct is pipeline.options.trade's own number on the exact same re-priced trades (k=1.0 for the D1 winner/POST-SELECTION rows, k=1.3 for the 13:00 gap-up call and A39 T1/T2/T3, matching each signal's existing convention elsewhere in this codebase), never the D4 sensitivity sweep. label: 'model optimistic here' if real < model, 'model pessimistic here' if real > model. Every row carries note='sub-window, not a verdict': nothing here is promoted, added to pipeline/trials.py's family, or scored against BH-FDR -- the trial count does not grow (re-pricings of counted trials, not new trials). On ANY exception (including the option file being absent) this unit writes header-only outputs and exits 0, exactly like pipeline.units.letf (A38) -- never a `.error` file -- this candidate must never fail `make all` before its data exists."
T2,+$0.00,0.000000,53,0,58.490566,5.777151,8.010801,-99.913867,5.805226,model optimistic here,0.204000,0.529838,"sub-window, not a verdict","FIXED (pre-registration, A41): calibration -- for every session in the option file and each of {09:31,10:00,13:00,15:00,15:30} ET, the nearest-to-2%-ITM call/put's real 1-minute bar close (exact-minute match on the branch's session-builder frame, /10 to dollars) divided by pipeline.options.price at k=1 x prior-close VIX = implied k; median/IQR by VIX tercile (over the file's own sessions) and by minute, plus the missing (no-bar) share, in a second block of the same csv. Re-evaluation -- every option leg already priced by the model on sessions >= 2024-02-01 (the two pre-registered D4 holdout signals, any POST-SELECTION row with a per-trade file, A39 T1/T2/T3) is re-priced with real bars: entry = the option's exact-minute bar close at the trade's own entry minute (next later bar's open if missing), exit = the exact 15:59 bar close (last bar at/before 15:59 if missing); a trade with neither is skipped and counted in n_skipped_missing. Strike = nearest LISTED strike that day to the unrounded 2% ITM model target. Costs: +$0.00/+$0.10/+$0.20 flat, three rows per signal. model_mean_pct is pipeline.options.trade's own number on the exact same re-priced trades (k=1.0 for the D1 winner/POST-SELECTION rows, k=1.3 for the 13:00 gap-up call and A39 T1/T2/T3, matching each signal's existing convention elsewhere in this codebase), never the D4 sensitivity sweep. label: 'model optimistic here' if real < model, 'model pessimistic here' if real > model. Every row carries note='sub-window, not a verdict': nothing here is promoted, added to pipeline/trials.py's family, or scored against BH-FDR -- the trial count does not grow (re-pricings of counted trials, not new trials). On ANY exception (including the option file being absent) this unit writes header-only outputs and exits 0, exactly like pipeline.units.letf (A38) -- never a `.error` file -- this candidate must never fail `make all` before its data exists."
T2,+$0.10,0.100000,53,0,56.603774,4.940619,7.110711,-100.775194,5.805226,model optimistic here,0.245250,0.453861,"sub-window, not a verdict","FIXED (pre-registration, A41): calibration -- for every session in the option file and each of {09:31,10:00,13:00,15:00,15:30} ET, the nearest-to-2%-ITM call/put's real 1-minute bar close (exact-minute match on the branch's session-builder frame, /10 to dollars) divided by pipeline.options.price at k=1 x prior-close VIX = implied k; median/IQR by VIX tercile (over the file's own sessions) and by minute, plus the missing (no-bar) share, in a second block of the same csv. Re-evaluation -- every option leg already priced by the model on sessions >= 2024-02-01 (the two pre-registered D4 holdout signals, any POST-SELECTION row with a per-trade file, A39 T1/T2/T3) is re-priced with real bars: entry = the option's exact-minute bar close at the trade's own entry minute (next later bar's open if missing), exit = the exact 15:59 bar close (last bar at/before 15:59 if missing); a trade with neither is skipped and counted in n_skipped_missing. Strike = nearest LISTED strike that day to the unrounded 2% ITM model target. Costs: +$0.00/+$0.10/+$0.20 flat, three rows per signal. model_mean_pct is pipeline.options.trade's own number on the exact same re-priced trades (k=1.0 for the D1 winner/POST-SELECTION rows, k=1.3 for the 13:00 gap-up call and A39 T1/T2/T3, matching each signal's existing convention elsewhere in this codebase), never the D4 sensitivity sweep. label: 'model optimistic here' if real < model, 'model pessimistic here' if real > model. Every row carries note='sub-window, not a verdict': nothing here is promoted, added to pipeline/trials.py's family, or scored against BH-FDR -- the trial count does not grow (re-pricings of counted trials, not new trials). On ANY exception (including the option file being absent) this unit writes header-only outputs and exits 0, exactly like pipeline.units.letf (A38) -- never a `.error` file -- this candidate must never fail `make all` before its data exists."
T2,+$0.20,0.200000,53,0,54.716981,4.104088,6.210621,-101.636520,5.805226,model optimistic here,0.280750,0.377529,"sub-window, not a verdict","FIXED (pre-registration, A41): calibration -- for every session in the option file and each of {09:31,10:00,13:00,15:00,15:30} ET, the nearest-to-2%-ITM call/put's real 1-minute bar close (exact-minute match on the branch's session-builder frame, /10 to dollars) divided by pipeline.options.price at k=1 x prior-close VIX = implied k; median/IQR by VIX tercile (over the file's own sessions) and by minute, plus the missing (no-bar) share, in a second block of the same csv. Re-evaluation -- every option leg already priced by the model on sessions >= 2024-02-01 (the two pre-registered D4 holdout signals, any POST-SELECTION row with a per-trade file, A39 T1/T2/T3) is re-priced with real bars: entry = the option's exact-minute bar close at the trade's own entry minute (next later bar's open if missing), exit = the exact 15:59 bar close (last bar at/before 15:59 if missing); a trade with neither is skipped and counted in n_skipped_missing. Strike = nearest LISTED strike that day to the unrounded 2% ITM model target. Costs: +$0.00/+$0.10/+$0.20 flat, three rows per signal. model_mean_pct is pipeline.options.trade's own number on the exact same re-priced trades (k=1.0 for the D1 winner/POST-SELECTION rows, k=1.3 for the 13:00 gap-up call and A39 T1/T2/T3, matching each signal's existing convention elsewhere in this codebase), never the D4 sensitivity sweep. label: 'model optimistic here' if real < model, 'model pessimistic here' if real > model. Every row carries note='sub-window, not a verdict': nothing here is promoted, added to pipeline/trials.py's family, or scored against BH-FDR -- the trial count does not grow (re-pricings of counted trials, not new trials). On ANY exception (including the option file being absent) this unit writes header-only outputs and exits 0, exactly like pipeline.units.letf (A38) -- never a `.error` file -- this candidate must never fail `make all` before its data exists."
T3,+$0.00,0.000000,59,0,44.067797,3.600786,-1.714801,-56.603774,6.907983,model optimistic here,0.250750,0.411514,"sub-window, not a verdict","FIXED (pre-registration, A41): calibration -- for every session in the option file and each of {09:31,10:00,13:00,15:00,15:30} ET, the nearest-to-2%-ITM call/put's real 1-minute bar close (exact-minute match on the branch's session-builder frame, /10 to dollars) divided by pipeline.options.price at k=1 x prior-close VIX = implied k; median/IQR by VIX tercile (over the file's own sessions) and by minute, plus the missing (no-bar) share, in a second block of the same csv. Re-evaluation -- every option leg already priced by the model on sessions >= 2024-02-01 (the two pre-registered D4 holdout signals, any POST-SELECTION row with a per-trade file, A39 T1/T2/T3) is re-priced with real bars: entry = the option's exact-minute bar close at the trade's own entry minute (next later bar's open if missing), exit = the exact 15:59 bar close (last bar at/before 15:59 if missing); a trade with neither is skipped and counted in n_skipped_missing. Strike = nearest LISTED strike that day to the unrounded 2% ITM model target. Costs: +$0.00/+$0.10/+$0.20 flat, three rows per signal. model_mean_pct is pipeline.options.trade's own number on the exact same re-priced trades (k=1.0 for the D1 winner/POST-SELECTION rows, k=1.3 for the 13:00 gap-up call and A39 T1/T2/T3, matching each signal's existing convention elsewhere in this codebase), never the D4 sensitivity sweep. label: 'model optimistic here' if real < model, 'model pessimistic here' if real > model. Every row carries note='sub-window, not a verdict': nothing here is promoted, added to pipeline/trials.py's family, or scored against BH-FDR -- the trial count does not grow (re-pricings of counted trials, not new trials). On ANY exception (including the option file being absent) this unit writes header-only outputs and exits 0, exactly like pipeline.units.letf (A38) -- never a `.error` file -- this candidate must never fail `make all` before its data exists."
T3,+$0.10,0.100000,59,0,44.067797,2.758547,-2.617329,-57.461407,6.907983,model optimistic here,0.299000,0.315651,"sub-window, not a verdict","FIXED (pre-registration, A41): calibration -- for every session in the option file and each of {09:31,10:00,13:00,15:00,15:30} ET, the nearest-to-2%-ITM call/put's real 1-minute bar close (exact-minute match on the branch's session-builder frame, /10 to dollars) divided by pipeline.options.price at k=1 x prior-close VIX = implied k; median/IQR by VIX tercile (over the file's own sessions) and by minute, plus the missing (no-bar) share, in a second block of the same csv. Re-evaluation -- every option leg already priced by the model on sessions >= 2024-02-01 (the two pre-registered D4 holdout signals, any POST-SELECTION row with a per-trade file, A39 T1/T2/T3) is re-priced with real bars: entry = the option's exact-minute bar close at the trade's own entry minute (next later bar's open if missing), exit = the exact 15:59 bar close (last bar at/before 15:59 if missing); a trade with neither is skipped and counted in n_skipped_missing. Strike = nearest LISTED strike that day to the unrounded 2% ITM model target. Costs: +$0.00/+$0.10/+$0.20 flat, three rows per signal. model_mean_pct is pipeline.options.trade's own number on the exact same re-priced trades (k=1.0 for the D1 winner/POST-SELECTION rows, k=1.3 for the 13:00 gap-up call and A39 T1/T2/T3, matching each signal's existing convention elsewhere in this codebase), never the D4 sensitivity sweep. label: 'model optimistic here' if real < model, 'model pessimistic here' if real > model. Every row carries note='sub-window, not a verdict': nothing here is promoted, added to pipeline/trials.py's family, or scored against BH-FDR -- the trial count does not grow (re-pricings of counted trials, not new trials). On ANY exception (including the option file being absent) this unit writes header-only outputs and exits 0, exactly like pipeline.units.letf (A38) -- never a `.error` file -- this candidate must never fail `make all` before its data exists."
T3,+$0.20,0.200000,59,0,42.372881,1.916308,-3.519856,-58.319039,6.907983,model optimistic here,0.355750,0.219463,"sub-window, not a verdict","FIXED (pre-registration, A41): calibration -- for every session in the option file and each of {09:31,10:00,13:00,15:00,15:30} ET, the nearest-to-2%-ITM call/put's real 1-minute bar close (exact-minute match on the branch's session-builder frame, /10 to dollars) divided by pipeline.options.price at k=1 x prior-close VIX = implied k; median/IQR by VIX tercile (over the file's own sessions) and by minute, plus the missing (no-bar) share, in a second block of the same csv. Re-evaluation -- every option leg already priced by the model on sessions >= 2024-02-01 (the two pre-registered D4 holdout signals, any POST-SELECTION row with a per-trade file, A39 T1/T2/T3) is re-priced with real bars: entry = the option's exact-minute bar close at the trade's own entry minute (next later bar's open if missing), exit = the exact 15:59 bar close (last bar at/before 15:59 if missing); a trade with neither is skipped and counted in n_skipped_missing. Strike = nearest LISTED strike that day to the unrounded 2% ITM model target. Costs: +$0.00/+$0.10/+$0.20 flat, three rows per signal. model_mean_pct is pipeline.options.trade's own number on the exact same re-priced trades (k=1.0 for the D1 winner/POST-SELECTION rows, k=1.3 for the 13:00 gap-up call and A39 T1/T2/T3, matching each signal's existing convention elsewhere in this codebase), never the D4 sensitivity sweep. label: 'model optimistic here' if real < model, 'model pessimistic here' if real > model. Every row carries note='sub-window, not a verdict': nothing here is promoted, added to pipeline/trials.py's family, or scored against BH-FDR -- the trial count does not grow (re-pricings of counted trials, not new trials). On ANY exception (including the option file being absent) this unit writes header-only outputs and exits 0, exactly like pipeline.units.letf (A38) -- never a `.error` file -- this candidate must never fail `make all` before its data exists."
