candidate,family,n,p_boot_month,p_boot_day,sr_trade,dsr_N12,dsr_N42
15:00|both|vixmove_fixed,momentum,92,,0.063000,0.158534,0.756243,0.662482
15:30|both|vixmove_fixed,momentum,92,,0.083250,0.146477,0.714266,0.616526
15:00|both|vixmove_exp,momentum,145,0.179500,0.095250,0.110353,0.613421,0.475943
15:30|both|vixmove_exp,momentum,146,0.115250,0.102250,0.105089,0.587388,0.450880
15:30|put|mag,momentum,182,0.254500,0.238250,0.052266,0.333670,0.217041
15:30|put|vixmove_exp,momentum,62,,0.314250,0.058318,0.413511,0.331538
15:00|put|vixmove_fixed,momentum,42,,0.334500,0.066110,0.446750,0.375693
15:00|put|vixmove_exp,momentum,58,,0.351000,0.051165,0.392979,0.312999
15:00|put|mag,momentum,189,0.362250,0.374500,0.024601,0.201795,0.112017
15:30|put|vixmove_fixed,momentum,43,,0.409500,0.032360,0.363818,0.298202
15:30|both|mag,momentum,371,0.478500,0.470000,0.003287,0.054636,0.015967
15:00|both|mag,momentum,371,0.492750,0.491750,0.001159,0.049737,0.014158
15:00|put|vixmove_lit,momentum,101,0.141500,0.174750,0.091892,0.520136,0.406876
15:00|both|vixmove_lit,momentum,251,0.116500,0.046500,0.103484,0.606348,0.424078
15:30|put|vixmove_lit,momentum,104,0.058500,0.163000,0.095614,0.533837,0.424215
15:30|both|vixmove_lit,momentum,252,0.114000,0.088250,0.082854,0.474220,0.301402
13:00|call|gap>0.3%,gapup,423,1.000000,1.000000,-0.006182,0.449661,0.000141
