candidate,entry,direction,gate,rankable,params,n,trades_per_year,win,gross_pts,net_pts,net_pct,worst_pts,p_boot_month,p_boot_day,sharpe_calday,sr_trade,sharpe_threadB_conv,control_mean_pct,excess_over_control_pct,frac_seeds_beaten,timing_control_pct,fdr_pass_10pct,dsr_N12,dsr_N42,rank,winner
15:00|both|vixmove_fixed,15:00,both,vixmove_fixed,True,2,93,12.618725,63.440860,6.103226,5.103226,0.187807,-76.300000,,0.067250,0.569929,0.154027,2.445109,-0.037906,0.225713,1.000000,0.411590,False,0.746532,0.662119,1.000000,True
15:30|both|vixmove_exp,15:30,both,vixmove_exp,True,2,147,19.945726,59.863946,3.580952,2.580952,0.099344,-86.600000,0.078000,0.079750,0.532977,0.114197,1.812823,-0.028820,0.128164,1.000000,0.374477,False,0.634153,0.514802,2.000000,False
15:30|both|vixmove_fixed,15:30,both,vixmove_fixed,True,2,93,12.618725,59.139785,4.769892,3.769892,0.144645,-86.600000,,0.083250,0.529952,0.143004,2.270123,-0.032385,0.177030,1.000000,0.496617,False,0.707161,0.619664,3.000000,False
15:00|both|vixmove_exp,15:00,both,vixmove_exp,True,2,146,19.810041,63.013699,4.089726,3.089726,0.111479,-76.300000,0.179750,0.098500,0.511032,0.109818,1.743314,-0.039194,0.150673,1.000000,0.301242,False,0.615521,0.493484,4.000000,False
15:30|put|mag,15:30,put,mag,True,2,182,24.694708,57.142857,1.770879,0.770879,0.033008,-124.000000,0.254500,0.238250,0.272536,0.052266,0.829704,-0.039430,0.072438,1.000000,0.293183,False,0.337725,0.232376,5.000000,False
15:30|put|vixmove_exp,15:30,put,vixmove_exp,True,3,62,8.412483,51.612903,2.541935,1.541935,0.054020,-86.600000,,0.314250,0.178365,0.058318,0.925776,-0.039969,0.093990,0.995000,0.376279,False,0.416182,0.343057,6.000000,False
15:00|put|vixmove_fixed,15:00,put,vixmove_fixed,True,3,42,5.698779,54.761905,3.411905,2.411905,0.080049,-67.600000,,0.334500,0.166985,0.066110,1.049462,-0.041003,0.121051,0.980000,0.341889,False,0.449033,0.385815,7.000000,False
15:00|put|vixmove_exp,15:00,put,vixmove_exp,True,3,58,7.869742,55.172414,2.739655,1.739655,0.054788,-67.600000,,0.351000,0.151497,0.051165,0.812214,-0.040043,0.094831,0.995000,0.285795,False,0.395600,0.324185,8.000000,False
15:00|put|mag,15:00,put,mag,True,2,189,25.644505,52.380952,1.323810,0.323810,0.017336,-131.400000,0.362250,0.374500,0.130832,0.024601,0.390524,-0.044827,0.062163,0.995000,0.226208,False,0.205192,0.122904,9.000000,False
15:30|put|vixmove_fixed,15:30,put,vixmove_fixed,True,3,43,5.834464,51.162791,2.116279,1.116279,0.033302,-86.600000,,0.409500,0.082818,0.032360,0.513698,-0.039169,0.072471,0.925000,0.403175,False,0.365968,0.307394,10.000000,False
15:30|both|mag,15:30,both,mag,True,1,371,50.339213,54.716981,1.066846,0.066846,0.001855,-124.000000,0.478500,0.470000,0.024466,0.003287,0.052178,-0.033701,0.035556,1.000000,0.254448,False,0.056561,0.019401,11.000000,False
15:00|both|mag,15:00,both,mag,True,1,371,50.339213,50.943396,0.966846,-0.033154,0.000776,-131.400000,0.492750,0.491750,0.008626,0.001159,0.018396,-0.038287,0.039063,0.990000,0.188445,False,0.051530,0.017272,12.000000,False
15:00|put|vixmove_lit,15:00,put,vixmove_lit,False,3,103,13.975577,54.368932,2.871845,1.871845,0.068148,-67.600000,0.182750,0.207500,0.310113,0.079025,1.254483,-0.046547,0.114694,0.995000,0.254446,False,0.471729,0.371744,,False
15:00|both|vixmove_lit,15:00,both,vixmove_lit,False,2,255,34.599729,58.431373,3.083137,2.083137,0.080666,-76.300000,0.133500,0.057500,0.614527,0.099945,1.586571,-0.037666,0.118332,1.000000,0.242374,False,0.590412,0.427236,,False
15:30|put|vixmove_lit,15:30,put,vixmove_lit,False,3,106,14.382632,57.547170,2.536792,1.536792,0.060094,-86.600000,0.100250,0.202500,0.320589,0.080550,1.278692,-0.037600,0.097694,1.000000,0.315435,False,0.478516,0.380863,,False
15:30|both|vixmove_lit,15:30,both,vixmove_lit,False,2,257,34.871099,59.143969,2.471595,1.471595,0.058488,-86.600000,0.099750,0.088750,0.528222,0.085477,1.356906,-0.032188,0.090675,1.000000,0.281367,False,0.496706,0.338665,,False
