group_type,group_value,trial,n,mean_pct_maxloss,worst_day_usd,full_loss_share
year,2024,S1,192,-6.509495,-5605.000000,0.057292
year,2025,S1,233,-11.005045,-6080.000000,0.085837
year,2026,S1,167,-7.533730,-5840.000000,0.095808
vix_tercile,T1,S1,189,-6.109995,-4320.000000,0.026455
vix_tercile,T2,S1,198,-5.310476,-5060.000000,0.050505
vix_tercile,T3,S1,205,-13.979844,-6080.000000,0.156098
year,2024,S2,170,-3.580617,-5035.000000,0.023529
year,2025,S2,225,-5.072131,-4251.000000,0.013333
year,2026,S2,162,-6.396418,-3952.000000,0.012346
vix_tercile,T1,S2,168,-4.660827,-3080.000000,0.000000
vix_tercile,T2,S2,189,-3.213885,-4180.000000,0.010582
vix_tercile,T3,S2,200,-6.978554,-5035.000000,0.035000
year,2024,S3,135,-6.276786,-4384.000000,0.044444
year,2025,S3,174,-7.569284,-8010.000000,0.057471
year,2026,S3,134,-6.205695,-4104.000000,0.037313
vix_tercile,T1,S3,112,-7.209165,-3840.000000,0.035714
vix_tercile,T2,S3,150,-4.328427,-4384.000000,0.020000
vix_tercile,T3,S3,181,-8.504388,-8010.000000,0.077348
