series,trial,type,L,R,window,n,win,net_pct_cost1,net_pct_cost2,mean_bars_held,sharpe_calday,p_boot_day,p_boot_month,control_win,control_net_pct,frac_seeds_beaten,expected_rw_win,dsr_N24,fdr_pass_10pct,spec
spy034,reversal|L10|R1,reversal,10,1,TEST,18824,55.933914,-0.032210,-0.072210,2.424458,-18.507966,1.000000,1.000000,49.701020,-0.040112,1.000000,50.000000,0.000000,False,"FIXED (pre-registration, A40; gold ENABLED per A40c re-registration 2026-09-13, before any gold row existed -- all 24 trials run: 16 SPY + 8 XAU). Causal swing: prior swing high/low = rolling max/min of the L bars strictly before bar t (shift(1) then rolling(L)), computed continuously across the whole series (no session reset -- range bars are event-driven; only the BUILD resets at sessions). REVERSAL: high>prior_high & close<prior_high -> short (stop=high[t]); low<prior_low & close>prior_low -> long (stop=low[t]). CONTINUATION: close>prior_high -> long (stop=prior_high[t]); close<prior_low -> short (stop=prior_low[t]). Side is not a family dimension; one busy-until tracker per direction, continuous across the whole series (trades are simulated once, then split TRAIN/TEST by the SIGNAL bar's ts_close). Entry = next bar's open (always filled); target = entry +/- R*|entry-stop|; time stop 50 bars counting the entry bar as bar 1; a same-bar stop/target tie goes to the stop; P&L/calendar attribution uses the ENTRY bar's date (always inside the trade's own window; a multi-day hold's exit date routinely is not). Costs: SPY 2bp/side, XAU 1bp/side, round trip = 2 sides; cost2 = 2x cost1. Random-entry control: 200 draws from one generator seeded 11, without replacement, from the SAME window's bars, same direction/stop-distance/R as the matched real trade, net of cost1 only. DSR at N=24 uses the per-trade-Sharpe dispersion of ALL 24 TRIALS (16 SPY + 8 gold) in the same window as SR0's pool -- N=24 is both the pre-registered family size and, now that gold is enabled, the exact size of the pool. Windows: SPY TRAIN 2020-07-27..2023-06-30, TEST 2023-07-01..2026-09-11; XAU TRAIN 2006-03-19..2016-12-31, TEST 2017-01-01..2020-05-14 (A40c, both rebuilt from minute data, same rule as SPY). Decision: SPY and gold decided SEPARATELY (A40b) -- on each instrument's own TRAIN, winner = highest sharpe_calday among n>=100 trials; TEST verdict = SURVIVES iff net_pct_cost1>0 & p_boot_day<0.05 & BH-FDR pass @10% (the full 24-row TEST family, both instruments) & net_pct_cost1>control_net_pct & dsr_N24>0.95 & n>=200; n<200 forces UNDERPOWERED regardless of the other five. Exception handling for this unit only: header-only outputs, exit 0 (not _gh.run's usual empty-file/exit 2 -- see module docstring)."
spy034,reversal|L10|R2,reversal,10,2,TEST,17895,38.938251,-0.030242,-0.070242,4.196703,-16.041457,1.000000,1.000000,34.000726,-0.038745,1.000000,33.333333,0.000000,False,"FIXED (pre-registration, A40; gold ENABLED per A40c re-registration 2026-09-13, before any gold row existed -- all 24 trials run: 16 SPY + 8 XAU). Causal swing: prior swing high/low = rolling max/min of the L bars strictly before bar t (shift(1) then rolling(L)), computed continuously across the whole series (no session reset -- range bars are event-driven; only the BUILD resets at sessions). REVERSAL: high>prior_high & close<prior_high -> short (stop=high[t]); low<prior_low & close>prior_low -> long (stop=low[t]). CONTINUATION: close>prior_high -> long (stop=prior_high[t]); close<prior_low -> short (stop=prior_low[t]). Side is not a family dimension; one busy-until tracker per direction, continuous across the whole series (trades are simulated once, then split TRAIN/TEST by the SIGNAL bar's ts_close). Entry = next bar's open (always filled); target = entry +/- R*|entry-stop|; time stop 50 bars counting the entry bar as bar 1; a same-bar stop/target tie goes to the stop; P&L/calendar attribution uses the ENTRY bar's date (always inside the trade's own window; a multi-day hold's exit date routinely is not). Costs: SPY 2bp/side, XAU 1bp/side, round trip = 2 sides; cost2 = 2x cost1. Random-entry control: 200 draws from one generator seeded 11, without replacement, from the SAME window's bars, same direction/stop-distance/R as the matched real trade, net of cost1 only. DSR at N=24 uses the per-trade-Sharpe dispersion of ALL 24 TRIALS (16 SPY + 8 gold) in the same window as SR0's pool -- N=24 is both the pre-registered family size and, now that gold is enabled, the exact size of the pool. Windows: SPY TRAIN 2020-07-27..2023-06-30, TEST 2023-07-01..2026-09-11; XAU TRAIN 2006-03-19..2016-12-31, TEST 2017-01-01..2020-05-14 (A40c, both rebuilt from minute data, same rule as SPY). Decision: SPY and gold decided SEPARATELY (A40b) -- on each instrument's own TRAIN, winner = highest sharpe_calday among n>=100 trials; TEST verdict = SURVIVES iff net_pct_cost1>0 & p_boot_day<0.05 & BH-FDR pass @10% (the full 24-row TEST family, both instruments) & net_pct_cost1>control_net_pct & dsr_N24>0.95 & n>=200; n<200 forces UNDERPOWERED regardless of the other five. Exception handling for this unit only: header-only outputs, exit 0 (not _gh.run's usual empty-file/exit 2 -- see module docstring)."
spy034,reversal|L20|R1,reversal,20,1,TEST,13538,56.197370,-0.032078,-0.072078,2.433447,-17.429784,1.000000,1.000000,49.796573,-0.039985,1.000000,50.000000,0.000000,False,"FIXED (pre-registration, A40; gold ENABLED per A40c re-registration 2026-09-13, before any gold row existed -- all 24 trials run: 16 SPY + 8 XAU). Causal swing: prior swing high/low = rolling max/min of the L bars strictly before bar t (shift(1) then rolling(L)), computed continuously across the whole series (no session reset -- range bars are event-driven; only the BUILD resets at sessions). REVERSAL: high>prior_high & close<prior_high -> short (stop=high[t]); low<prior_low & close>prior_low -> long (stop=low[t]). CONTINUATION: close>prior_high -> long (stop=prior_high[t]); close<prior_low -> short (stop=prior_low[t]). Side is not a family dimension; one busy-until tracker per direction, continuous across the whole series (trades are simulated once, then split TRAIN/TEST by the SIGNAL bar's ts_close). Entry = next bar's open (always filled); target = entry +/- R*|entry-stop|; time stop 50 bars counting the entry bar as bar 1; a same-bar stop/target tie goes to the stop; P&L/calendar attribution uses the ENTRY bar's date (always inside the trade's own window; a multi-day hold's exit date routinely is not). Costs: SPY 2bp/side, XAU 1bp/side, round trip = 2 sides; cost2 = 2x cost1. Random-entry control: 200 draws from one generator seeded 11, without replacement, from the SAME window's bars, same direction/stop-distance/R as the matched real trade, net of cost1 only. DSR at N=24 uses the per-trade-Sharpe dispersion of ALL 24 TRIALS (16 SPY + 8 gold) in the same window as SR0's pool -- N=24 is both the pre-registered family size and, now that gold is enabled, the exact size of the pool. Windows: SPY TRAIN 2020-07-27..2023-06-30, TEST 2023-07-01..2026-09-11; XAU TRAIN 2006-03-19..2016-12-31, TEST 2017-01-01..2020-05-14 (A40c, both rebuilt from minute data, same rule as SPY). Decision: SPY and gold decided SEPARATELY (A40b) -- on each instrument's own TRAIN, winner = highest sharpe_calday among n>=100 trials; TEST verdict = SURVIVES iff net_pct_cost1>0 & p_boot_day<0.05 & BH-FDR pass @10% (the full 24-row TEST family, both instruments) & net_pct_cost1>control_net_pct & dsr_N24>0.95 & n>=200; n<200 forces UNDERPOWERED regardless of the other five. Exception handling for this unit only: header-only outputs, exit 0 (not _gh.run's usual empty-file/exit 2 -- see module docstring)."
spy034,reversal|L20|R2,reversal,20,2,TEST,12970,38.851195,-0.030686,-0.070686,4.198535,-14.614490,1.000000,1.000000,33.978874,-0.038791,1.000000,33.333333,0.000000,False,"FIXED (pre-registration, A40; gold ENABLED per A40c re-registration 2026-09-13, before any gold row existed -- all 24 trials run: 16 SPY + 8 XAU). Causal swing: prior swing high/low = rolling max/min of the L bars strictly before bar t (shift(1) then rolling(L)), computed continuously across the whole series (no session reset -- range bars are event-driven; only the BUILD resets at sessions). REVERSAL: high>prior_high & close<prior_high -> short (stop=high[t]); low<prior_low & close>prior_low -> long (stop=low[t]). CONTINUATION: close>prior_high -> long (stop=prior_high[t]); close<prior_low -> short (stop=prior_low[t]). Side is not a family dimension; one busy-until tracker per direction, continuous across the whole series (trades are simulated once, then split TRAIN/TEST by the SIGNAL bar's ts_close). Entry = next bar's open (always filled); target = entry +/- R*|entry-stop|; time stop 50 bars counting the entry bar as bar 1; a same-bar stop/target tie goes to the stop; P&L/calendar attribution uses the ENTRY bar's date (always inside the trade's own window; a multi-day hold's exit date routinely is not). Costs: SPY 2bp/side, XAU 1bp/side, round trip = 2 sides; cost2 = 2x cost1. Random-entry control: 200 draws from one generator seeded 11, without replacement, from the SAME window's bars, same direction/stop-distance/R as the matched real trade, net of cost1 only. DSR at N=24 uses the per-trade-Sharpe dispersion of ALL 24 TRIALS (16 SPY + 8 gold) in the same window as SR0's pool -- N=24 is both the pre-registered family size and, now that gold is enabled, the exact size of the pool. Windows: SPY TRAIN 2020-07-27..2023-06-30, TEST 2023-07-01..2026-09-11; XAU TRAIN 2006-03-19..2016-12-31, TEST 2017-01-01..2020-05-14 (A40c, both rebuilt from minute data, same rule as SPY). Decision: SPY and gold decided SEPARATELY (A40b) -- on each instrument's own TRAIN, winner = highest sharpe_calday among n>=100 trials; TEST verdict = SURVIVES iff net_pct_cost1>0 & p_boot_day<0.05 & BH-FDR pass @10% (the full 24-row TEST family, both instruments) & net_pct_cost1>control_net_pct & dsr_N24>0.95 & n>=200; n<200 forces UNDERPOWERED regardless of the other five. Exception handling for this unit only: header-only outputs, exit 0 (not _gh.run's usual empty-file/exit 2 -- see module docstring)."
spy034,continuation|L10|R1,continuation,10,1,TEST,18560,52.543103,-0.034637,-0.074637,2.234806,-15.408307,1.000000,1.000000,43.008917,-0.041295,1.000000,50.000000,0.000000,False,"FIXED (pre-registration, A40; gold ENABLED per A40c re-registration 2026-09-13, before any gold row existed -- all 24 trials run: 16 SPY + 8 XAU). Causal swing: prior swing high/low = rolling max/min of the L bars strictly before bar t (shift(1) then rolling(L)), computed continuously across the whole series (no session reset -- range bars are event-driven; only the BUILD resets at sessions). REVERSAL: high>prior_high & close<prior_high -> short (stop=high[t]); low<prior_low & close>prior_low -> long (stop=low[t]). CONTINUATION: close>prior_high -> long (stop=prior_high[t]); close<prior_low -> short (stop=prior_low[t]). Side is not a family dimension; one busy-until tracker per direction, continuous across the whole series (trades are simulated once, then split TRAIN/TEST by the SIGNAL bar's ts_close). Entry = next bar's open (always filled); target = entry +/- R*|entry-stop|; time stop 50 bars counting the entry bar as bar 1; a same-bar stop/target tie goes to the stop; P&L/calendar attribution uses the ENTRY bar's date (always inside the trade's own window; a multi-day hold's exit date routinely is not). Costs: SPY 2bp/side, XAU 1bp/side, round trip = 2 sides; cost2 = 2x cost1. Random-entry control: 200 draws from one generator seeded 11, without replacement, from the SAME window's bars, same direction/stop-distance/R as the matched real trade, net of cost1 only. DSR at N=24 uses the per-trade-Sharpe dispersion of ALL 24 TRIALS (16 SPY + 8 gold) in the same window as SR0's pool -- N=24 is both the pre-registered family size and, now that gold is enabled, the exact size of the pool. Windows: SPY TRAIN 2020-07-27..2023-06-30, TEST 2023-07-01..2026-09-11; XAU TRAIN 2006-03-19..2016-12-31, TEST 2017-01-01..2020-05-14 (A40c, both rebuilt from minute data, same rule as SPY). Decision: SPY and gold decided SEPARATELY (A40b) -- on each instrument's own TRAIN, winner = highest sharpe_calday among n>=100 trials; TEST verdict = SURVIVES iff net_pct_cost1>0 & p_boot_day<0.05 & BH-FDR pass @10% (the full 24-row TEST family, both instruments) & net_pct_cost1>control_net_pct & dsr_N24>0.95 & n>=200; n<200 forces UNDERPOWERED regardless of the other five. Exception handling for this unit only: header-only outputs, exit 0 (not _gh.run's usual empty-file/exit 2 -- see module docstring)."
spy034,continuation|L10|R2,continuation,10,2,TEST,16616,42.091960,-0.032817,-0.072817,3.051998,-13.706076,1.000000,1.000000,32.868651,-0.038959,1.000000,33.333333,0.000000,False,"FIXED (pre-registration, A40; gold ENABLED per A40c re-registration 2026-09-13, before any gold row existed -- all 24 trials run: 16 SPY + 8 XAU). Causal swing: prior swing high/low = rolling max/min of the L bars strictly before bar t (shift(1) then rolling(L)), computed continuously across the whole series (no session reset -- range bars are event-driven; only the BUILD resets at sessions). REVERSAL: high>prior_high & close<prior_high -> short (stop=high[t]); low<prior_low & close>prior_low -> long (stop=low[t]). CONTINUATION: close>prior_high -> long (stop=prior_high[t]); close<prior_low -> short (stop=prior_low[t]). Side is not a family dimension; one busy-until tracker per direction, continuous across the whole series (trades are simulated once, then split TRAIN/TEST by the SIGNAL bar's ts_close). Entry = next bar's open (always filled); target = entry +/- R*|entry-stop|; time stop 50 bars counting the entry bar as bar 1; a same-bar stop/target tie goes to the stop; P&L/calendar attribution uses the ENTRY bar's date (always inside the trade's own window; a multi-day hold's exit date routinely is not). Costs: SPY 2bp/side, XAU 1bp/side, round trip = 2 sides; cost2 = 2x cost1. Random-entry control: 200 draws from one generator seeded 11, without replacement, from the SAME window's bars, same direction/stop-distance/R as the matched real trade, net of cost1 only. DSR at N=24 uses the per-trade-Sharpe dispersion of ALL 24 TRIALS (16 SPY + 8 gold) in the same window as SR0's pool -- N=24 is both the pre-registered family size and, now that gold is enabled, the exact size of the pool. Windows: SPY TRAIN 2020-07-27..2023-06-30, TEST 2023-07-01..2026-09-11; XAU TRAIN 2006-03-19..2016-12-31, TEST 2017-01-01..2020-05-14 (A40c, both rebuilt from minute data, same rule as SPY). Decision: SPY and gold decided SEPARATELY (A40b) -- on each instrument's own TRAIN, winner = highest sharpe_calday among n>=100 trials; TEST verdict = SURVIVES iff net_pct_cost1>0 & p_boot_day<0.05 & BH-FDR pass @10% (the full 24-row TEST family, both instruments) & net_pct_cost1>control_net_pct & dsr_N24>0.95 & n>=200; n<200 forces UNDERPOWERED regardless of the other five. Exception handling for this unit only: header-only outputs, exit 0 (not _gh.run's usual empty-file/exit 2 -- see module docstring)."
spy034,continuation|L20|R1,continuation,20,1,TEST,13493,51.219151,-0.036225,-0.076225,2.370192,-12.764742,1.000000,1.000000,42.704069,-0.041333,1.000000,50.000000,0.000000,False,"FIXED (pre-registration, A40; gold ENABLED per A40c re-registration 2026-09-13, before any gold row existed -- all 24 trials run: 16 SPY + 8 XAU). Causal swing: prior swing high/low = rolling max/min of the L bars strictly before bar t (shift(1) then rolling(L)), computed continuously across the whole series (no session reset -- range bars are event-driven; only the BUILD resets at sessions). REVERSAL: high>prior_high & close<prior_high -> short (stop=high[t]); low<prior_low & close>prior_low -> long (stop=low[t]). CONTINUATION: close>prior_high -> long (stop=prior_high[t]); close<prior_low -> short (stop=prior_low[t]). Side is not a family dimension; one busy-until tracker per direction, continuous across the whole series (trades are simulated once, then split TRAIN/TEST by the SIGNAL bar's ts_close). Entry = next bar's open (always filled); target = entry +/- R*|entry-stop|; time stop 50 bars counting the entry bar as bar 1; a same-bar stop/target tie goes to the stop; P&L/calendar attribution uses the ENTRY bar's date (always inside the trade's own window; a multi-day hold's exit date routinely is not). Costs: SPY 2bp/side, XAU 1bp/side, round trip = 2 sides; cost2 = 2x cost1. Random-entry control: 200 draws from one generator seeded 11, without replacement, from the SAME window's bars, same direction/stop-distance/R as the matched real trade, net of cost1 only. DSR at N=24 uses the per-trade-Sharpe dispersion of ALL 24 TRIALS (16 SPY + 8 gold) in the same window as SR0's pool -- N=24 is both the pre-registered family size and, now that gold is enabled, the exact size of the pool. Windows: SPY TRAIN 2020-07-27..2023-06-30, TEST 2023-07-01..2026-09-11; XAU TRAIN 2006-03-19..2016-12-31, TEST 2017-01-01..2020-05-14 (A40c, both rebuilt from minute data, same rule as SPY). Decision: SPY and gold decided SEPARATELY (A40b) -- on each instrument's own TRAIN, winner = highest sharpe_calday among n>=100 trials; TEST verdict = SURVIVES iff net_pct_cost1>0 & p_boot_day<0.05 & BH-FDR pass @10% (the full 24-row TEST family, both instruments) & net_pct_cost1>control_net_pct & dsr_N24>0.95 & n>=200; n<200 forces UNDERPOWERED regardless of the other five. Exception handling for this unit only: header-only outputs, exit 0 (not _gh.run's usual empty-file/exit 2 -- see module docstring)."
spy034,continuation|L20|R2,continuation,20,2,TEST,12103,41.204660,-0.034309,-0.074309,3.191358,-11.020414,1.000000,1.000000,32.865984,-0.038917,1.000000,33.333333,0.000000,False,"FIXED (pre-registration, A40; gold ENABLED per A40c re-registration 2026-09-13, before any gold row existed -- all 24 trials run: 16 SPY + 8 XAU). Causal swing: prior swing high/low = rolling max/min of the L bars strictly before bar t (shift(1) then rolling(L)), computed continuously across the whole series (no session reset -- range bars are event-driven; only the BUILD resets at sessions). REVERSAL: high>prior_high & close<prior_high -> short (stop=high[t]); low<prior_low & close>prior_low -> long (stop=low[t]). CONTINUATION: close>prior_high -> long (stop=prior_high[t]); close<prior_low -> short (stop=prior_low[t]). Side is not a family dimension; one busy-until tracker per direction, continuous across the whole series (trades are simulated once, then split TRAIN/TEST by the SIGNAL bar's ts_close). Entry = next bar's open (always filled); target = entry +/- R*|entry-stop|; time stop 50 bars counting the entry bar as bar 1; a same-bar stop/target tie goes to the stop; P&L/calendar attribution uses the ENTRY bar's date (always inside the trade's own window; a multi-day hold's exit date routinely is not). Costs: SPY 2bp/side, XAU 1bp/side, round trip = 2 sides; cost2 = 2x cost1. Random-entry control: 200 draws from one generator seeded 11, without replacement, from the SAME window's bars, same direction/stop-distance/R as the matched real trade, net of cost1 only. DSR at N=24 uses the per-trade-Sharpe dispersion of ALL 24 TRIALS (16 SPY + 8 gold) in the same window as SR0's pool -- N=24 is both the pre-registered family size and, now that gold is enabled, the exact size of the pool. Windows: SPY TRAIN 2020-07-27..2023-06-30, TEST 2023-07-01..2026-09-11; XAU TRAIN 2006-03-19..2016-12-31, TEST 2017-01-01..2020-05-14 (A40c, both rebuilt from minute data, same rule as SPY). Decision: SPY and gold decided SEPARATELY (A40b) -- on each instrument's own TRAIN, winner = highest sharpe_calday among n>=100 trials; TEST verdict = SURVIVES iff net_pct_cost1>0 & p_boot_day<0.05 & BH-FDR pass @10% (the full 24-row TEST family, both instruments) & net_pct_cost1>control_net_pct & dsr_N24>0.95 & n>=200; n<200 forces UNDERPOWERED regardless of the other five. Exception handling for this unit only: header-only outputs, exit 0 (not _gh.run's usual empty-file/exit 2 -- see module docstring)."
spy100,reversal|L10|R1,reversal,10,1,TEST,3134,53.126994,-0.022809,-0.062809,2.639119,-3.833051,1.000000,1.000000,49.707722,-0.040585,1.000000,50.000000,0.000000,False,"FIXED (pre-registration, A40; gold ENABLED per A40c re-registration 2026-09-13, before any gold row existed -- all 24 trials run: 16 SPY + 8 XAU). Causal swing: prior swing high/low = rolling max/min of the L bars strictly before bar t (shift(1) then rolling(L)), computed continuously across the whole series (no session reset -- range bars are event-driven; only the BUILD resets at sessions). REVERSAL: high>prior_high & close<prior_high -> short (stop=high[t]); low<prior_low & close>prior_low -> long (stop=low[t]). CONTINUATION: close>prior_high -> long (stop=prior_high[t]); close<prior_low -> short (stop=prior_low[t]). Side is not a family dimension; one busy-until tracker per direction, continuous across the whole series (trades are simulated once, then split TRAIN/TEST by the SIGNAL bar's ts_close). Entry = next bar's open (always filled); target = entry +/- R*|entry-stop|; time stop 50 bars counting the entry bar as bar 1; a same-bar stop/target tie goes to the stop; P&L/calendar attribution uses the ENTRY bar's date (always inside the trade's own window; a multi-day hold's exit date routinely is not). Costs: SPY 2bp/side, XAU 1bp/side, round trip = 2 sides; cost2 = 2x cost1. Random-entry control: 200 draws from one generator seeded 11, without replacement, from the SAME window's bars, same direction/stop-distance/R as the matched real trade, net of cost1 only. DSR at N=24 uses the per-trade-Sharpe dispersion of ALL 24 TRIALS (16 SPY + 8 gold) in the same window as SR0's pool -- N=24 is both the pre-registered family size and, now that gold is enabled, the exact size of the pool. Windows: SPY TRAIN 2020-07-27..2023-06-30, TEST 2023-07-01..2026-09-11; XAU TRAIN 2006-03-19..2016-12-31, TEST 2017-01-01..2020-05-14 (A40c, both rebuilt from minute data, same rule as SPY). Decision: SPY and gold decided SEPARATELY (A40b) -- on each instrument's own TRAIN, winner = highest sharpe_calday among n>=100 trials; TEST verdict = SURVIVES iff net_pct_cost1>0 & p_boot_day<0.05 & BH-FDR pass @10% (the full 24-row TEST family, both instruments) & net_pct_cost1>control_net_pct & dsr_N24>0.95 & n>=200; n<200 forces UNDERPOWERED regardless of the other five. Exception handling for this unit only: header-only outputs, exit 0 (not _gh.run's usual empty-file/exit 2 -- see module docstring)."
spy100,reversal|L10|R2,reversal,10,2,TEST,2989,36.768150,-0.018530,-0.058530,4.487119,-2.320967,1.000000,1.000000,34.065574,-0.036328,1.000000,33.333333,0.000000,False,"FIXED (pre-registration, A40; gold ENABLED per A40c re-registration 2026-09-13, before any gold row existed -- all 24 trials run: 16 SPY + 8 XAU). Causal swing: prior swing high/low = rolling max/min of the L bars strictly before bar t (shift(1) then rolling(L)), computed continuously across the whole series (no session reset -- range bars are event-driven; only the BUILD resets at sessions). REVERSAL: high>prior_high & close<prior_high -> short (stop=high[t]); low<prior_low & close>prior_low -> long (stop=low[t]). CONTINUATION: close>prior_high -> long (stop=prior_high[t]); close<prior_low -> short (stop=prior_low[t]). Side is not a family dimension; one busy-until tracker per direction, continuous across the whole series (trades are simulated once, then split TRAIN/TEST by the SIGNAL bar's ts_close). Entry = next bar's open (always filled); target = entry +/- R*|entry-stop|; time stop 50 bars counting the entry bar as bar 1; a same-bar stop/target tie goes to the stop; P&L/calendar attribution uses the ENTRY bar's date (always inside the trade's own window; a multi-day hold's exit date routinely is not). Costs: SPY 2bp/side, XAU 1bp/side, round trip = 2 sides; cost2 = 2x cost1. Random-entry control: 200 draws from one generator seeded 11, without replacement, from the SAME window's bars, same direction/stop-distance/R as the matched real trade, net of cost1 only. DSR at N=24 uses the per-trade-Sharpe dispersion of ALL 24 TRIALS (16 SPY + 8 gold) in the same window as SR0's pool -- N=24 is both the pre-registered family size and, now that gold is enabled, the exact size of the pool. Windows: SPY TRAIN 2020-07-27..2023-06-30, TEST 2023-07-01..2026-09-11; XAU TRAIN 2006-03-19..2016-12-31, TEST 2017-01-01..2020-05-14 (A40c, both rebuilt from minute data, same rule as SPY). Decision: SPY and gold decided SEPARATELY (A40b) -- on each instrument's own TRAIN, winner = highest sharpe_calday among n>=100 trials; TEST verdict = SURVIVES iff net_pct_cost1>0 & p_boot_day<0.05 & BH-FDR pass @10% (the full 24-row TEST family, both instruments) & net_pct_cost1>control_net_pct & dsr_N24>0.95 & n>=200; n<200 forces UNDERPOWERED regardless of the other five. Exception handling for this unit only: header-only outputs, exit 0 (not _gh.run's usual empty-file/exit 2 -- see module docstring)."
spy100,reversal|L20|R1,reversal,20,1,TEST,2233,53.336319,-0.020104,-0.060104,2.575459,-2.750816,1.000000,1.000000,49.685849,-0.040226,1.000000,50.000000,0.000000,False,"FIXED (pre-registration, A40; gold ENABLED per A40c re-registration 2026-09-13, before any gold row existed -- all 24 trials run: 16 SPY + 8 XAU). Causal swing: prior swing high/low = rolling max/min of the L bars strictly before bar t (shift(1) then rolling(L)), computed continuously across the whole series (no session reset -- range bars are event-driven; only the BUILD resets at sessions). REVERSAL: high>prior_high & close<prior_high -> short (stop=high[t]); low<prior_low & close>prior_low -> long (stop=low[t]). CONTINUATION: close>prior_high -> long (stop=prior_high[t]); close<prior_low -> short (stop=prior_low[t]). Side is not a family dimension; one busy-until tracker per direction, continuous across the whole series (trades are simulated once, then split TRAIN/TEST by the SIGNAL bar's ts_close). Entry = next bar's open (always filled); target = entry +/- R*|entry-stop|; time stop 50 bars counting the entry bar as bar 1; a same-bar stop/target tie goes to the stop; P&L/calendar attribution uses the ENTRY bar's date (always inside the trade's own window; a multi-day hold's exit date routinely is not). Costs: SPY 2bp/side, XAU 1bp/side, round trip = 2 sides; cost2 = 2x cost1. Random-entry control: 200 draws from one generator seeded 11, without replacement, from the SAME window's bars, same direction/stop-distance/R as the matched real trade, net of cost1 only. DSR at N=24 uses the per-trade-Sharpe dispersion of ALL 24 TRIALS (16 SPY + 8 gold) in the same window as SR0's pool -- N=24 is both the pre-registered family size and, now that gold is enabled, the exact size of the pool. Windows: SPY TRAIN 2020-07-27..2023-06-30, TEST 2023-07-01..2026-09-11; XAU TRAIN 2006-03-19..2016-12-31, TEST 2017-01-01..2020-05-14 (A40c, both rebuilt from minute data, same rule as SPY). Decision: SPY and gold decided SEPARATELY (A40b) -- on each instrument's own TRAIN, winner = highest sharpe_calday among n>=100 trials; TEST verdict = SURVIVES iff net_pct_cost1>0 & p_boot_day<0.05 & BH-FDR pass @10% (the full 24-row TEST family, both instruments) & net_pct_cost1>control_net_pct & dsr_N24>0.95 & n>=200; n<200 forces UNDERPOWERED regardless of the other five. Exception handling for this unit only: header-only outputs, exit 0 (not _gh.run's usual empty-file/exit 2 -- see module docstring)."
spy100,reversal|L20|R2,reversal,20,2,TEST,2154,37.465181,-0.013304,-0.053304,4.429434,-1.297783,1.000000,1.000000,33.841690,-0.037364,1.000000,33.333333,0.000000,False,"FIXED (pre-registration, A40; gold ENABLED per A40c re-registration 2026-09-13, before any gold row existed -- all 24 trials run: 16 SPY + 8 XAU). Causal swing: prior swing high/low = rolling max/min of the L bars strictly before bar t (shift(1) then rolling(L)), computed continuously across the whole series (no session reset -- range bars are event-driven; only the BUILD resets at sessions). REVERSAL: high>prior_high & close<prior_high -> short (stop=high[t]); low<prior_low & close>prior_low -> long (stop=low[t]). CONTINUATION: close>prior_high -> long (stop=prior_high[t]); close<prior_low -> short (stop=prior_low[t]). Side is not a family dimension; one busy-until tracker per direction, continuous across the whole series (trades are simulated once, then split TRAIN/TEST by the SIGNAL bar's ts_close). Entry = next bar's open (always filled); target = entry +/- R*|entry-stop|; time stop 50 bars counting the entry bar as bar 1; a same-bar stop/target tie goes to the stop; P&L/calendar attribution uses the ENTRY bar's date (always inside the trade's own window; a multi-day hold's exit date routinely is not). Costs: SPY 2bp/side, XAU 1bp/side, round trip = 2 sides; cost2 = 2x cost1. Random-entry control: 200 draws from one generator seeded 11, without replacement, from the SAME window's bars, same direction/stop-distance/R as the matched real trade, net of cost1 only. DSR at N=24 uses the per-trade-Sharpe dispersion of ALL 24 TRIALS (16 SPY + 8 gold) in the same window as SR0's pool -- N=24 is both the pre-registered family size and, now that gold is enabled, the exact size of the pool. Windows: SPY TRAIN 2020-07-27..2023-06-30, TEST 2023-07-01..2026-09-11; XAU TRAIN 2006-03-19..2016-12-31, TEST 2017-01-01..2020-05-14 (A40c, both rebuilt from minute data, same rule as SPY). Decision: SPY and gold decided SEPARATELY (A40b) -- on each instrument's own TRAIN, winner = highest sharpe_calday among n>=100 trials; TEST verdict = SURVIVES iff net_pct_cost1>0 & p_boot_day<0.05 & BH-FDR pass @10% (the full 24-row TEST family, both instruments) & net_pct_cost1>control_net_pct & dsr_N24>0.95 & n>=200; n<200 forces UNDERPOWERED regardless of the other five. Exception handling for this unit only: header-only outputs, exit 0 (not _gh.run's usual empty-file/exit 2 -- see module docstring)."
spy100,continuation|L10|R1,continuation,10,1,TEST,2999,44.748249,-0.036661,-0.076661,2.637212,-5.151466,1.000000,1.000000,40.967489,-0.045160,0.995000,50.000000,0.000000,False,"FIXED (pre-registration, A40; gold ENABLED per A40c re-registration 2026-09-13, before any gold row existed -- all 24 trials run: 16 SPY + 8 XAU). Causal swing: prior swing high/low = rolling max/min of the L bars strictly before bar t (shift(1) then rolling(L)), computed continuously across the whole series (no session reset -- range bars are event-driven; only the BUILD resets at sessions). REVERSAL: high>prior_high & close<prior_high -> short (stop=high[t]); low<prior_low & close>prior_low -> long (stop=low[t]). CONTINUATION: close>prior_high -> long (stop=prior_high[t]); close<prior_low -> short (stop=prior_low[t]). Side is not a family dimension; one busy-until tracker per direction, continuous across the whole series (trades are simulated once, then split TRAIN/TEST by the SIGNAL bar's ts_close). Entry = next bar's open (always filled); target = entry +/- R*|entry-stop|; time stop 50 bars counting the entry bar as bar 1; a same-bar stop/target tie goes to the stop; P&L/calendar attribution uses the ENTRY bar's date (always inside the trade's own window; a multi-day hold's exit date routinely is not). Costs: SPY 2bp/side, XAU 1bp/side, round trip = 2 sides; cost2 = 2x cost1. Random-entry control: 200 draws from one generator seeded 11, without replacement, from the SAME window's bars, same direction/stop-distance/R as the matched real trade, net of cost1 only. DSR at N=24 uses the per-trade-Sharpe dispersion of ALL 24 TRIALS (16 SPY + 8 gold) in the same window as SR0's pool -- N=24 is both the pre-registered family size and, now that gold is enabled, the exact size of the pool. Windows: SPY TRAIN 2020-07-27..2023-06-30, TEST 2023-07-01..2026-09-11; XAU TRAIN 2006-03-19..2016-12-31, TEST 2017-01-01..2020-05-14 (A40c, both rebuilt from minute data, same rule as SPY). Decision: SPY and gold decided SEPARATELY (A40b) -- on each instrument's own TRAIN, winner = highest sharpe_calday among n>=100 trials; TEST verdict = SURVIVES iff net_pct_cost1>0 & p_boot_day<0.05 & BH-FDR pass @10% (the full 24-row TEST family, both instruments) & net_pct_cost1>control_net_pct & dsr_N24>0.95 & n>=200; n<200 forces UNDERPOWERED regardless of the other five. Exception handling for this unit only: header-only outputs, exit 0 (not _gh.run's usual empty-file/exit 2 -- see module docstring)."
spy100,continuation|L10|R2,continuation,10,2,TEST,2651,35.005658,-0.025692,-0.065692,3.780837,-2.821561,1.000000,1.000000,31.169181,-0.037487,0.975000,33.333333,0.000000,False,"FIXED (pre-registration, A40; gold ENABLED per A40c re-registration 2026-09-13, before any gold row existed -- all 24 trials run: 16 SPY + 8 XAU). Causal swing: prior swing high/low = rolling max/min of the L bars strictly before bar t (shift(1) then rolling(L)), computed continuously across the whole series (no session reset -- range bars are event-driven; only the BUILD resets at sessions). REVERSAL: high>prior_high & close<prior_high -> short (stop=high[t]); low<prior_low & close>prior_low -> long (stop=low[t]). CONTINUATION: close>prior_high -> long (stop=prior_high[t]); close<prior_low -> short (stop=prior_low[t]). Side is not a family dimension; one busy-until tracker per direction, continuous across the whole series (trades are simulated once, then split TRAIN/TEST by the SIGNAL bar's ts_close). Entry = next bar's open (always filled); target = entry +/- R*|entry-stop|; time stop 50 bars counting the entry bar as bar 1; a same-bar stop/target tie goes to the stop; P&L/calendar attribution uses the ENTRY bar's date (always inside the trade's own window; a multi-day hold's exit date routinely is not). Costs: SPY 2bp/side, XAU 1bp/side, round trip = 2 sides; cost2 = 2x cost1. Random-entry control: 200 draws from one generator seeded 11, without replacement, from the SAME window's bars, same direction/stop-distance/R as the matched real trade, net of cost1 only. DSR at N=24 uses the per-trade-Sharpe dispersion of ALL 24 TRIALS (16 SPY + 8 gold) in the same window as SR0's pool -- N=24 is both the pre-registered family size and, now that gold is enabled, the exact size of the pool. Windows: SPY TRAIN 2020-07-27..2023-06-30, TEST 2023-07-01..2026-09-11; XAU TRAIN 2006-03-19..2016-12-31, TEST 2017-01-01..2020-05-14 (A40c, both rebuilt from minute data, same rule as SPY). Decision: SPY and gold decided SEPARATELY (A40b) -- on each instrument's own TRAIN, winner = highest sharpe_calday among n>=100 trials; TEST verdict = SURVIVES iff net_pct_cost1>0 & p_boot_day<0.05 & BH-FDR pass @10% (the full 24-row TEST family, both instruments) & net_pct_cost1>control_net_pct & dsr_N24>0.95 & n>=200; n<200 forces UNDERPOWERED regardless of the other five. Exception handling for this unit only: header-only outputs, exit 0 (not _gh.run's usual empty-file/exit 2 -- see module docstring)."
spy100,continuation|L20|R1,continuation,20,1,TEST,2178,46.005510,-0.035498,-0.075498,2.700184,-4.063522,1.000000,1.000000,40.980028,-0.045107,1.000000,50.000000,0.000000,False,"FIXED (pre-registration, A40; gold ENABLED per A40c re-registration 2026-09-13, before any gold row existed -- all 24 trials run: 16 SPY + 8 XAU). Causal swing: prior swing high/low = rolling max/min of the L bars strictly before bar t (shift(1) then rolling(L)), computed continuously across the whole series (no session reset -- range bars are event-driven; only the BUILD resets at sessions). REVERSAL: high>prior_high & close<prior_high -> short (stop=high[t]); low<prior_low & close>prior_low -> long (stop=low[t]). CONTINUATION: close>prior_high -> long (stop=prior_high[t]); close<prior_low -> short (stop=prior_low[t]). Side is not a family dimension; one busy-until tracker per direction, continuous across the whole series (trades are simulated once, then split TRAIN/TEST by the SIGNAL bar's ts_close). Entry = next bar's open (always filled); target = entry +/- R*|entry-stop|; time stop 50 bars counting the entry bar as bar 1; a same-bar stop/target tie goes to the stop; P&L/calendar attribution uses the ENTRY bar's date (always inside the trade's own window; a multi-day hold's exit date routinely is not). Costs: SPY 2bp/side, XAU 1bp/side, round trip = 2 sides; cost2 = 2x cost1. Random-entry control: 200 draws from one generator seeded 11, without replacement, from the SAME window's bars, same direction/stop-distance/R as the matched real trade, net of cost1 only. DSR at N=24 uses the per-trade-Sharpe dispersion of ALL 24 TRIALS (16 SPY + 8 gold) in the same window as SR0's pool -- N=24 is both the pre-registered family size and, now that gold is enabled, the exact size of the pool. Windows: SPY TRAIN 2020-07-27..2023-06-30, TEST 2023-07-01..2026-09-11; XAU TRAIN 2006-03-19..2016-12-31, TEST 2017-01-01..2020-05-14 (A40c, both rebuilt from minute data, same rule as SPY). Decision: SPY and gold decided SEPARATELY (A40b) -- on each instrument's own TRAIN, winner = highest sharpe_calday among n>=100 trials; TEST verdict = SURVIVES iff net_pct_cost1>0 & p_boot_day<0.05 & BH-FDR pass @10% (the full 24-row TEST family, both instruments) & net_pct_cost1>control_net_pct & dsr_N24>0.95 & n>=200; n<200 forces UNDERPOWERED regardless of the other five. Exception handling for this unit only: header-only outputs, exit 0 (not _gh.run's usual empty-file/exit 2 -- see module docstring)."
spy100,continuation|L20|R2,continuation,20,2,TEST,1933,37.040869,-0.023771,-0.063771,3.938438,-2.096912,1.000000,1.000000,31.103466,-0.038186,0.990000,33.333333,0.000000,False,"FIXED (pre-registration, A40; gold ENABLED per A40c re-registration 2026-09-13, before any gold row existed -- all 24 trials run: 16 SPY + 8 XAU). Causal swing: prior swing high/low = rolling max/min of the L bars strictly before bar t (shift(1) then rolling(L)), computed continuously across the whole series (no session reset -- range bars are event-driven; only the BUILD resets at sessions). REVERSAL: high>prior_high & close<prior_high -> short (stop=high[t]); low<prior_low & close>prior_low -> long (stop=low[t]). CONTINUATION: close>prior_high -> long (stop=prior_high[t]); close<prior_low -> short (stop=prior_low[t]). Side is not a family dimension; one busy-until tracker per direction, continuous across the whole series (trades are simulated once, then split TRAIN/TEST by the SIGNAL bar's ts_close). Entry = next bar's open (always filled); target = entry +/- R*|entry-stop|; time stop 50 bars counting the entry bar as bar 1; a same-bar stop/target tie goes to the stop; P&L/calendar attribution uses the ENTRY bar's date (always inside the trade's own window; a multi-day hold's exit date routinely is not). Costs: SPY 2bp/side, XAU 1bp/side, round trip = 2 sides; cost2 = 2x cost1. Random-entry control: 200 draws from one generator seeded 11, without replacement, from the SAME window's bars, same direction/stop-distance/R as the matched real trade, net of cost1 only. DSR at N=24 uses the per-trade-Sharpe dispersion of ALL 24 TRIALS (16 SPY + 8 gold) in the same window as SR0's pool -- N=24 is both the pre-registered family size and, now that gold is enabled, the exact size of the pool. Windows: SPY TRAIN 2020-07-27..2023-06-30, TEST 2023-07-01..2026-09-11; XAU TRAIN 2006-03-19..2016-12-31, TEST 2017-01-01..2020-05-14 (A40c, both rebuilt from minute data, same rule as SPY). Decision: SPY and gold decided SEPARATELY (A40b) -- on each instrument's own TRAIN, winner = highest sharpe_calday among n>=100 trials; TEST verdict = SURVIVES iff net_pct_cost1>0 & p_boot_day<0.05 & BH-FDR pass @10% (the full 24-row TEST family, both instruments) & net_pct_cost1>control_net_pct & dsr_N24>0.95 & n>=200; n<200 forces UNDERPOWERED regardless of the other five. Exception handling for this unit only: header-only outputs, exit 0 (not _gh.run's usual empty-file/exit 2 -- see module docstring)."
xau5,reversal|L10|R1,reversal,10,1,TEST,1389,50.395968,-0.017050,-0.037050,2.816415,-1.021105,1.000000,1.000000,49.450324,-0.021416,0.680000,50.000000,0.000000,False,"FIXED (pre-registration, A40; gold ENABLED per A40c re-registration 2026-09-13, before any gold row existed -- all 24 trials run: 16 SPY + 8 XAU). Causal swing: prior swing high/low = rolling max/min of the L bars strictly before bar t (shift(1) then rolling(L)), computed continuously across the whole series (no session reset -- range bars are event-driven; only the BUILD resets at sessions). REVERSAL: high>prior_high & close<prior_high -> short (stop=high[t]); low<prior_low & close>prior_low -> long (stop=low[t]). CONTINUATION: close>prior_high -> long (stop=prior_high[t]); close<prior_low -> short (stop=prior_low[t]). Side is not a family dimension; one busy-until tracker per direction, continuous across the whole series (trades are simulated once, then split TRAIN/TEST by the SIGNAL bar's ts_close). Entry = next bar's open (always filled); target = entry +/- R*|entry-stop|; time stop 50 bars counting the entry bar as bar 1; a same-bar stop/target tie goes to the stop; P&L/calendar attribution uses the ENTRY bar's date (always inside the trade's own window; a multi-day hold's exit date routinely is not). Costs: SPY 2bp/side, XAU 1bp/side, round trip = 2 sides; cost2 = 2x cost1. Random-entry control: 200 draws from one generator seeded 11, without replacement, from the SAME window's bars, same direction/stop-distance/R as the matched real trade, net of cost1 only. DSR at N=24 uses the per-trade-Sharpe dispersion of ALL 24 TRIALS (16 SPY + 8 gold) in the same window as SR0's pool -- N=24 is both the pre-registered family size and, now that gold is enabled, the exact size of the pool. Windows: SPY TRAIN 2020-07-27..2023-06-30, TEST 2023-07-01..2026-09-11; XAU TRAIN 2006-03-19..2016-12-31, TEST 2017-01-01..2020-05-14 (A40c, both rebuilt from minute data, same rule as SPY). Decision: SPY and gold decided SEPARATELY (A40b) -- on each instrument's own TRAIN, winner = highest sharpe_calday among n>=100 trials; TEST verdict = SURVIVES iff net_pct_cost1>0 & p_boot_day<0.05 & BH-FDR pass @10% (the full 24-row TEST family, both instruments) & net_pct_cost1>control_net_pct & dsr_N24>0.95 & n>=200; n<200 forces UNDERPOWERED regardless of the other five. Exception handling for this unit only: header-only outputs, exit 0 (not _gh.run's usual empty-file/exit 2 -- see module docstring)."
xau5,reversal|L10|R2,reversal,10,2,TEST,1301,33.435819,-0.019178,-0.039178,5.040738,-0.808398,1.000000,1.000000,32.574942,-0.025365,0.685000,33.333333,0.000000,False,"FIXED (pre-registration, A40; gold ENABLED per A40c re-registration 2026-09-13, before any gold row existed -- all 24 trials run: 16 SPY + 8 XAU). Causal swing: prior swing high/low = rolling max/min of the L bars strictly before bar t (shift(1) then rolling(L)), computed continuously across the whole series (no session reset -- range bars are event-driven; only the BUILD resets at sessions). REVERSAL: high>prior_high & close<prior_high -> short (stop=high[t]); low<prior_low & close>prior_low -> long (stop=low[t]). CONTINUATION: close>prior_high -> long (stop=prior_high[t]); close<prior_low -> short (stop=prior_low[t]). Side is not a family dimension; one busy-until tracker per direction, continuous across the whole series (trades are simulated once, then split TRAIN/TEST by the SIGNAL bar's ts_close). Entry = next bar's open (always filled); target = entry +/- R*|entry-stop|; time stop 50 bars counting the entry bar as bar 1; a same-bar stop/target tie goes to the stop; P&L/calendar attribution uses the ENTRY bar's date (always inside the trade's own window; a multi-day hold's exit date routinely is not). Costs: SPY 2bp/side, XAU 1bp/side, round trip = 2 sides; cost2 = 2x cost1. Random-entry control: 200 draws from one generator seeded 11, without replacement, from the SAME window's bars, same direction/stop-distance/R as the matched real trade, net of cost1 only. DSR at N=24 uses the per-trade-Sharpe dispersion of ALL 24 TRIALS (16 SPY + 8 gold) in the same window as SR0's pool -- N=24 is both the pre-registered family size and, now that gold is enabled, the exact size of the pool. Windows: SPY TRAIN 2020-07-27..2023-06-30, TEST 2023-07-01..2026-09-11; XAU TRAIN 2006-03-19..2016-12-31, TEST 2017-01-01..2020-05-14 (A40c, both rebuilt from minute data, same rule as SPY). Decision: SPY and gold decided SEPARATELY (A40b) -- on each instrument's own TRAIN, winner = highest sharpe_calday among n>=100 trials; TEST verdict = SURVIVES iff net_pct_cost1>0 & p_boot_day<0.05 & BH-FDR pass @10% (the full 24-row TEST family, both instruments) & net_pct_cost1>control_net_pct & dsr_N24>0.95 & n>=200; n<200 forces UNDERPOWERED regardless of the other five. Exception handling for this unit only: header-only outputs, exit 0 (not _gh.run's usual empty-file/exit 2 -- see module docstring)."
xau5,reversal|L20|R1,reversal,20,1,TEST,971,50.154480,-0.019751,-0.039751,2.866117,-0.934187,1.000000,1.000000,49.513903,-0.020686,0.505000,50.000000,0.000000,False,"FIXED (pre-registration, A40; gold ENABLED per A40c re-registration 2026-09-13, before any gold row existed -- all 24 trials run: 16 SPY + 8 XAU). Causal swing: prior swing high/low = rolling max/min of the L bars strictly before bar t (shift(1) then rolling(L)), computed continuously across the whole series (no session reset -- range bars are event-driven; only the BUILD resets at sessions). REVERSAL: high>prior_high & close<prior_high -> short (stop=high[t]); low<prior_low & close>prior_low -> long (stop=low[t]). CONTINUATION: close>prior_high -> long (stop=prior_high[t]); close<prior_low -> short (stop=prior_low[t]). Side is not a family dimension; one busy-until tracker per direction, continuous across the whole series (trades are simulated once, then split TRAIN/TEST by the SIGNAL bar's ts_close). Entry = next bar's open (always filled); target = entry +/- R*|entry-stop|; time stop 50 bars counting the entry bar as bar 1; a same-bar stop/target tie goes to the stop; P&L/calendar attribution uses the ENTRY bar's date (always inside the trade's own window; a multi-day hold's exit date routinely is not). Costs: SPY 2bp/side, XAU 1bp/side, round trip = 2 sides; cost2 = 2x cost1. Random-entry control: 200 draws from one generator seeded 11, without replacement, from the SAME window's bars, same direction/stop-distance/R as the matched real trade, net of cost1 only. DSR at N=24 uses the per-trade-Sharpe dispersion of ALL 24 TRIALS (16 SPY + 8 gold) in the same window as SR0's pool -- N=24 is both the pre-registered family size and, now that gold is enabled, the exact size of the pool. Windows: SPY TRAIN 2020-07-27..2023-06-30, TEST 2023-07-01..2026-09-11; XAU TRAIN 2006-03-19..2016-12-31, TEST 2017-01-01..2020-05-14 (A40c, both rebuilt from minute data, same rule as SPY). Decision: SPY and gold decided SEPARATELY (A40b) -- on each instrument's own TRAIN, winner = highest sharpe_calday among n>=100 trials; TEST verdict = SURVIVES iff net_pct_cost1>0 & p_boot_day<0.05 & BH-FDR pass @10% (the full 24-row TEST family, both instruments) & net_pct_cost1>control_net_pct & dsr_N24>0.95 & n>=200; n<200 forces UNDERPOWERED regardless of the other five. Exception handling for this unit only: header-only outputs, exit 0 (not _gh.run's usual empty-file/exit 2 -- see module docstring)."
xau5,reversal|L20|R2,reversal,20,2,TEST,924,34.199134,-0.014659,-0.034659,5.081169,-0.499897,1.000000,1.000000,32.571970,-0.025280,0.765000,33.333333,0.000000,False,"FIXED (pre-registration, A40; gold ENABLED per A40c re-registration 2026-09-13, before any gold row existed -- all 24 trials run: 16 SPY + 8 XAU). Causal swing: prior swing high/low = rolling max/min of the L bars strictly before bar t (shift(1) then rolling(L)), computed continuously across the whole series (no session reset -- range bars are event-driven; only the BUILD resets at sessions). REVERSAL: high>prior_high & close<prior_high -> short (stop=high[t]); low<prior_low & close>prior_low -> long (stop=low[t]). CONTINUATION: close>prior_high -> long (stop=prior_high[t]); close<prior_low -> short (stop=prior_low[t]). Side is not a family dimension; one busy-until tracker per direction, continuous across the whole series (trades are simulated once, then split TRAIN/TEST by the SIGNAL bar's ts_close). Entry = next bar's open (always filled); target = entry +/- R*|entry-stop|; time stop 50 bars counting the entry bar as bar 1; a same-bar stop/target tie goes to the stop; P&L/calendar attribution uses the ENTRY bar's date (always inside the trade's own window; a multi-day hold's exit date routinely is not). Costs: SPY 2bp/side, XAU 1bp/side, round trip = 2 sides; cost2 = 2x cost1. Random-entry control: 200 draws from one generator seeded 11, without replacement, from the SAME window's bars, same direction/stop-distance/R as the matched real trade, net of cost1 only. DSR at N=24 uses the per-trade-Sharpe dispersion of ALL 24 TRIALS (16 SPY + 8 gold) in the same window as SR0's pool -- N=24 is both the pre-registered family size and, now that gold is enabled, the exact size of the pool. Windows: SPY TRAIN 2020-07-27..2023-06-30, TEST 2023-07-01..2026-09-11; XAU TRAIN 2006-03-19..2016-12-31, TEST 2017-01-01..2020-05-14 (A40c, both rebuilt from minute data, same rule as SPY). Decision: SPY and gold decided SEPARATELY (A40b) -- on each instrument's own TRAIN, winner = highest sharpe_calday among n>=100 trials; TEST verdict = SURVIVES iff net_pct_cost1>0 & p_boot_day<0.05 & BH-FDR pass @10% (the full 24-row TEST family, both instruments) & net_pct_cost1>control_net_pct & dsr_N24>0.95 & n>=200; n<200 forces UNDERPOWERED regardless of the other five. Exception handling for this unit only: header-only outputs, exit 0 (not _gh.run's usual empty-file/exit 2 -- see module docstring)."
xau5,continuation|L10|R1,continuation,10,1,TEST,1289,37.238169,-0.033129,-0.053129,1.358417,-2.840389,1.000000,1.000000,36.321955,-0.034206,0.580000,50.000000,0.000000,False,"FIXED (pre-registration, A40; gold ENABLED per A40c re-registration 2026-09-13, before any gold row existed -- all 24 trials run: 16 SPY + 8 XAU). Causal swing: prior swing high/low = rolling max/min of the L bars strictly before bar t (shift(1) then rolling(L)), computed continuously across the whole series (no session reset -- range bars are event-driven; only the BUILD resets at sessions). REVERSAL: high>prior_high & close<prior_high -> short (stop=high[t]); low<prior_low & close>prior_low -> long (stop=low[t]). CONTINUATION: close>prior_high -> long (stop=prior_high[t]); close<prior_low -> short (stop=prior_low[t]). Side is not a family dimension; one busy-until tracker per direction, continuous across the whole series (trades are simulated once, then split TRAIN/TEST by the SIGNAL bar's ts_close). Entry = next bar's open (always filled); target = entry +/- R*|entry-stop|; time stop 50 bars counting the entry bar as bar 1; a same-bar stop/target tie goes to the stop; P&L/calendar attribution uses the ENTRY bar's date (always inside the trade's own window; a multi-day hold's exit date routinely is not). Costs: SPY 2bp/side, XAU 1bp/side, round trip = 2 sides; cost2 = 2x cost1. Random-entry control: 200 draws from one generator seeded 11, without replacement, from the SAME window's bars, same direction/stop-distance/R as the matched real trade, net of cost1 only. DSR at N=24 uses the per-trade-Sharpe dispersion of ALL 24 TRIALS (16 SPY + 8 gold) in the same window as SR0's pool -- N=24 is both the pre-registered family size and, now that gold is enabled, the exact size of the pool. Windows: SPY TRAIN 2020-07-27..2023-06-30, TEST 2023-07-01..2026-09-11; XAU TRAIN 2006-03-19..2016-12-31, TEST 2017-01-01..2020-05-14 (A40c, both rebuilt from minute data, same rule as SPY). Decision: SPY and gold decided SEPARATELY (A40b) -- on each instrument's own TRAIN, winner = highest sharpe_calday among n>=100 trials; TEST verdict = SURVIVES iff net_pct_cost1>0 & p_boot_day<0.05 & BH-FDR pass @10% (the full 24-row TEST family, both instruments) & net_pct_cost1>control_net_pct & dsr_N24>0.95 & n>=200; n<200 forces UNDERPOWERED regardless of the other five. Exception handling for this unit only: header-only outputs, exit 0 (not _gh.run's usual empty-file/exit 2 -- see module docstring)."
xau5,continuation|L10|R2,continuation,10,2,TEST,1201,27.560366,-0.034279,-0.054279,1.950874,-2.099128,1.000000,1.000000,27.080350,-0.027444,0.200000,33.333333,0.000000,False,"FIXED (pre-registration, A40; gold ENABLED per A40c re-registration 2026-09-13, before any gold row existed -- all 24 trials run: 16 SPY + 8 XAU). Causal swing: prior swing high/low = rolling max/min of the L bars strictly before bar t (shift(1) then rolling(L)), computed continuously across the whole series (no session reset -- range bars are event-driven; only the BUILD resets at sessions). REVERSAL: high>prior_high & close<prior_high -> short (stop=high[t]); low<prior_low & close>prior_low -> long (stop=low[t]). CONTINUATION: close>prior_high -> long (stop=prior_high[t]); close<prior_low -> short (stop=prior_low[t]). Side is not a family dimension; one busy-until tracker per direction, continuous across the whole series (trades are simulated once, then split TRAIN/TEST by the SIGNAL bar's ts_close). Entry = next bar's open (always filled); target = entry +/- R*|entry-stop|; time stop 50 bars counting the entry bar as bar 1; a same-bar stop/target tie goes to the stop; P&L/calendar attribution uses the ENTRY bar's date (always inside the trade's own window; a multi-day hold's exit date routinely is not). Costs: SPY 2bp/side, XAU 1bp/side, round trip = 2 sides; cost2 = 2x cost1. Random-entry control: 200 draws from one generator seeded 11, without replacement, from the SAME window's bars, same direction/stop-distance/R as the matched real trade, net of cost1 only. DSR at N=24 uses the per-trade-Sharpe dispersion of ALL 24 TRIALS (16 SPY + 8 gold) in the same window as SR0's pool -- N=24 is both the pre-registered family size and, now that gold is enabled, the exact size of the pool. Windows: SPY TRAIN 2020-07-27..2023-06-30, TEST 2023-07-01..2026-09-11; XAU TRAIN 2006-03-19..2016-12-31, TEST 2017-01-01..2020-05-14 (A40c, both rebuilt from minute data, same rule as SPY). Decision: SPY and gold decided SEPARATELY (A40b) -- on each instrument's own TRAIN, winner = highest sharpe_calday among n>=100 trials; TEST verdict = SURVIVES iff net_pct_cost1>0 & p_boot_day<0.05 & BH-FDR pass @10% (the full 24-row TEST family, both instruments) & net_pct_cost1>control_net_pct & dsr_N24>0.95 & n>=200; n<200 forces UNDERPOWERED regardless of the other five. Exception handling for this unit only: header-only outputs, exit 0 (not _gh.run's usual empty-file/exit 2 -- see module docstring)."
xau5,continuation|L20|R1,continuation,20,1,TEST,925,37.621622,-0.028531,-0.048531,1.300541,-2.180701,1.000000,1.000000,35.928649,-0.034884,0.850000,50.000000,0.000000,False,"FIXED (pre-registration, A40; gold ENABLED per A40c re-registration 2026-09-13, before any gold row existed -- all 24 trials run: 16 SPY + 8 XAU). Causal swing: prior swing high/low = rolling max/min of the L bars strictly before bar t (shift(1) then rolling(L)), computed continuously across the whole series (no session reset -- range bars are event-driven; only the BUILD resets at sessions). REVERSAL: high>prior_high & close<prior_high -> short (stop=high[t]); low<prior_low & close>prior_low -> long (stop=low[t]). CONTINUATION: close>prior_high -> long (stop=prior_high[t]); close<prior_low -> short (stop=prior_low[t]). Side is not a family dimension; one busy-until tracker per direction, continuous across the whole series (trades are simulated once, then split TRAIN/TEST by the SIGNAL bar's ts_close). Entry = next bar's open (always filled); target = entry +/- R*|entry-stop|; time stop 50 bars counting the entry bar as bar 1; a same-bar stop/target tie goes to the stop; P&L/calendar attribution uses the ENTRY bar's date (always inside the trade's own window; a multi-day hold's exit date routinely is not). Costs: SPY 2bp/side, XAU 1bp/side, round trip = 2 sides; cost2 = 2x cost1. Random-entry control: 200 draws from one generator seeded 11, without replacement, from the SAME window's bars, same direction/stop-distance/R as the matched real trade, net of cost1 only. DSR at N=24 uses the per-trade-Sharpe dispersion of ALL 24 TRIALS (16 SPY + 8 gold) in the same window as SR0's pool -- N=24 is both the pre-registered family size and, now that gold is enabled, the exact size of the pool. Windows: SPY TRAIN 2020-07-27..2023-06-30, TEST 2023-07-01..2026-09-11; XAU TRAIN 2006-03-19..2016-12-31, TEST 2017-01-01..2020-05-14 (A40c, both rebuilt from minute data, same rule as SPY). Decision: SPY and gold decided SEPARATELY (A40b) -- on each instrument's own TRAIN, winner = highest sharpe_calday among n>=100 trials; TEST verdict = SURVIVES iff net_pct_cost1>0 & p_boot_day<0.05 & BH-FDR pass @10% (the full 24-row TEST family, both instruments) & net_pct_cost1>control_net_pct & dsr_N24>0.95 & n>=200; n<200 forces UNDERPOWERED regardless of the other five. Exception handling for this unit only: header-only outputs, exit 0 (not _gh.run's usual empty-file/exit 2 -- see module docstring)."
xau5,continuation|L20|R2,continuation,20,2,TEST,864,28.009259,-0.027513,-0.047513,1.906250,-1.532913,1.000000,1.000000,27.036458,-0.026944,0.470000,33.333333,0.000000,False,"FIXED (pre-registration, A40; gold ENABLED per A40c re-registration 2026-09-13, before any gold row existed -- all 24 trials run: 16 SPY + 8 XAU). Causal swing: prior swing high/low = rolling max/min of the L bars strictly before bar t (shift(1) then rolling(L)), computed continuously across the whole series (no session reset -- range bars are event-driven; only the BUILD resets at sessions). REVERSAL: high>prior_high & close<prior_high -> short (stop=high[t]); low<prior_low & close>prior_low -> long (stop=low[t]). CONTINUATION: close>prior_high -> long (stop=prior_high[t]); close<prior_low -> short (stop=prior_low[t]). Side is not a family dimension; one busy-until tracker per direction, continuous across the whole series (trades are simulated once, then split TRAIN/TEST by the SIGNAL bar's ts_close). Entry = next bar's open (always filled); target = entry +/- R*|entry-stop|; time stop 50 bars counting the entry bar as bar 1; a same-bar stop/target tie goes to the stop; P&L/calendar attribution uses the ENTRY bar's date (always inside the trade's own window; a multi-day hold's exit date routinely is not). Costs: SPY 2bp/side, XAU 1bp/side, round trip = 2 sides; cost2 = 2x cost1. Random-entry control: 200 draws from one generator seeded 11, without replacement, from the SAME window's bars, same direction/stop-distance/R as the matched real trade, net of cost1 only. DSR at N=24 uses the per-trade-Sharpe dispersion of ALL 24 TRIALS (16 SPY + 8 gold) in the same window as SR0's pool -- N=24 is both the pre-registered family size and, now that gold is enabled, the exact size of the pool. Windows: SPY TRAIN 2020-07-27..2023-06-30, TEST 2023-07-01..2026-09-11; XAU TRAIN 2006-03-19..2016-12-31, TEST 2017-01-01..2020-05-14 (A40c, both rebuilt from minute data, same rule as SPY). Decision: SPY and gold decided SEPARATELY (A40b) -- on each instrument's own TRAIN, winner = highest sharpe_calday among n>=100 trials; TEST verdict = SURVIVES iff net_pct_cost1>0 & p_boot_day<0.05 & BH-FDR pass @10% (the full 24-row TEST family, both instruments) & net_pct_cost1>control_net_pct & dsr_N24>0.95 & n>=200; n<200 forces UNDERPOWERED regardless of the other five. Exception handling for this unit only: header-only outputs, exit 0 (not _gh.run's usual empty-file/exit 2 -- see module docstring)."
