series,L,horizon,pattern,n,mean_range,median_range,mean_pct,median_pct,p_vs_unconditional
spy034,10,1,reversal,38684,0.161931,0.235294,0.011123,0.015712,0.000000
spy034,10,1,continuation,54964,0.052744,-0.058824,0.003826,-0.003705,0.000000
spy034,10,1,unconditional,237825,0.005477,0.014706,0.000400,0.000973,
spy034,10,5,reversal,38683,0.191590,0.147059,0.013229,0.009752,0.000000
spy034,10,5,continuation,54963,0.053868,0.073529,0.004168,0.005036,0.069750
spy034,10,5,unconditional,237821,0.027404,0.029412,0.002000,0.001664,
spy034,10,20,reversal,38681,0.201941,0.132353,0.014237,0.008801,0.067500
spy034,10,20,continuation,54959,0.092934,0.147059,0.007470,0.010181,1.000000
spy034,10,20,unconditional,237806,0.109605,0.102941,0.007980,0.006632,
spy034,20,1,reversal,27627,0.154732,0.235294,0.010540,0.014274,0.000000
spy034,20,1,continuation,39784,0.048947,-0.058824,0.003617,-0.004387,0.000000
spy034,20,1,unconditional,237825,0.005477,0.014706,0.000400,0.000973,
spy034,20,5,reversal,27626,0.174321,0.117647,0.011831,0.008350,0.000000
spy034,20,5,continuation,39783,0.046617,0.088235,0.003761,0.005532,0.143250
spy034,20,5,unconditional,237821,0.027404,0.029412,0.002000,0.001664,
spy034,20,20,reversal,27624,0.184642,0.088235,0.012633,0.006774,0.165000
spy034,20,20,continuation,39782,0.098086,0.147059,0.008145,0.010702,0.487250
spy034,20,20,unconditional,237806,0.109605,0.102941,0.007980,0.006632,
spy100,10,1,reversal,6357,0.057798,-0.010000,0.011667,-0.001340,0.001000
spy100,10,1,continuation,9244,0.034727,0.077500,0.008185,0.014123,0.005750
spy100,10,1,unconditional,39018,0.011336,0.030000,0.002424,0.005430,
spy100,10,5,reversal,6356,0.056366,0.090000,0.011029,0.016748,1.000000
spy100,10,5,continuation,9244,0.066562,0.130000,0.014971,0.023736,0.374750
spy100,10,5,unconditional,39014,0.056701,0.055000,0.012152,0.010635,
spy100,10,20,reversal,6353,0.107147,0.070000,0.022067,0.011603,1.000000
spy100,10,20,continuation,9242,0.166829,0.230000,0.031492,0.041918,1.000000
spy100,10,20,unconditional,38999,0.226619,0.170000,0.048676,0.032838,
spy100,20,1,reversal,4522,0.046199,-0.030000,0.009325,-0.006610,0.018000
spy100,20,1,continuation,6684,0.043025,0.085000,0.010276,0.015935,0.002000
spy100,20,1,unconditional,39018,0.011336,0.030000,0.002424,0.005430,
spy100,20,5,reversal,4522,0.037134,0.040000,0.007485,0.007667,1.000000
spy100,20,5,continuation,6684,0.083761,0.140000,0.019528,0.025727,0.219750
spy100,20,5,unconditional,39014,0.056701,0.055000,0.012152,0.010635,
spy100,20,20,reversal,4521,0.156016,0.160000,0.031794,0.029872,1.000000
spy100,20,20,continuation,6684,0.155149,0.210000,0.030196,0.039746,1.000000
spy100,20,20,unconditional,38999,0.226619,0.170000,0.048676,0.032838,
xau5,10,1,reversal,8211,0.007557,-0.017200,0.001637,-0.005171,1.000000
xau5,10,1,continuation,10711,0.022495,-0.092000,0.009160,-0.032681,0.031500
xau5,10,1,unconditional,48817,0.004769,0.057400,0.002806,0.021152,
xau5,10,5,reversal,8210,-0.021444,0.037500,-0.009979,0.014512,1.000000
xau5,10,5,continuation,10710,0.068153,0.028600,0.027951,0.010553,0.115500
xau5,10,5,unconditional,48813,0.023848,0.026000,0.014027,0.009564,
xau5,10,20,reversal,8209,-0.029120,-0.026200,-0.016904,-0.011085,1.000000
xau5,10,20,continuation,10708,0.111643,0.109800,0.045814,0.039998,1.000000
xau5,10,20,unconditional,48798,0.094675,0.096100,0.056022,0.036077,
xau5,20,1,reversal,5774,0.013122,0.032900,0.003564,0.011940,0.432500
xau5,20,1,continuation,7853,0.026646,-0.070000,0.009694,-0.025720,0.041250
xau5,20,1,unconditional,48817,0.004769,0.057400,0.002806,0.021152,
xau5,20,5,reversal,5773,-0.016064,0.055400,-0.007889,0.021439,1.000000
xau5,20,5,continuation,7852,0.074127,0.027500,0.030369,0.009905,0.104500
xau5,20,5,unconditional,48813,0.023848,0.026000,0.014027,0.009564,
xau5,20,20,reversal,5772,-0.050517,-0.060400,-0.027015,-0.023748,1.000000
xau5,20,20,continuation,7850,0.118734,0.119100,0.046755,0.044759,1.000000
xau5,20,20,unconditional,48798,0.094675,0.096100,0.056022,0.036077,
