candidate,n,p_boot_month,fdr_pass_10pct,sr_trade,dsr_N12,dsr_N42
15:00|both|vixmove_fixed,93,,False,0.154027,0.746532,0.662119
15:30|both|vixmove_exp,147,0.078000,False,0.114197,0.634153,0.514802
15:30|both|vixmove_fixed,93,,False,0.143004,0.707161,0.619664
15:00|both|vixmove_exp,146,0.179750,False,0.109818,0.615521,0.493484
15:30|put|mag,182,0.254500,False,0.052266,0.337725,0.232376
15:30|put|vixmove_exp,62,,False,0.058318,0.416182,0.343057
15:00|put|vixmove_fixed,42,,False,0.066110,0.449033,0.385815
15:00|put|vixmove_exp,58,,False,0.051165,0.395600,0.324185
15:00|put|mag,189,0.362250,False,0.024601,0.205192,0.122904
15:30|put|vixmove_fixed,43,,False,0.032360,0.365968,0.307394
15:30|both|mag,371,0.478500,False,0.003287,0.056561,0.019401
15:00|both|mag,371,0.492750,False,0.001159,0.051530,0.017272
15:00|put|vixmove_lit,103,0.182750,False,0.079025,0.471729,0.371744
15:00|both|vixmove_lit,255,0.133500,False,0.099945,0.590412,0.427236
15:30|put|vixmove_lit,106,0.100250,False,0.080550,0.478516,0.380863
15:30|both|vixmove_lit,257,0.099750,False,0.085477,0.496706,0.338665
