year,mean,pct_positive,worst,n
2000,0.3518,55.3785,-11.3147,251
2001,5.2967,77.4194,-12.3160,248
2002,1.8880,66.6667,-17.8975,252
2003,6.7431,100.0000,2.6966,252
2004,4.3559,96.0317,-1.8070,252
2005,2.6458,85.3175,-4.2359,252
2006,3.2516,89.6414,-3.6978,251
2007,1.8414,67.7291,-10.2784,251
2008,-2.4882,60.0791,-57.8073,253
2009,7.9789,96.4286,-4.3774,252
2010,6.2509,84.5238,-13.8278,252
2011,2.9623,84.5238,-32.1457,252
2012,4.6793,98.4000,-0.5779,250
2013,3.4038,83.3333,-3.5206,252
2014,3.1829,76.1905,-6.5832,252
2015,1.7048,75.3968,-18.8624,252
2016,4.4540,84.5238,-6.1864,252
2017,4.3754,99.2032,-0.1831,251
2018,0.5025,59.3625,-15.6657,251
2019,4.2461,82.5397,-11.0808,252
2020,2.5686,73.9130,-72.1119,253
2021,6.8317,94.8413,-2.6622,252
2022,1.6598,61.7530,-14.1138,251
2023,4.3112,99.6000,-0.1211,250
2024,3.1735,81.3492,-9.1808,252
2025,3.2265,84.4000,-35.2285,250
2026,4.4419,100.0000,1.0783,33
ALL 2000-2026,3.4420,81.5705,-72.1119,6571
